relpath	collection	family	format	nvars	class	copied	bytes
evalgm/CFN/Auction/cat_paths_60_100_0000.wcsp	evalgm	Auction	wcsp	101	boolean	yes	35667
evalgm/CFN/Auction/cat_paths_60_100_0001.wcsp	evalgm	Auction	wcsp	103	boolean	yes	39133
evalgm/CFN/Auction/cat_paths_60_100_0002.wcsp	evalgm	Auction	wcsp	102	boolean	yes	35461
evalgm/CFN/Auction/cat_paths_60_100_0003.wcsp	evalgm	Auction	wcsp	100	boolean	yes	40758
evalgm/CFN/Auction/cat_paths_60_100_0004.wcsp	evalgm	Auction	wcsp	101	boolean	yes	42554
evalgm/CFN/Auction/cat_paths_60_100_0005.wcsp	evalgm	Auction	wcsp	100	boolean	yes	33976
evalgm/CFN/Auction/cat_paths_60_100_0006.wcsp	evalgm	Auction	wcsp	102	boolean	yes	45324
evalgm/CFN/Auction/cat_paths_60_100_0007.wcsp	evalgm	Auction	wcsp	100	boolean	yes	38522
evalgm/CFN/Auction/cat_paths_60_110_0000.wcsp	evalgm	Auction	wcsp	110	boolean	yes	39476
evalgm/CFN/Auction/cat_paths_60_110_0001.wcsp	evalgm	Auction	wcsp	113	boolean	yes	60332
evalgm/CFN/Auction/cat_paths_60_110_0002.wcsp	evalgm	Auction	wcsp	110	boolean	yes	42274
evalgm/CFN/Auction/cat_paths_60_110_0003.wcsp	evalgm	Auction	wcsp	110	boolean	yes	40118
evalgm/CFN/Auction/cat_paths_60_110_0004.wcsp	evalgm	Auction	wcsp	110	boolean	yes	35106
evalgm/CFN/Auction/cat_paths_60_110_0005.wcsp	evalgm	Auction	wcsp	113	boolean	yes	69728
evalgm/CFN/Auction/cat_paths_60_110_0006.wcsp	evalgm	Auction	wcsp	110	boolean	yes	44502
evalgm/CFN/Auction/cat_paths_60_110_0007.wcsp	evalgm	Auction	wcsp	113	boolean	yes	42957
evalgm/CFN/Auction/cat_paths_60_120_0000.wcsp	evalgm	Auction	wcsp	123	boolean	yes	47585
evalgm/CFN/Auction/cat_paths_60_120_0001.wcsp	evalgm	Auction	wcsp	122	boolean	yes	63819
evalgm/CFN/Auction/cat_paths_60_120_0002.wcsp	evalgm	Auction	wcsp	120	boolean	yes	57861
evalgm/CFN/Auction/cat_paths_60_120_0003.wcsp	evalgm	Auction	wcsp	120	boolean	yes	60689
evalgm/CFN/Auction/cat_paths_60_120_0004.wcsp	evalgm	Auction	wcsp	121	boolean	yes	53056
evalgm/CFN/Auction/cat_paths_60_120_0005.wcsp	evalgm	Auction	wcsp	120	boolean	yes	40509
evalgm/CFN/Auction/cat_paths_60_120_0006.wcsp	evalgm	Auction	wcsp	123	boolean	yes	60529
evalgm/CFN/Auction/cat_paths_60_120_0007.wcsp	evalgm	Auction	wcsp	120	boolean	yes	39761
evalgm/CFN/Auction/cat_paths_60_130_0000.wcsp	evalgm	Auction	wcsp	130	boolean	yes	76272
evalgm/CFN/Auction/cat_paths_60_130_0001.wcsp	evalgm	Auction	wcsp	131	boolean	yes	75009
evalgm/CFN/Auction/cat_paths_60_130_0002.wcsp	evalgm	Auction	wcsp	134	boolean	yes	57993
evalgm/CFN/Auction/cat_paths_60_130_0003.wcsp	evalgm	Auction	wcsp	132	boolean	yes	71187
evalgm/CFN/Auction/cat_paths_60_130_0004.wcsp	evalgm	Auction	wcsp	130	boolean	yes	64948
evalgm/CFN/Auction/cat_paths_60_130_0005.wcsp	evalgm	Auction	wcsp	130	boolean	yes	46033
evalgm/CFN/Auction/cat_paths_60_130_0006.wcsp	evalgm	Auction	wcsp	131	boolean	yes	59435
evalgm/CFN/Auction/cat_paths_60_130_0007.wcsp	evalgm	Auction	wcsp	131	boolean	yes	68662
evalgm/CFN/Auction/cat_paths_60_140_0000.wcsp	evalgm	Auction	wcsp	141	boolean	yes	86320
evalgm/CFN/Auction/cat_paths_60_140_0001.wcsp	evalgm	Auction	wcsp	143	boolean	yes	81726
evalgm/CFN/Auction/cat_paths_60_140_0002.wcsp	evalgm	Auction	wcsp	141	boolean	yes	73713
evalgm/CFN/Auction/cat_paths_60_140_0003.wcsp	evalgm	Auction	wcsp	144	boolean	yes	79063
evalgm/CFN/Auction/cat_paths_60_140_0004.wcsp	evalgm	Auction	wcsp	144	boolean	yes	86105
evalgm/CFN/Auction/cat_paths_60_140_0005.wcsp	evalgm	Auction	wcsp	141	boolean	yes	79091
evalgm/CFN/Auction/cat_paths_60_140_0006.wcsp	evalgm	Auction	wcsp	141	boolean	yes	87774
evalgm/CFN/Auction/cat_paths_60_140_0007.wcsp	evalgm	Auction	wcsp	142	boolean	yes	66444
evalgm/CFN/Auction/cat_paths_60_150_0000.wcsp	evalgm	Auction	wcsp	150	boolean	yes	82792
evalgm/CFN/Auction/cat_paths_60_150_0001.wcsp	evalgm	Auction	wcsp	150	boolean	yes	99895
evalgm/CFN/Auction/cat_paths_60_150_0002.wcsp	evalgm	Auction	wcsp	150	boolean	yes	84986
evalgm/CFN/Auction/cat_paths_60_150_0003.wcsp	evalgm	Auction	wcsp	151	boolean	yes	82050
evalgm/CFN/Auction/cat_paths_60_150_0004.wcsp	evalgm	Auction	wcsp	152	boolean	yes	68665
evalgm/CFN/Auction/cat_paths_60_150_0005.wcsp	evalgm	Auction	wcsp	150	boolean	yes	89864
evalgm/CFN/Auction/cat_paths_60_150_0006.wcsp	evalgm	Auction	wcsp	154	boolean	yes	108940
evalgm/CFN/Auction/cat_paths_60_150_0007.wcsp	evalgm	Auction	wcsp	153	boolean	yes	101094
evalgm/CFN/Auction/cat_paths_60_160_0000.wcsp	evalgm	Auction	wcsp	160	boolean	yes	93158
evalgm/CFN/Auction/cat_paths_60_160_0001.wcsp	evalgm	Auction	wcsp	161	boolean	yes	96599
evalgm/CFN/Auction/cat_paths_60_160_0002.wcsp	evalgm	Auction	wcsp	162	boolean	yes	92479
evalgm/CFN/Auction/cat_paths_60_160_0003.wcsp	evalgm	Auction	wcsp	161	boolean	yes	98206
evalgm/CFN/Auction/cat_paths_60_160_0004.wcsp	evalgm	Auction	wcsp	160	boolean	yes	117938
evalgm/CFN/Auction/cat_paths_60_160_0005.wcsp	evalgm	Auction	wcsp	163	boolean	yes	92844
evalgm/CFN/Auction/cat_paths_60_160_0006.wcsp	evalgm	Auction	wcsp	164	boolean	yes	89098
evalgm/CFN/Auction/cat_paths_60_160_0007.wcsp	evalgm	Auction	wcsp	161	boolean	yes	88624
evalgm/CFN/Auction/cat_paths_60_170_0000.wcsp	evalgm	Auction	wcsp	170	boolean	yes	114192
evalgm/CFN/Auction/cat_paths_60_170_0003.wcsp	evalgm	Auction	wcsp	171	boolean	yes	123253
evalgm/CFN/Auction/cat_paths_60_170_0004.wcsp	evalgm	Auction	wcsp	171	boolean	yes	103301
evalgm/CFN/Auction/cat_paths_60_170_0005.wcsp	evalgm	Auction	wcsp	172	boolean	yes	84531
evalgm/CFN/Auction/cat_paths_60_170_0006.wcsp	evalgm	Auction	wcsp	171	boolean	yes	123043
evalgm/CFN/Auction/cat_paths_60_170_0007.wcsp	evalgm	Auction	wcsp	171	boolean	yes	115202
evalgm/CFN/Auction/cat_paths_60_70_0000.wcsp	evalgm	Auction	wcsp	70	boolean	yes	22818
evalgm/CFN/Auction/cat_paths_60_70_0001.wcsp	evalgm	Auction	wcsp	73	boolean	yes	14754
evalgm/CFN/Auction/cat_paths_60_70_0002.wcsp	evalgm	Auction	wcsp	70	boolean	yes	23248
evalgm/CFN/Auction/cat_paths_60_70_0003.wcsp	evalgm	Auction	wcsp	70	boolean	yes	20436
evalgm/CFN/Auction/cat_paths_60_70_0004.wcsp	evalgm	Auction	wcsp	70	boolean	yes	16557
evalgm/CFN/Auction/cat_paths_60_70_0005.wcsp	evalgm	Auction	wcsp	72	boolean	yes	22964
evalgm/CFN/Auction/cat_paths_60_70_0006.wcsp	evalgm	Auction	wcsp	71	boolean	yes	21422
evalgm/CFN/Auction/cat_paths_60_70_0007.wcsp	evalgm	Auction	wcsp	74	boolean	yes	20842
evalgm/CFN/Auction/cat_paths_60_80_0000.wcsp	evalgm	Auction	wcsp	80	boolean	yes	26492
evalgm/CFN/Auction/cat_paths_60_80_0001.wcsp	evalgm	Auction	wcsp	81	boolean	yes	23198
evalgm/CFN/Auction/cat_paths_60_80_0002.wcsp	evalgm	Auction	wcsp	81	boolean	yes	20800
evalgm/CFN/Auction/cat_paths_60_80_0003.wcsp	evalgm	Auction	wcsp	80	boolean	yes	23280
evalgm/CFN/Auction/cat_paths_60_80_0004.wcsp	evalgm	Auction	wcsp	80	boolean	yes	25789
evalgm/CFN/Auction/cat_paths_60_80_0005.wcsp	evalgm	Auction	wcsp	84	boolean	yes	36334
evalgm/CFN/Auction/cat_paths_60_80_0006.wcsp	evalgm	Auction	wcsp	82	boolean	yes	23974
evalgm/CFN/Auction/cat_paths_60_80_0007.wcsp	evalgm	Auction	wcsp	81	boolean	yes	25959
evalgm/CFN/Auction/cat_paths_60_90_0000.wcsp	evalgm	Auction	wcsp	90	boolean	yes	30226
evalgm/CFN/Auction/cat_paths_60_90_0001.wcsp	evalgm	Auction	wcsp	93	boolean	yes	30077
evalgm/CFN/Auction/cat_paths_60_90_0002.wcsp	evalgm	Auction	wcsp	93	boolean	yes	44047
evalgm/CFN/Auction/cat_paths_60_90_0003.wcsp	evalgm	Auction	wcsp	92	boolean	yes	28823
evalgm/CFN/Auction/cat_paths_60_90_0004.wcsp	evalgm	Auction	wcsp	91	boolean	yes	25037
evalgm/CFN/Auction/cat_paths_60_90_0005.wcsp	evalgm	Auction	wcsp	93	boolean	yes	28878
evalgm/CFN/Auction/cat_paths_60_90_0006.wcsp	evalgm	Auction	wcsp	90	boolean	yes	31653
evalgm/CFN/Auction/cat_paths_60_90_0007.wcsp	evalgm	Auction	wcsp	91	boolean	yes	29598
evalgm/CFN/Auction/cat_sched_60_100_0000.wcsp	evalgm	Auction	wcsp	149	boolean	yes	226733
evalgm/CFN/Auction/cat_sched_60_100_0001.wcsp	evalgm	Auction	wcsp	111	boolean	yes	143047
evalgm/CFN/Auction/cat_sched_60_100_0002.wcsp	evalgm	Auction	wcsp	111	boolean	yes	150104
evalgm/CFN/Auction/cat_sched_60_100_0003.wcsp	evalgm	Auction	wcsp	127	boolean	yes	147836
evalgm/CFN/Auction/cat_sched_60_100_0004.wcsp	evalgm	Auction	wcsp	107	boolean	yes	137120
evalgm/CFN/Auction/cat_sched_60_100_0005.wcsp	evalgm	Auction	wcsp	113	boolean	yes	118169
evalgm/CFN/Auction/cat_sched_60_110_0000.wcsp	evalgm	Auction	wcsp	159	boolean	yes	246127
evalgm/CFN/Auction/cat_sched_60_110_0001.wcsp	evalgm	Auction	wcsp	144	boolean	yes	221015
evalgm/CFN/Auction/cat_sched_60_110_0002.wcsp	evalgm	Auction	wcsp	131	boolean	yes	172695
evalgm/CFN/Auction/cat_sched_60_110_0003.wcsp	evalgm	Auction	wcsp	136	boolean	yes	176474
evalgm/CFN/Auction/cat_sched_60_110_0004.wcsp	evalgm	Auction	wcsp	129	boolean	yes	152228
evalgm/CFN/Auction/cat_sched_60_110_0005.wcsp	evalgm	Auction	wcsp	124	boolean	yes	159920
evalgm/CFN/Auction/cat_sched_60_120_0000.wcsp	evalgm	Auction	wcsp	166	boolean	yes	250036
evalgm/CFN/Auction/cat_sched_60_120_0001.wcsp	evalgm	Auction	wcsp	177	boolean	yes	263074
evalgm/CFN/Auction/cat_sched_60_120_0002.wcsp	evalgm	Auction	wcsp	152	boolean	yes	218945
evalgm/CFN/Auction/cat_sched_60_120_0003.wcsp	evalgm	Auction	wcsp	158	boolean	yes	236519
evalgm/CFN/Auction/cat_sched_60_120_0004.wcsp	evalgm	Auction	wcsp	163	boolean	yes	257561
evalgm/CFN/Auction/cat_sched_60_120_0005.wcsp	evalgm	Auction	wcsp	148	boolean	yes	204495
evalgm/CFN/Auction/cat_sched_60_130_0000.wcsp	evalgm	Auction	wcsp	163	boolean	yes	247279
evalgm/CFN/Auction/cat_sched_60_130_0001.wcsp	evalgm	Auction	wcsp	148	boolean	yes	187875
evalgm/CFN/Auction/cat_sched_60_130_0002.wcsp	evalgm	Auction	wcsp	168	boolean	yes	232128
evalgm/CFN/Auction/cat_sched_60_130_0003.wcsp	evalgm	Auction	wcsp	142	boolean	yes	204601
evalgm/CFN/Auction/cat_sched_60_130_0004.wcsp	evalgm	Auction	wcsp	165	boolean	yes	255302
evalgm/CFN/Auction/cat_sched_60_130_0005.wcsp	evalgm	Auction	wcsp	144	boolean	yes	199178
evalgm/CFN/Auction/cat_sched_60_140_0000.wcsp	evalgm	Auction	wcsp	166	boolean	yes	247953
evalgm/CFN/Auction/cat_sched_60_140_0001.wcsp	evalgm	Auction	wcsp	171	boolean	yes	301250
evalgm/CFN/Auction/cat_sched_60_140_0002.wcsp	evalgm	Auction	wcsp	196	boolean	yes	266107
evalgm/CFN/Auction/cat_sched_60_140_0003.wcsp	evalgm	Auction	wcsp	167	boolean	yes	250343
evalgm/CFN/Auction/cat_sched_60_140_0004.wcsp	evalgm	Auction	wcsp	198	boolean	yes	265444
evalgm/CFN/Auction/cat_sched_60_140_0005.wcsp	evalgm	Auction	wcsp	166	boolean	yes	242246
evalgm/CFN/Auction/cat_sched_60_150_0000.wcsp	evalgm	Auction	wcsp	159	boolean	yes	260609
evalgm/CFN/Auction/cat_sched_60_150_0001.wcsp	evalgm	Auction	wcsp	172	boolean	yes	257085
evalgm/CFN/Auction/cat_sched_60_150_0002.wcsp	evalgm	Auction	wcsp	153	boolean	yes	190681
evalgm/CFN/Auction/cat_sched_60_150_0003.wcsp	evalgm	Auction	wcsp	160	boolean	yes	197099
evalgm/CFN/Auction/cat_sched_60_150_0004.wcsp	evalgm	Auction	wcsp	158	boolean	yes	261844
evalgm/CFN/Auction/cat_sched_60_150_0005.wcsp	evalgm	Auction	wcsp	202	boolean	yes	348201
evalgm/CFN/Auction/cat_sched_60_160_0000.wcsp	evalgm	Auction	wcsp	160	boolean	yes	213232
evalgm/CFN/Auction/cat_sched_60_160_0001.wcsp	evalgm	Auction	wcsp	187	boolean	yes	268804
evalgm/CFN/Auction/cat_sched_60_160_0002.wcsp	evalgm	Auction	wcsp	183	boolean	yes	319922
evalgm/CFN/Auction/cat_sched_60_160_0003.wcsp	evalgm	Auction	wcsp	161	boolean	yes	247235
evalgm/CFN/Auction/cat_sched_60_160_0004.wcsp	evalgm	Auction	wcsp	171	boolean	yes	251608
evalgm/CFN/Auction/cat_sched_60_160_0005.wcsp	evalgm	Auction	wcsp	162	boolean	yes	230866
evalgm/CFN/Auction/cat_sched_60_170_0000.wcsp	evalgm	Auction	wcsp	179	boolean	yes	275216
evalgm/CFN/Auction/cat_sched_60_170_0001.wcsp	evalgm	Auction	wcsp	208	boolean	yes	291387
evalgm/CFN/Auction/cat_sched_60_170_0002.wcsp	evalgm	Auction	wcsp	181	boolean	yes	243137
evalgm/CFN/Auction/cat_sched_60_170_0003.wcsp	evalgm	Auction	wcsp	198	boolean	yes	330439
evalgm/CFN/Auction/cat_sched_60_170_0004.wcsp	evalgm	Auction	wcsp	172	boolean	yes	240966
evalgm/CFN/Auction/cat_sched_60_170_0005.wcsp	evalgm	Auction	wcsp	218	boolean	yes	412030
evalgm/CFN/Auction/cat_sched_60_180_0000.wcsp	evalgm	Auction	wcsp	196	boolean	yes	305450
evalgm/CFN/Auction/cat_sched_60_180_0001.wcsp	evalgm	Auction	wcsp	186	boolean	yes	321415
evalgm/CFN/Auction/cat_sched_60_180_0002.wcsp	evalgm	Auction	wcsp	219	boolean	yes	347170
evalgm/CFN/Auction/cat_sched_60_180_0003.wcsp	evalgm	Auction	wcsp	207	boolean	yes	338849
evalgm/CFN/Auction/cat_sched_60_180_0004.wcsp	evalgm	Auction	wcsp	218	boolean	yes	300483
evalgm/CFN/Auction/cat_sched_60_180_0005.wcsp	evalgm	Auction	wcsp	210	boolean	yes	343477
evalgm/CFN/Auction/cat_sched_60_190_0000.wcsp	evalgm	Auction	wcsp	215	boolean	yes	366249
evalgm/CFN/Auction/cat_sched_60_190_0001.wcsp	evalgm	Auction	wcsp	216	boolean	yes	308025
evalgm/CFN/Auction/cat_sched_60_190_0002.wcsp	evalgm	Auction	wcsp	240	boolean	yes	400306
evalgm/CFN/Auction/cat_sched_60_190_0003.wcsp	evalgm	Auction	wcsp	192	boolean	yes	263630
evalgm/CFN/Auction/cat_sched_60_190_0004.wcsp	evalgm	Auction	wcsp	227	boolean	yes	386320
evalgm/CFN/Auction/cat_sched_60_190_0005.wcsp	evalgm	Auction	wcsp	228	boolean	yes	328759
evalgm/CFN/Auction/cat_sched_60_200_0000.wcsp	evalgm	Auction	wcsp	246	boolean	yes	481568
evalgm/CFN/Auction/cat_sched_60_200_0001.wcsp	evalgm	Auction	wcsp	202	boolean	yes	269006
evalgm/CFN/Auction/cat_sched_60_200_0002.wcsp	evalgm	Auction	wcsp	217	boolean	yes	395412
evalgm/CFN/Auction/cat_sched_60_200_0003.wcsp	evalgm	Auction	wcsp	205	boolean	yes	387438
evalgm/CFN/Auction/cat_sched_60_200_0004.wcsp	evalgm	Auction	wcsp	234	boolean	yes	403982
evalgm/CFN/Auction/cat_sched_60_200_0005.wcsp	evalgm	Auction	wcsp	212	boolean	yes	350420
evalgm/CFN/Auction/cat_sched_60_70_0000.wcsp	evalgm	Auction	wcsp	99	boolean	yes	115766
evalgm/CFN/Auction/cat_sched_60_70_0001.wcsp	evalgm	Auction	wcsp	94	boolean	yes	108712
evalgm/CFN/Auction/cat_sched_60_70_0002.wcsp	evalgm	Auction	wcsp	119	boolean	yes	131251
evalgm/CFN/Auction/cat_sched_60_70_0003.wcsp	evalgm	Auction	wcsp	86	boolean	yes	91949
evalgm/CFN/Auction/cat_sched_60_70_0004.wcsp	evalgm	Auction	wcsp	102	boolean	yes	121083
evalgm/CFN/Auction/cat_sched_60_70_0005.wcsp	evalgm	Auction	wcsp	104	boolean	yes	138978
evalgm/CFN/Auction/cat_sched_60_80_0000.wcsp	evalgm	Auction	wcsp	113	boolean	yes	143789
evalgm/CFN/Auction/cat_sched_60_80_0001.wcsp	evalgm	Auction	wcsp	92	boolean	yes	89941
evalgm/CFN/Auction/cat_sched_60_80_0002.wcsp	evalgm	Auction	wcsp	125	boolean	yes	150976
evalgm/CFN/Auction/cat_sched_60_80_0003.wcsp	evalgm	Auction	wcsp	113	boolean	yes	125826
evalgm/CFN/Auction/cat_sched_60_80_0004.wcsp	evalgm	Auction	wcsp	114	boolean	yes	139681
evalgm/CFN/Auction/cat_sched_60_80_0005.wcsp	evalgm	Auction	wcsp	105	boolean	yes	122748
evalgm/CFN/Auction/cat_sched_60_90_0000.wcsp	evalgm	Auction	wcsp	93	boolean	yes	108978
evalgm/CFN/Auction/cat_sched_60_90_0001.wcsp	evalgm	Auction	wcsp	102	boolean	yes	132368
evalgm/CFN/Auction/cat_sched_60_90_0002.wcsp	evalgm	Auction	wcsp	102	boolean	yes	130440
evalgm/CFN/Auction/cat_sched_60_90_0003.wcsp	evalgm	Auction	wcsp	101	boolean	yes	113744
evalgm/CFN/Auction/cat_sched_60_90_0004.wcsp	evalgm	Auction	wcsp	101	boolean	yes	136769
evalgm/CFN/Auction/cat_sched_60_90_0005.wcsp	evalgm	Auction	wcsp	99	boolean	yes	110018
evalgm/CFN/CELAR/CELAR6-SUB0_r.wcsp	evalgm	CELAR	wcsp	16	multi	no	813245
evalgm/CFN/CELAR/CELAR6-SUB1_r.wcsp	evalgm	CELAR	wcsp	14	multi	no	1286585
evalgm/CFN/CELAR/CELAR6-SUB2_r.wcsp	evalgm	CELAR	wcsp	16	multi	no	1478111
evalgm/CFN/CELAR/CELAR6-SUB3_r.wcsp	evalgm	CELAR	wcsp	18	multi	no	1747936
evalgm/CFN/CELAR/CELAR6-SUB4_r.wcsp	evalgm	CELAR	wcsp	22	multi	no	2072197
evalgm/CFN/CELAR/CELAR7-SUB1_r.wcsp	evalgm	CELAR	wcsp	14	multi	no	1468140
evalgm/CFN/CELAR/CELAR7-SUB2_r.wcsp	evalgm	CELAR	wcsp	16	multi	no	1695150
evalgm/CFN/CELAR/CELAR7-SUB3_r.wcsp	evalgm	CELAR	wcsp	18	multi	no	2007769
evalgm/CFN/CELAR/CELAR7-SUB4_r.wcsp	evalgm	CELAR	wcsp	22	multi	no	2371802
evalgm/CFN/CELAR/graph05_r.wcsp	evalgm	CELAR	wcsp	100	multi	no	4859870
evalgm/CFN/CELAR/graph06_r.wcsp	evalgm	CELAR	wcsp	200	multi	no	10206864
evalgm/CFN/CELAR/graph11_r.wcsp	evalgm	CELAR	wcsp	340	multi	no	17322870
evalgm/CFN/CELAR/graph13_r.wcsp	evalgm	CELAR	wcsp	458	multi	no	24071060
evalgm/CFN/CELAR/scen06_r.wcsp	evalgm	CELAR	wcsp	100	multi	no	5085365
evalgm/CFN/CELAR/scen07_r.wcsp	evalgm	CELAR	wcsp	200	multi	no	13049064
evalgm/CFN/CELAR/scen08_r.wcsp	evalgm	CELAR	wcsp	458	multi	no	18998504
evalgm/CFN/Pedigree/berrichon1.wcsp	evalgm	Pedigree	wcsp	10017	multi	no	90117477
evalgm/CFN/Pedigree/langlade3.wcsp	evalgm	Pedigree	wcsp	1258	multi	no	37509523
evalgm/CFN/Pedigree/langladeM2.wcsp	evalgm	Pedigree	wcsp	1348	multi	no	11362124
evalgm/CFN/Pedigree/langladeM4.wcsp	evalgm	Pedigree	wcsp	1392	multi	no	11796851
evalgm/CFN/Pedigree/langladeM7.wcsp	evalgm	Pedigree	wcsp	1357	multi	no	2453369
evalgm/CFN/Pedigree/langladeM9.wcsp	evalgm	Pedigree	wcsp	1223	multi	no	37869493
evalgm/CFN/Pedigree/moissac1.wcsp	evalgm	Pedigree	wcsp	260	multi	no	53925
evalgm/CFN/Pedigree/moissac2.wcsp	evalgm	Pedigree	wcsp	244	multi	no	43488098
evalgm/CFN/Pedigree/moissac3.wcsp	evalgm	Pedigree	wcsp	225	multi	no	323839
evalgm/CFN/Pedigree/moissac4.wcsp	evalgm	Pedigree	wcsp	256	multi	no	52792
evalgm/CFN/ProteinDesign/1CM1.17p.19aa.usingEref_self_digit2.wcsp	evalgm	ProteinDesign	wcsp	17	multi	no	75367870
evalgm/CFN/ProteinDesign/1HZ5.12p.19aa.usingEref_self_digit2.wcsp	evalgm	ProteinDesign	wcsp	12	multi	no	35954468
evalgm/CFN/ProteinDesign/1HZ5.12p.9aa.usingEref_self_digit2.wcsp	evalgm	ProteinDesign	wcsp	12	multi	no	1929189
evalgm/CFN/ProteinDesign/1PGB.11p.19aa.usingEref_self_digit2.wcsp	evalgm	ProteinDesign	wcsp	11	multi	no	28704321
evalgm/CFN/ProteinDesign/1PGB.11p.9aa.usingEref_self_digit2.wcsp	evalgm	ProteinDesign	wcsp	11	multi	no	1557143
evalgm/CFN/ProteinDesign/1UBI.13p.19aa.usingEref_self_digit2.wcsp	evalgm	ProteinDesign	wcsp	13	multi	no	40485530
evalgm/CFN/ProteinDesign/1UBI.13p.9aa.usingEref_self_digit2.wcsp	evalgm	ProteinDesign	wcsp	13	multi	no	2226864
evalgm/CFN/ProteinDesign/2DHC.14p.19aa.usingEref_self_digit2.wcsp	evalgm	ProteinDesign	wcsp	14	multi	no	49993575
evalgm/CFN/ProteinDesign/2PCY.18p.8aa.usingEref_self_digit2.wcsp	evalgm	ProteinDesign	wcsp	18	multi	no	4314647
evalgm/CFN/ProteinDesign/2TRX.11p.8aa.usingEref_self_digit2.wcsp	evalgm	ProteinDesign	wcsp	11	multi	no	1504712
evalgm/CFN/SPOT5/1401.wcsp	evalgm	SPOT5	wcsp	488	multi	no	333987
evalgm/CFN/SPOT5/1403.wcsp	evalgm	SPOT5	wcsp	665	multi	no	421964
evalgm/CFN/SPOT5/1405.wcsp	evalgm	SPOT5	wcsp	855	multi	no	604433
evalgm/CFN/SPOT5/1407.wcsp	evalgm	SPOT5	wcsp	1057	multi	no	739152
evalgm/CFN/SPOT5/1502.wcsp	evalgm	SPOT5	wcsp	209	multi	no	9568
evalgm/CFN/SPOT5/1504.wcsp	evalgm	SPOT5	wcsp	605	multi	no	130277
evalgm/CFN/SPOT5/1506.wcsp	evalgm	SPOT5	wcsp	940	multi	no	505106
evalgm/CFN/SPOT5/28.wcsp	evalgm	SPOT5	wcsp	230	multi	no	148504
evalgm/CFN/SPOT5/29.wcsp	evalgm	SPOT5	wcsp	82	multi	no	11882
evalgm/CFN/SPOT5/404.wcsp	evalgm	SPOT5	wcsp	100	multi	no	16353
evalgm/CFN/SPOT5/408.wcsp	evalgm	SPOT5	wcsp	200	multi	no	58625
evalgm/CFN/SPOT5/412.wcsp	evalgm	SPOT5	wcsp	300	multi	no	131766
evalgm/CFN/SPOT5/414.wcsp	evalgm	SPOT5	wcsp	364	multi	no	310561
evalgm/CFN/SPOT5/42.wcsp	evalgm	SPOT5	wcsp	190	multi	no	38982
evalgm/CFN/SPOT5/503.wcsp	evalgm	SPOT5	wcsp	143	multi	no	16859
evalgm/CFN/SPOT5/505.wcsp	evalgm	SPOT5	wcsp	240	multi	no	65523
evalgm/CFN/SPOT5/507.wcsp	evalgm	SPOT5	wcsp	311	multi	no	171350
evalgm/CFN/SPOT5/509.wcsp	evalgm	SPOT5	wcsp	348	multi	no	262185
evalgm/CFN/SPOT5/54.wcsp	evalgm	SPOT5	wcsp	67	multi	no	6850
evalgm/CFN/SPOT5/5.wcsp	evalgm	SPOT5	wcsp	309	multi	no	193440
evalgm/CFN/Warehouse/cap101.wcsp	evalgm	Warehouse	wcsp	75	multi	no	44362
evalgm/CFN/Warehouse/cap102.wcsp	evalgm	Warehouse	wcsp	75	multi	no	44386
evalgm/CFN/Warehouse/cap103.wcsp	evalgm	Warehouse	wcsp	75	multi	no	44386
evalgm/CFN/Warehouse/cap104.wcsp	evalgm	Warehouse	wcsp	75	multi	no	44386
evalgm/CFN/Warehouse/cap111.wcsp	evalgm	Warehouse	wcsp	100	multi	no	89621
evalgm/CFN/Warehouse/cap112.wcsp	evalgm	Warehouse	wcsp	100	multi	no	89670
evalgm/CFN/Warehouse/cap113.wcsp	evalgm	Warehouse	wcsp	100	multi	no	89670
evalgm/CFN/Warehouse/cap114.wcsp	evalgm	Warehouse	wcsp	100	multi	no	89670
evalgm/CFN/Warehouse/cap121.wcsp	evalgm	Warehouse	wcsp	100	multi	no	89621
evalgm/CFN/Warehouse/cap122.wcsp	evalgm	Warehouse	wcsp	100	multi	no	89670
evalgm/CFN/Warehouse/cap123.wcsp	evalgm	Warehouse	wcsp	100	multi	no	89670
evalgm/CFN/Warehouse/cap124.wcsp	evalgm	Warehouse	wcsp	100	multi	no	89670
evalgm/CFN/Warehouse/cap131.wcsp	evalgm	Warehouse	wcsp	100	multi	no	89621
evalgm/CFN/Warehouse/cap132.wcsp	evalgm	Warehouse	wcsp	100	multi	no	89670
evalgm/CFN/Warehouse/cap133.wcsp	evalgm	Warehouse	wcsp	100	multi	no	89670
evalgm/CFN/Warehouse/cap134.wcsp	evalgm	Warehouse	wcsp	100	multi	no	89670
evalgm/CFN/Warehouse/cap41.wcsp	evalgm	Warehouse	wcsp	66	multi	no	28063
evalgm/CFN/Warehouse/cap42.wcsp	evalgm	Warehouse	wcsp	66	multi	no	28078
evalgm/CFN/Warehouse/cap43.wcsp	evalgm	Warehouse	wcsp	66	multi	no	28078
evalgm/CFN/Warehouse/cap44.wcsp	evalgm	Warehouse	wcsp	66	multi	no	28078
evalgm/CFN/Warehouse/cap51.wcsp	evalgm	Warehouse	wcsp	66	multi	no	28078
evalgm/CFN/Warehouse/cap61.wcsp	evalgm	Warehouse	wcsp	66	multi	no	28063
evalgm/CFN/Warehouse/cap62.wcsp	evalgm	Warehouse	wcsp	66	multi	no	28078
evalgm/CFN/Warehouse/cap63.wcsp	evalgm	Warehouse	wcsp	66	multi	no	28078
evalgm/CFN/Warehouse/cap64.wcsp	evalgm	Warehouse	wcsp	66	multi	no	28078
evalgm/CFN/Warehouse/cap71.wcsp	evalgm	Warehouse	wcsp	66	multi	no	28063
evalgm/CFN/Warehouse/cap72.wcsp	evalgm	Warehouse	wcsp	66	multi	no	28078
evalgm/CFN/Warehouse/cap73.wcsp	evalgm	Warehouse	wcsp	66	multi	no	28078
evalgm/CFN/Warehouse/cap74.wcsp	evalgm	Warehouse	wcsp	66	multi	no	28078
evalgm/CFN/Warehouse/cap81.wcsp	evalgm	Warehouse	wcsp	75	multi	no	44362
evalgm/CFN/Warehouse/cap82.wcsp	evalgm	Warehouse	wcsp	75	multi	no	44386
evalgm/CFN/Warehouse/cap83.wcsp	evalgm	Warehouse	wcsp	75	multi	no	44386
evalgm/CFN/Warehouse/cap84.wcsp	evalgm	Warehouse	wcsp	75	multi	no	44386
evalgm/CFN/Warehouse/cap91.wcsp	evalgm	Warehouse	wcsp	75	multi	no	44362
evalgm/CFN/Warehouse/cap92.wcsp	evalgm	Warehouse	wcsp	75	multi	no	44386
evalgm/CFN/Warehouse/cap93.wcsp	evalgm	Warehouse	wcsp	75	multi	no	44386
evalgm/CFN/Warehouse/cap94.wcsp	evalgm	Warehouse	wcsp	75	multi	no	44386
evalgm/CFN/Warehouse/capa.wcsp	evalgm	Warehouse	wcsp	1100	multi	no	3673657
evalgm/CFN/Warehouse/capb.wcsp	evalgm	Warehouse	wcsp	1100	multi	no	3674806
evalgm/CFN/Warehouse/capc.wcsp	evalgm	Warehouse	wcsp	1100	multi	no	3674133
evalgm/CFN/Warehouse/capmo1.wcsp	evalgm	Warehouse	wcsp	200	multi	no	356337
evalgm/CFN/Warehouse/capmo2.wcsp	evalgm	Warehouse	wcsp	200	multi	no	357104
evalgm/CFN/Warehouse/capmo3.wcsp	evalgm	Warehouse	wcsp	200	multi	no	356042
evalgm/CFN/Warehouse/capmo4.wcsp	evalgm	Warehouse	wcsp	200	multi	no	356098
evalgm/CFN/Warehouse/capmo5.wcsp	evalgm	Warehouse	wcsp	200	multi	no	355960
evalgm/CFN/Warehouse/capmp1.wcsp	evalgm	Warehouse	wcsp	400	multi	no	1486230
evalgm/CFN/Warehouse/capmp2.wcsp	evalgm	Warehouse	wcsp	400	multi	no	1484430
evalgm/CFN/Warehouse/capmp3.wcsp	evalgm	Warehouse	wcsp	400	multi	no	1483741
evalgm/CFN/Warehouse/capmp4.wcsp	evalgm	Warehouse	wcsp	400	multi	no	1485653
evalgm/CFN/Warehouse/capmp5.wcsp	evalgm	Warehouse	wcsp	400	multi	no	1484106
evalgm/CFN/Warehouse/capmq1.wcsp	evalgm	Warehouse	wcsp	600	multi	no	3475253
evalgm/CFN/Warehouse/capmq2.wcsp	evalgm	Warehouse	wcsp	600	multi	no	3472822
evalgm/CFN/Warehouse/capmq3.wcsp	evalgm	Warehouse	wcsp	600	multi	no	3474751
evalgm/CFN/Warehouse/capmq4.wcsp	evalgm	Warehouse	wcsp	600	multi	no	3479328
evalgm/CFN/Warehouse/capmq5.wcsp	evalgm	Warehouse	wcsp	600	multi	no	3478748
evalgm/CP/AMaze/2012-03-08.wcsp	evalgm	AMaze	wcsp	1573	multi	no	4743297
evalgm/CP/AMaze/2012-03-15.wcsp	evalgm	AMaze	wcsp	1390	multi	no	6704300
evalgm/CP/AMaze/2012-03-19.wcsp	evalgm	AMaze	wcsp	842	multi	no	1019424
evalgm/CP/AMaze/2012-06-22.wcsp	evalgm	AMaze	wcsp	993	multi	no	1818603
evalgm/CP/AMaze/2012-06-29.wcsp	evalgm	AMaze	wcsp	1276	multi	no	2460801
evalgm/CP/AMaze/2012-07-04.wcsp	evalgm	AMaze	wcsp	890	multi	no	704184
evalgm/CP/FastFood/ff1.wcsp	evalgm	FastFood	wcsp	2	multi	no	388
evalgm/CP/Golomb/07.wcsp	evalgm	Golomb	wcsp	27	multi	no	80851933
evalgm/CP/Golomb/08.wcsp	evalgm	Golomb	wcsp	35	multi	no	258618179
evalgm/CP/Golomb/09.wcsp	evalgm	Golomb	wcsp	44	multi	no	710900559
evalgm/CP/OnCallRostering/10s-50d.wcsp	evalgm	OnCallRostering	wcsp	2205	multi	no	230223967
evalgm/CP/OnCallRostering/4s-10d.wcsp	evalgm	OnCallRostering	wcsp	177	multi	no	322799
evalgm/CP/OnCallRostering/4s-23d.wcsp	evalgm	OnCallRostering	wcsp	465	multi	no	4471307
evalgm/CP/ParityLearning/44_22_5.2.wcsp	evalgm	ParityLearning	wcsp	571	multi	no	1108441
evalgm/CP/ParityLearning/44_22_5.3.wcsp	evalgm	ParityLearning	wcsp	520	multi	no	859390
evalgm/CP/ParityLearning/48_24_6.1.wcsp	evalgm	ParityLearning	wcsp	640	multi	no	1286372
evalgm/CP/ParityLearning/48_24_6.2.wcsp	evalgm	ParityLearning	wcsp	651	multi	no	1373779
evalgm/CP/ParityLearning/52_26_6.1.wcsp	evalgm	ParityLearning	wcsp	735	multi	no	1687605
evalgm/CP/ParityLearning/52_26_6.2.wcsp	evalgm	ParityLearning	wcsp	740	multi	no	1682468
evalgm/CP/ParityLearning/52_26_6.3.wcsp	evalgm	ParityLearning	wcsp	759	multi	no	1860543
evalgm/CP/VRP/A-n33-k6.vrp.wcsp	evalgm	VRP	wcsp	3071	multi	no	200293076
evalgm/CP/VRP/A-n63-k10.vrp.wcsp	evalgm	VRP	wcsp	11531	multi	no	1052550913
evalgm/CP/VRP/B-n52-k7.vrp.wcsp	evalgm	VRP	wcsp	7802	multi	no	662559035
evalgm/CP/VRP/P-n16-k8.vrp.wcsp	evalgm	VRP	wcsp	674	multi	no	3375806
evalgm/CP/VRP/P-n51-k10.vrp.wcsp	evalgm	VRP	wcsp	7499	multi	no	415881901
evalgm/CVPR/ChineseChars/TST_test_0001_88_115.wcsp	evalgm	ChineseChars	wcsp	10120	boolean	yes	21706083
evalgm/CVPR/ChineseChars/TST_test_0002_88_105.wcsp	evalgm	ChineseChars	wcsp	9240	boolean	yes	19741496
evalgm/CVPR/ChineseChars/TST_test_0003_64_99.wcsp	evalgm	ChineseChars	wcsp	6336	boolean	yes	13233822
evalgm/CVPR/ChineseChars/TST_test_0004_88_97.wcsp	evalgm	ChineseChars	wcsp	8536	boolean	yes	18167561
evalgm/CVPR/ChineseChars/TST_test_0005_120_97.wcsp	evalgm	ChineseChars	wcsp	11640	boolean	yes	25212381
evalgm/CVPR/ChineseChars/TST_test_0006_112_99.wcsp	evalgm	ChineseChars	wcsp	11088	boolean	yes	23944387
evalgm/CVPR/ChineseChars/TST_test_0007_88_112.wcsp	evalgm	ChineseChars	wcsp	9856	boolean	yes	21116198
evalgm/CVPR/ChineseChars/TST_test_0008_80_102.wcsp	evalgm	ChineseChars	wcsp	8160	boolean	yes	17309645
evalgm/CVPR/ChineseChars/TST_test_0009_64_80.wcsp	evalgm	ChineseChars	wcsp	5120	boolean	yes	10572590
evalgm/CVPR/ChineseChars/TST_test_0010_80_109.wcsp	evalgm	ChineseChars	wcsp	8720	boolean	yes	18559097
evalgm/CVPR/ChineseChars/TST_test_0011_96_101.wcsp	evalgm	ChineseChars	wcsp	9696	boolean	yes	20769069
evalgm/CVPR/ChineseChars/TST_test_0012_88_103.wcsp	evalgm	ChineseChars	wcsp	9064	boolean	yes	19334344
evalgm/CVPR/ChineseChars/TST_test_0013_64_94.wcsp	evalgm	ChineseChars	wcsp	6016	boolean	yes	12531058
evalgm/CVPR/ChineseChars/TST_test_0014_72_73.wcsp	evalgm	ChineseChars	wcsp	5256	boolean	yes	10878365
evalgm/CVPR/ChineseChars/TST_test_0015_80_73.wcsp	evalgm	ChineseChars	wcsp	5840	boolean	yes	12172044
evalgm/CVPR/ChineseChars/TST_test_0016_72_83.wcsp	evalgm	ChineseChars	wcsp	5976	boolean	yes	12470865
evalgm/CVPR/ChineseChars/TST_test_0017_112_101.wcsp	evalgm	ChineseChars	wcsp	11312	boolean	yes	24460632
evalgm/CVPR/ChineseChars/TST_test_0018_80_110.wcsp	evalgm	ChineseChars	wcsp	8800	boolean	yes	18738518
evalgm/CVPR/ChineseChars/TST_test_0019_120_106.wcsp	evalgm	ChineseChars	wcsp	12720	boolean	yes	27711666
evalgm/CVPR/ChineseChars/TST_test_0020_96_94.wcsp	evalgm	ChineseChars	wcsp	9024	boolean	yes	19254060
evalgm/CVPR/ChineseChars/TST_test_0021_112_124.wcsp	evalgm	ChineseChars	wcsp	13888	boolean	yes	30431046
evalgm/CVPR/ChineseChars/TST_test_0022_80_85.wcsp	evalgm	ChineseChars	wcsp	6800	boolean	yes	14299817
evalgm/CVPR/ChineseChars/TST_test_0023_112_112.wcsp	evalgm	ChineseChars	wcsp	12544	boolean	yes	27319108
evalgm/CVPR/ChineseChars/TST_test_0024_88_126.wcsp	evalgm	ChineseChars	wcsp	11088	boolean	yes	23896509
evalgm/CVPR/ChineseChars/TST_test_0025_64_92.wcsp	evalgm	ChineseChars	wcsp	5888	boolean	yes	12249963
evalgm/CVPR/ChineseChars/TST_test_0026_56_92.wcsp	evalgm	ChineseChars	wcsp	5152	boolean	yes	10606143
evalgm/CVPR/ChineseChars/TST_test_0027_88_109.wcsp	evalgm	ChineseChars	wcsp	9592	boolean	yes	20514024
evalgm/CVPR/ChineseChars/TST_test_0028_48_105.wcsp	evalgm	ChineseChars	wcsp	5040	boolean	yes	10298076
evalgm/CVPR/ChineseChars/TST_test_0029_96_117.wcsp	evalgm	ChineseChars	wcsp	11232	boolean	yes	24266285
evalgm/CVPR/ChineseChars/TST_test_0030_112_123.wcsp	evalgm	ChineseChars	wcsp	13776	boolean	yes	30163324
evalgm/CVPR/ChineseChars/TST_test_0031_64_78.wcsp	evalgm	ChineseChars	wcsp	4992	boolean	yes	10288461
evalgm/CVPR/ChineseChars/TST_test_0032_64_89.wcsp	evalgm	ChineseChars	wcsp	5696	boolean	yes	11833339
evalgm/CVPR/ChineseChars/TST_test_0033_88_84.wcsp	evalgm	ChineseChars	wcsp	7392	boolean	yes	15612718
evalgm/CVPR/ChineseChars/TST_test_0034_112_94.wcsp	evalgm	ChineseChars	wcsp	10528	boolean	yes	22649432
evalgm/CVPR/ChineseChars/TST_test_0035_80_86.wcsp	evalgm	ChineseChars	wcsp	6880	boolean	yes	14476396
evalgm/CVPR/ChineseChars/TST_test_0036_72_114.wcsp	evalgm	ChineseChars	wcsp	8208	boolean	yes	17385833
evalgm/CVPR/ChineseChars/TST_test_0037_80_101.wcsp	evalgm	ChineseChars	wcsp	8080	boolean	yes	17132375
evalgm/CVPR/ChineseChars/TST_test_0038_96_110.wcsp	evalgm	ChineseChars	wcsp	10560	boolean	yes	22730532
evalgm/CVPR/ChineseChars/TST_test_0039_80_99.wcsp	evalgm	ChineseChars	wcsp	7920	boolean	yes	16784532
evalgm/CVPR/ChineseChars/TST_test_0040_80_93.wcsp	evalgm	ChineseChars	wcsp	7440	boolean	yes	15716217
evalgm/CVPR/ChineseChars/TST_test_0041_88_96.wcsp	evalgm	ChineseChars	wcsp	8448	boolean	yes	17969859
evalgm/CVPR/ChineseChars/TST_test_0042_72_104.wcsp	evalgm	ChineseChars	wcsp	7488	boolean	yes	15798642
evalgm/CVPR/ChineseChars/TST_test_0043_72_106.wcsp	evalgm	ChineseChars	wcsp	7632	boolean	yes	16118816
evalgm/CVPR/ChineseChars/TST_test_0044_56_93.wcsp	evalgm	ChineseChars	wcsp	5208	boolean	yes	10729401
evalgm/CVPR/ChineseChars/TST_test_0045_80_120.wcsp	evalgm	ChineseChars	wcsp	9600	boolean	yes	20513669
evalgm/CVPR/ChineseChars/TST_test_0046_96_105.wcsp	evalgm	ChineseChars	wcsp	10080	boolean	yes	21629350
evalgm/CVPR/ChineseChars/TST_test_0047_112_121.wcsp	evalgm	ChineseChars	wcsp	13552	boolean	yes	29645904
evalgm/CVPR/ChineseChars/TST_test_0048_72_98.wcsp	evalgm	ChineseChars	wcsp	7056	boolean	yes	14844932
evalgm/CVPR/ChineseChars/TST_test_0049_96_79.wcsp	evalgm	ChineseChars	wcsp	7584	boolean	yes	16035900
evalgm/CVPR/ChineseChars/TST_test_0050_88_94.wcsp	evalgm	ChineseChars	wcsp	8272	boolean	yes	17575273
evalgm/CVPR/ChineseChars/TST_test_0051_64_106.wcsp	evalgm	ChineseChars	wcsp	6784	boolean	yes	14212976
evalgm/CVPR/ChineseChars/TST_test_0052_96_107.wcsp	evalgm	ChineseChars	wcsp	10272	boolean	yes	22066044
evalgm/CVPR/ChineseChars/TST_test_0053_88_118.wcsp	evalgm	ChineseChars	wcsp	10384	boolean	yes	22300191
evalgm/CVPR/ChineseChars/TST_test_0054_88_106.wcsp	evalgm	ChineseChars	wcsp	9328	boolean	yes	19936729
evalgm/CVPR/ChineseChars/TST_test_0055_96_108.wcsp	evalgm	ChineseChars	wcsp	10368	boolean	yes	22283804
evalgm/CVPR/ChineseChars/TST_test_0056_88_112.wcsp	evalgm	ChineseChars	wcsp	9856	boolean	yes	21113791
evalgm/CVPR/ChineseChars/TST_test_0057_80_95.wcsp	evalgm	ChineseChars	wcsp	7600	boolean	yes	16077314
evalgm/CVPR/ChineseChars/TST_test_0058_144_124.wcsp	evalgm	ChineseChars	wcsp	17856	boolean	yes	39642463
evalgm/CVPR/ChineseChars/TST_test_0059_104_73.wcsp	evalgm	ChineseChars	wcsp	7592	boolean	yes	16035841
evalgm/CVPR/ChineseChars/TST_test_0060_80_111.wcsp	evalgm	ChineseChars	wcsp	8880	boolean	yes	18907140
evalgm/CVPR/ChineseChars/TST_test_0061_88_86.wcsp	evalgm	ChineseChars	wcsp	7568	boolean	yes	16011736
evalgm/CVPR/ChineseChars/TST_test_0062_88_106.wcsp	evalgm	ChineseChars	wcsp	9328	boolean	yes	19941108
evalgm/CVPR/ChineseChars/TST_test_0063_120_108.wcsp	evalgm	ChineseChars	wcsp	12960	boolean	yes	28276212
evalgm/CVPR/ChineseChars/TST_test_0064_80_103.wcsp	evalgm	ChineseChars	wcsp	8240	boolean	yes	17487731
evalgm/CVPR/ChineseChars/TST_test_0065_104_94.wcsp	evalgm	ChineseChars	wcsp	9776	boolean	yes	20942852
evalgm/CVPR/ChineseChars/TST_test_0066_96_121.wcsp	evalgm	ChineseChars	wcsp	11616	boolean	yes	25140162
evalgm/CVPR/ChineseChars/TST_test_0067_96_121.wcsp	evalgm	ChineseChars	wcsp	11616	boolean	yes	25148463
evalgm/CVPR/ChineseChars/TST_test_0068_72_94.wcsp	evalgm	ChineseChars	wcsp	6768	boolean	yes	14214672
evalgm/CVPR/ChineseChars/TST_test_0069_96_109.wcsp	evalgm	ChineseChars	wcsp	10464	boolean	yes	22505770
evalgm/CVPR/ChineseChars/TST_test_0070_88_96.wcsp	evalgm	ChineseChars	wcsp	8448	boolean	yes	17969167
evalgm/CVPR/ChineseChars/TST_test_0071_72_94.wcsp	evalgm	ChineseChars	wcsp	6768	boolean	yes	14214513
evalgm/CVPR/ChineseChars/TST_test_0072_96_113.wcsp	evalgm	ChineseChars	wcsp	10848	boolean	yes	23386629
evalgm/CVPR/ChineseChars/TST_test_0073_128_113.wcsp	evalgm	ChineseChars	wcsp	14464	boolean	yes	31763422
evalgm/CVPR/ChineseChars/TST_test_0074_96_107.wcsp	evalgm	ChineseChars	wcsp	10272	boolean	yes	22065654
evalgm/CVPR/ChineseChars/TST_test_0075_88_92.wcsp	evalgm	ChineseChars	wcsp	8096	boolean	yes	17189718
evalgm/CVPR/ChineseChars/TST_test_0076_80_93.wcsp	evalgm	ChineseChars	wcsp	7440	boolean	yes	15723396
evalgm/CVPR/ChineseChars/TST_test_0077_96_95.wcsp	evalgm	ChineseChars	wcsp	9120	boolean	yes	19472429
evalgm/CVPR/ChineseChars/TST_test_0078_72_108.wcsp	evalgm	ChineseChars	wcsp	7776	boolean	yes	16438330
evalgm/CVPR/ChineseChars/TST_test_0079_88_81.wcsp	evalgm	ChineseChars	wcsp	7128	boolean	yes	15022766
evalgm/CVPR/ChineseChars/TST_test_0080_104_107.wcsp	evalgm	ChineseChars	wcsp	11128	boolean	yes	24040986
evalgm/CVPR/ChineseChars/TST_test_0081_112_96.wcsp	evalgm	ChineseChars	wcsp	10752	boolean	yes	23165761
evalgm/CVPR/ChineseChars/TST_test_0082_96_106.wcsp	evalgm	ChineseChars	wcsp	10176	boolean	yes	21843546
evalgm/CVPR/ChineseChars/TST_test_0083_72_105.wcsp	evalgm	ChineseChars	wcsp	7560	boolean	yes	15960012
evalgm/CVPR/ChineseChars/TST_test_0084_120_115.wcsp	evalgm	ChineseChars	wcsp	13800	boolean	yes	30229762
evalgm/CVPR/ChineseChars/TST_test_0085_64_126.wcsp	evalgm	ChineseChars	wcsp	8064	boolean	yes	17020471
evalgm/CVPR/ChineseChars/TST_test_0086_80_112.wcsp	evalgm	ChineseChars	wcsp	8960	boolean	yes	19082278
evalgm/CVPR/ChineseChars/TST_test_0087_88_124.wcsp	evalgm	ChineseChars	wcsp	10912	boolean	yes	23507426
evalgm/CVPR/ChineseChars/TST_test_0088_104_107.wcsp	evalgm	ChineseChars	wcsp	11128	boolean	yes	24040840
evalgm/CVPR/ChineseChars/TST_test_0089_72_92.wcsp	evalgm	ChineseChars	wcsp	6624	boolean	yes	13899649
evalgm/CVPR/ChineseChars/TST_test_0090_104_116.wcsp	evalgm	ChineseChars	wcsp	12064	boolean	yes	26194519
evalgm/CVPR/ChineseChars/TST_test_0091_136_95.wcsp	evalgm	ChineseChars	wcsp	12920	boolean	yes	28151202
evalgm/CVPR/ChineseChars/TST_test_0092_96_111.wcsp	evalgm	ChineseChars	wcsp	10656	boolean	yes	22944442
evalgm/CVPR/ChineseChars/TST_test_0093_104_105.wcsp	evalgm	ChineseChars	wcsp	10920	boolean	yes	23546971
evalgm/CVPR/ChineseChars/TST_test_0094_64_131.wcsp	evalgm	ChineseChars	wcsp	8384	boolean	yes	17715887
evalgm/CVPR/ChineseChars/TST_test_0095_128_109.wcsp	evalgm	ChineseChars	wcsp	13952	boolean	yes	30565706
evalgm/CVPR/ChineseChars/TST_test_0096_56_107.wcsp	evalgm	ChineseChars	wcsp	5992	boolean	yes	12427282
evalgm/CVPR/ChineseChars/TST_test_0097_56_111.wcsp	evalgm	ChineseChars	wcsp	6216	boolean	yes	12914586
evalgm/CVPR/ChineseChars/TST_test_0098_112_98.wcsp	evalgm	ChineseChars	wcsp	10976	boolean	yes	23687082
evalgm/CVPR/ChineseChars/TST_test_0099_72_105.wcsp	evalgm	ChineseChars	wcsp	7560	boolean	yes	15957916
evalgm/CVPR/ChineseChars/TST_test_0100_80_102.wcsp	evalgm	ChineseChars	wcsp	8160	boolean	yes	17309951
evalgm/CVPR/ColorSeg-4/clownfish-small.wcsp	evalgm	ColorSeg-4	wcsp	86400	multi	no	332801681
evalgm/CVPR/ColorSeg-4/crops-small.wcsp	evalgm	ColorSeg-4	wcsp	86400	multi	no	332767855
evalgm/CVPR/ColorSeg-4/fourcolors.wcsp	evalgm	ColorSeg-4	wcsp	65536	multi	no	29897381
evalgm/CVPR/ColorSeg-4/lake-small.wcsp	evalgm	ColorSeg-4	wcsp	86400	multi	no	332784419
evalgm/CVPR/ColorSeg-4/palm-small.wcsp	evalgm	ColorSeg-4	wcsp	86400	multi	no	332716448
evalgm/CVPR/ColorSeg-4/penguin-small.wcsp	evalgm	ColorSeg-4	wcsp	76800	multi	no	129741125
evalgm/CVPR/ColorSeg-4/pfau-small.wcsp	evalgm	ColorSeg-4	wcsp	76800	multi	no	295759925
evalgm/CVPR/ColorSeg-4/snail.wcsp	evalgm	ColorSeg-4	wcsp	76800	multi	no	20035261
evalgm/CVPR/ColorSeg-4/strawberry-glass-2-small.wcsp	evalgm	ColorSeg-4	wcsp	76800	multi	no	295726063
evalgm/CVPR/ColorSeg-8/clownfish-small.wcsp	evalgm	ColorSeg-8	wcsp	86400	multi	no	605870051
evalgm/CVPR/ColorSeg-8/crops-small.wcsp	evalgm	ColorSeg-8	wcsp	86400	multi	no	605836225
evalgm/CVPR/ColorSeg-8/fourcolors.wcsp	evalgm	ColorSeg-8	wcsp	65536	multi	no	55734305
evalgm/CVPR/ColorSeg-8/lake-small.wcsp	evalgm	ColorSeg-8	wcsp	86400	multi	no	605852789
evalgm/CVPR/ColorSeg-8/palm-small.wcsp	evalgm	ColorSeg-8	wcsp	86400	multi	no	628515218
evalgm/CVPR/ColorSeg-8/penguin-small.wcsp	evalgm	ColorSeg-8	wcsp	76800	multi	no	242382245
evalgm/CVPR/ColorSeg-8/pfau-small.wcsp	evalgm	ColorSeg-8	wcsp	76800	multi	no	558595815
evalgm/CVPR/ColorSeg-8/snail.wcsp	evalgm	ColorSeg-8	wcsp	76800	multi	no	34627107
evalgm/CVPR/ColorSeg-8/strawberry-glass-2-small.wcsp	evalgm	ColorSeg-8	wcsp	76800	multi	no	558562229
evalgm/CVPR/ColorSeg/colseg-cow3.wcsp	evalgm	ColorSeg	wcsp	414720	multi	no	146843614
evalgm/CVPR/ColorSeg/colseg-cow4.wcsp	evalgm	ColorSeg	wcsp	414720	multi	no	231350770
evalgm/CVPR/ColorSeg/colseg-garden4.wcsp	evalgm	ColorSeg	wcsp	21000	multi	no	11027871
evalgm/CVPR/GeomSurf-3/gm100.wcsp	evalgm	GeomSurf-3	wcsp	157	multi	no	103512
evalgm/CVPR/GeomSurf-3/gm101.wcsp	evalgm	GeomSurf-3	wcsp	102	multi	no	50801
evalgm/CVPR/GeomSurf-3/gm102.wcsp	evalgm	GeomSurf-3	wcsp	446	multi	no	325366
evalgm/CVPR/GeomSurf-3/gm103.wcsp	evalgm	GeomSurf-3	wcsp	254	multi	no	139460
evalgm/CVPR/GeomSurf-3/gm104.wcsp	evalgm	GeomSurf-3	wcsp	634	multi	no	346961
evalgm/CVPR/GeomSurf-3/gm105.wcsp	evalgm	GeomSurf-3	wcsp	237	multi	no	109303
evalgm/CVPR/GeomSurf-3/gm106.wcsp	evalgm	GeomSurf-3	wcsp	92	multi	no	38302
evalgm/CVPR/GeomSurf-3/gm107.wcsp	evalgm	GeomSurf-3	wcsp	824	multi	no	548629
evalgm/CVPR/GeomSurf-3/gm108.wcsp	evalgm	GeomSurf-3	wcsp	256	multi	no	115446
evalgm/CVPR/GeomSurf-3/gm109.wcsp	evalgm	GeomSurf-3	wcsp	682	multi	no	331317
evalgm/CVPR/GeomSurf-3/gm10.wcsp	evalgm	GeomSurf-3	wcsp	586	multi	no	682440
evalgm/CVPR/GeomSurf-3/gm110.wcsp	evalgm	GeomSurf-3	wcsp	728	multi	no	461926
evalgm/CVPR/GeomSurf-3/gm111.wcsp	evalgm	GeomSurf-3	wcsp	363	multi	no	169644
evalgm/CVPR/GeomSurf-3/gm112.wcsp	evalgm	GeomSurf-3	wcsp	955	multi	no	583378
evalgm/CVPR/GeomSurf-3/gm113.wcsp	evalgm	GeomSurf-3	wcsp	717	multi	no	451186
evalgm/CVPR/GeomSurf-3/gm114.wcsp	evalgm	GeomSurf-3	wcsp	779	multi	no	621375
evalgm/CVPR/GeomSurf-3/gm115.wcsp	evalgm	GeomSurf-3	wcsp	828	multi	no	524935
evalgm/CVPR/GeomSurf-3/gm116.wcsp	evalgm	GeomSurf-3	wcsp	868	multi	no	665933
evalgm/CVPR/GeomSurf-3/gm117.wcsp	evalgm	GeomSurf-3	wcsp	339	multi	no	193138
evalgm/CVPR/GeomSurf-3/gm118.wcsp	evalgm	GeomSurf-3	wcsp	909	multi	no	486893
evalgm/CVPR/GeomSurf-3/gm119.wcsp	evalgm	GeomSurf-3	wcsp	510	multi	no	326132
evalgm/CVPR/GeomSurf-3/gm11.wcsp	evalgm	GeomSurf-3	wcsp	125	multi	no	43009
evalgm/CVPR/GeomSurf-3/gm120.wcsp	evalgm	GeomSurf-3	wcsp	321	multi	no	153548
evalgm/CVPR/GeomSurf-3/gm121.wcsp	evalgm	GeomSurf-3	wcsp	1098	multi	no	576331
evalgm/CVPR/GeomSurf-3/gm122.wcsp	evalgm	GeomSurf-3	wcsp	371	multi	no	153756
evalgm/CVPR/GeomSurf-3/gm123.wcsp	evalgm	GeomSurf-3	wcsp	900	multi	no	444120
evalgm/CVPR/GeomSurf-3/gm124.wcsp	evalgm	GeomSurf-3	wcsp	665	multi	no	379093
evalgm/CVPR/GeomSurf-3/gm125.wcsp	evalgm	GeomSurf-3	wcsp	840	multi	no	526335
evalgm/CVPR/GeomSurf-3/gm126.wcsp	evalgm	GeomSurf-3	wcsp	807	multi	no	559135
evalgm/CVPR/GeomSurf-3/gm127.wcsp	evalgm	GeomSurf-3	wcsp	343	multi	no	139670
evalgm/CVPR/GeomSurf-3/gm128.wcsp	evalgm	GeomSurf-3	wcsp	1038	multi	no	668563
evalgm/CVPR/GeomSurf-3/gm129.wcsp	evalgm	GeomSurf-3	wcsp	419	multi	no	188279
evalgm/CVPR/GeomSurf-3/gm12.wcsp	evalgm	GeomSurf-3	wcsp	233	multi	no	108510
evalgm/CVPR/GeomSurf-3/gm130.wcsp	evalgm	GeomSurf-3	wcsp	649	multi	no	304575
evalgm/CVPR/GeomSurf-3/gm131.wcsp	evalgm	GeomSurf-3	wcsp	608	multi	no	497028
evalgm/CVPR/GeomSurf-3/gm132.wcsp	evalgm	GeomSurf-3	wcsp	974	multi	no	551037
evalgm/CVPR/GeomSurf-3/gm133.wcsp	evalgm	GeomSurf-3	wcsp	443	multi	no	186035
evalgm/CVPR/GeomSurf-3/gm134.wcsp	evalgm	GeomSurf-3	wcsp	354	multi	no	247901
evalgm/CVPR/GeomSurf-3/gm135.wcsp	evalgm	GeomSurf-3	wcsp	562	multi	no	299612
evalgm/CVPR/GeomSurf-3/gm136.wcsp	evalgm	GeomSurf-3	wcsp	396	multi	no	233822
evalgm/CVPR/GeomSurf-3/gm137.wcsp	evalgm	GeomSurf-3	wcsp	1014	multi	no	670198
evalgm/CVPR/GeomSurf-3/gm138.wcsp	evalgm	GeomSurf-3	wcsp	712	multi	no	299953
evalgm/CVPR/GeomSurf-3/gm139.wcsp	evalgm	GeomSurf-3	wcsp	556	multi	no	316322
evalgm/CVPR/GeomSurf-3/gm13.wcsp	evalgm	GeomSurf-3	wcsp	601	multi	no	311565
evalgm/CVPR/GeomSurf-3/gm140.wcsp	evalgm	GeomSurf-3	wcsp	693	multi	no	671873
evalgm/CVPR/GeomSurf-3/gm141.wcsp	evalgm	GeomSurf-3	wcsp	1045	multi	no	659435
evalgm/CVPR/GeomSurf-3/gm142.wcsp	evalgm	GeomSurf-3	wcsp	884	multi	no	505371
evalgm/CVPR/GeomSurf-3/gm143.wcsp	evalgm	GeomSurf-3	wcsp	768	multi	no	434996
evalgm/CVPR/GeomSurf-3/gm144.wcsp	evalgm	GeomSurf-3	wcsp	787	multi	no	408864
evalgm/CVPR/GeomSurf-3/gm145.wcsp	evalgm	GeomSurf-3	wcsp	1009	multi	no	827631
evalgm/CVPR/GeomSurf-3/gm146.wcsp	evalgm	GeomSurf-3	wcsp	499	multi	no	268059
evalgm/CVPR/GeomSurf-3/gm147.wcsp	evalgm	GeomSurf-3	wcsp	690	multi	no	510936
evalgm/CVPR/GeomSurf-3/gm148.wcsp	evalgm	GeomSurf-3	wcsp	496	multi	no	355804
evalgm/CVPR/GeomSurf-3/gm149.wcsp	evalgm	GeomSurf-3	wcsp	555	multi	no	257643
evalgm/CVPR/GeomSurf-3/gm14.wcsp	evalgm	GeomSurf-3	wcsp	29	multi	no	9654
evalgm/CVPR/GeomSurf-3/gm150.wcsp	evalgm	GeomSurf-3	wcsp	596	multi	no	384979
evalgm/CVPR/GeomSurf-3/gm151.wcsp	evalgm	GeomSurf-3	wcsp	558	multi	no	356714
evalgm/CVPR/GeomSurf-3/gm152.wcsp	evalgm	GeomSurf-3	wcsp	292	multi	no	152428
evalgm/CVPR/GeomSurf-3/gm153.wcsp	evalgm	GeomSurf-3	wcsp	207	multi	no	91474
evalgm/CVPR/GeomSurf-3/gm154.wcsp	evalgm	GeomSurf-3	wcsp	423	multi	no	223687
evalgm/CVPR/GeomSurf-3/gm155.wcsp	evalgm	GeomSurf-3	wcsp	519	multi	no	401893
evalgm/CVPR/GeomSurf-3/gm156.wcsp	evalgm	GeomSurf-3	wcsp	404	multi	no	182126
evalgm/CVPR/GeomSurf-3/gm157.wcsp	evalgm	GeomSurf-3	wcsp	827	multi	no	458569
evalgm/CVPR/GeomSurf-3/gm158.wcsp	evalgm	GeomSurf-3	wcsp	922	multi	no	485871
evalgm/CVPR/GeomSurf-3/gm159.wcsp	evalgm	GeomSurf-3	wcsp	368	multi	no	160909
evalgm/CVPR/GeomSurf-3/gm15.wcsp	evalgm	GeomSurf-3	wcsp	531	multi	no	222745
evalgm/CVPR/GeomSurf-3/gm160.wcsp	evalgm	GeomSurf-3	wcsp	645	multi	no	389602
evalgm/CVPR/GeomSurf-3/gm161.wcsp	evalgm	GeomSurf-3	wcsp	777	multi	no	451915
evalgm/CVPR/GeomSurf-3/gm162.wcsp	evalgm	GeomSurf-3	wcsp	622	multi	no	314712
evalgm/CVPR/GeomSurf-3/gm163.wcsp	evalgm	GeomSurf-3	wcsp	548	multi	no	271794
evalgm/CVPR/GeomSurf-3/gm164.wcsp	evalgm	GeomSurf-3	wcsp	736	multi	no	492023
evalgm/CVPR/GeomSurf-3/gm165.wcsp	evalgm	GeomSurf-3	wcsp	488	multi	no	379496
evalgm/CVPR/GeomSurf-3/gm166.wcsp	evalgm	GeomSurf-3	wcsp	969	multi	no	608937
evalgm/CVPR/GeomSurf-3/gm167.wcsp	evalgm	GeomSurf-3	wcsp	614	multi	no	358825
evalgm/CVPR/GeomSurf-3/gm168.wcsp	evalgm	GeomSurf-3	wcsp	724	multi	no	351364
evalgm/CVPR/GeomSurf-3/gm169.wcsp	evalgm	GeomSurf-3	wcsp	1052	multi	no	825000
evalgm/CVPR/GeomSurf-3/gm16.wcsp	evalgm	GeomSurf-3	wcsp	322	multi	no	195238
evalgm/CVPR/GeomSurf-3/gm170.wcsp	evalgm	GeomSurf-3	wcsp	1051	multi	no	593049
evalgm/CVPR/GeomSurf-3/gm171.wcsp	evalgm	GeomSurf-3	wcsp	518	multi	no	226753
evalgm/CVPR/GeomSurf-3/gm172.wcsp	evalgm	GeomSurf-3	wcsp	383	multi	no	185396
evalgm/CVPR/GeomSurf-3/gm173.wcsp	evalgm	GeomSurf-3	wcsp	291	multi	no	123505
evalgm/CVPR/GeomSurf-3/gm174.wcsp	evalgm	GeomSurf-3	wcsp	621	multi	no	282611
evalgm/CVPR/GeomSurf-3/gm175.wcsp	evalgm	GeomSurf-3	wcsp	725	multi	no	392537
evalgm/CVPR/GeomSurf-3/gm176.wcsp	evalgm	GeomSurf-3	wcsp	372	multi	no	217758
evalgm/CVPR/GeomSurf-3/gm177.wcsp	evalgm	GeomSurf-3	wcsp	961	multi	no	712126
evalgm/CVPR/GeomSurf-3/gm178.wcsp	evalgm	GeomSurf-3	wcsp	835	multi	no	600624
evalgm/CVPR/GeomSurf-3/gm179.wcsp	evalgm	GeomSurf-3	wcsp	956	multi	no	473793
evalgm/CVPR/GeomSurf-3/gm17.wcsp	evalgm	GeomSurf-3	wcsp	193	multi	no	105915
evalgm/CVPR/GeomSurf-3/gm180.wcsp	evalgm	GeomSurf-3	wcsp	427	multi	no	192838
evalgm/CVPR/GeomSurf-3/gm181.wcsp	evalgm	GeomSurf-3	wcsp	392	multi	no	202023
evalgm/CVPR/GeomSurf-3/gm182.wcsp	evalgm	GeomSurf-3	wcsp	874	multi	no	670140
evalgm/CVPR/GeomSurf-3/gm183.wcsp	evalgm	GeomSurf-3	wcsp	537	multi	no	341801
evalgm/CVPR/GeomSurf-3/gm184.wcsp	evalgm	GeomSurf-3	wcsp	160	multi	no	72866
evalgm/CVPR/GeomSurf-3/gm185.wcsp	evalgm	GeomSurf-3	wcsp	384	multi	no	219507
evalgm/CVPR/GeomSurf-3/gm186.wcsp	evalgm	GeomSurf-3	wcsp	868	multi	no	531312
evalgm/CVPR/GeomSurf-3/gm187.wcsp	evalgm	GeomSurf-3	wcsp	945	multi	no	489465
evalgm/CVPR/GeomSurf-3/gm188.wcsp	evalgm	GeomSurf-3	wcsp	195	multi	no	78102
evalgm/CVPR/GeomSurf-3/gm189.wcsp	evalgm	GeomSurf-3	wcsp	638	multi	no	394342
evalgm/CVPR/GeomSurf-3/gm18.wcsp	evalgm	GeomSurf-3	wcsp	348	multi	no	397280
evalgm/CVPR/GeomSurf-3/gm190.wcsp	evalgm	GeomSurf-3	wcsp	1133	multi	no	676492
evalgm/CVPR/GeomSurf-3/gm191.wcsp	evalgm	GeomSurf-3	wcsp	69	multi	no	27794
evalgm/CVPR/GeomSurf-3/gm192.wcsp	evalgm	GeomSurf-3	wcsp	99	multi	no	49942
evalgm/CVPR/GeomSurf-3/gm193.wcsp	evalgm	GeomSurf-3	wcsp	633	multi	no	443486
evalgm/CVPR/GeomSurf-3/gm194.wcsp	evalgm	GeomSurf-3	wcsp	226	multi	no	95367
evalgm/CVPR/GeomSurf-3/gm195.wcsp	evalgm	GeomSurf-3	wcsp	386	multi	no	199457
evalgm/CVPR/GeomSurf-3/gm196.wcsp	evalgm	GeomSurf-3	wcsp	86	multi	no	33962
evalgm/CVPR/GeomSurf-3/gm197.wcsp	evalgm	GeomSurf-3	wcsp	341	multi	no	164902
evalgm/CVPR/GeomSurf-3/gm198.wcsp	evalgm	GeomSurf-3	wcsp	249	multi	no	120899
evalgm/CVPR/GeomSurf-3/gm199.wcsp	evalgm	GeomSurf-3	wcsp	604	multi	no	341843
evalgm/CVPR/GeomSurf-3/gm19.wcsp	evalgm	GeomSurf-3	wcsp	961	multi	no	557964
evalgm/CVPR/GeomSurf-3/gm1.wcsp	evalgm	GeomSurf-3	wcsp	544	multi	no	355225
evalgm/CVPR/GeomSurf-3/gm200.wcsp	evalgm	GeomSurf-3	wcsp	477	multi	no	217093
evalgm/CVPR/GeomSurf-3/gm201.wcsp	evalgm	GeomSurf-3	wcsp	328	multi	no	168649
evalgm/CVPR/GeomSurf-3/gm202.wcsp	evalgm	GeomSurf-3	wcsp	634	multi	no	350174
evalgm/CVPR/GeomSurf-3/gm203.wcsp	evalgm	GeomSurf-3	wcsp	187	multi	no	79383
evalgm/CVPR/GeomSurf-3/gm204.wcsp	evalgm	GeomSurf-3	wcsp	444	multi	no	184392
evalgm/CVPR/GeomSurf-3/gm205.wcsp	evalgm	GeomSurf-3	wcsp	414	multi	no	240778
evalgm/CVPR/GeomSurf-3/gm206.wcsp	evalgm	GeomSurf-3	wcsp	721	multi	no	405707
evalgm/CVPR/GeomSurf-3/gm207.wcsp	evalgm	GeomSurf-3	wcsp	739	multi	no	387919
evalgm/CVPR/GeomSurf-3/gm208.wcsp	evalgm	GeomSurf-3	wcsp	543	multi	no	289399
evalgm/CVPR/GeomSurf-3/gm209.wcsp	evalgm	GeomSurf-3	wcsp	560	multi	no	274279
evalgm/CVPR/GeomSurf-3/gm20.wcsp	evalgm	GeomSurf-3	wcsp	348	multi	no	163961
evalgm/CVPR/GeomSurf-3/gm210.wcsp	evalgm	GeomSurf-3	wcsp	601	multi	no	286382
evalgm/CVPR/GeomSurf-3/gm211.wcsp	evalgm	GeomSurf-3	wcsp	503	multi	no	265368
evalgm/CVPR/GeomSurf-3/gm212.wcsp	evalgm	GeomSurf-3	wcsp	516	multi	no	277256
evalgm/CVPR/GeomSurf-3/gm213.wcsp	evalgm	GeomSurf-3	wcsp	264	multi	no	105355
evalgm/CVPR/GeomSurf-3/gm214.wcsp	evalgm	GeomSurf-3	wcsp	716	multi	no	468977
evalgm/CVPR/GeomSurf-3/gm215.wcsp	evalgm	GeomSurf-3	wcsp	678	multi	no	344573
evalgm/CVPR/GeomSurf-3/gm216.wcsp	evalgm	GeomSurf-3	wcsp	501	multi	no	266191
evalgm/CVPR/GeomSurf-3/gm217.wcsp	evalgm	GeomSurf-3	wcsp	403	multi	no	202076
evalgm/CVPR/GeomSurf-3/gm218.wcsp	evalgm	GeomSurf-3	wcsp	318	multi	no	184341
evalgm/CVPR/GeomSurf-3/gm219.wcsp	evalgm	GeomSurf-3	wcsp	682	multi	no	417515
evalgm/CVPR/GeomSurf-3/gm21.wcsp	evalgm	GeomSurf-3	wcsp	361	multi	no	168483
evalgm/CVPR/GeomSurf-3/gm220.wcsp	evalgm	GeomSurf-3	wcsp	73	multi	no	24482
evalgm/CVPR/GeomSurf-3/gm221.wcsp	evalgm	GeomSurf-3	wcsp	234	multi	no	96284
evalgm/CVPR/GeomSurf-3/gm222.wcsp	evalgm	GeomSurf-3	wcsp	365	multi	no	400597
evalgm/CVPR/GeomSurf-3/gm223.wcsp	evalgm	GeomSurf-3	wcsp	472	multi	no	253201
evalgm/CVPR/GeomSurf-3/gm224.wcsp	evalgm	GeomSurf-3	wcsp	238	multi	no	86191
evalgm/CVPR/GeomSurf-3/gm225.wcsp	evalgm	GeomSurf-3	wcsp	231	multi	no	81712
evalgm/CVPR/GeomSurf-3/gm226.wcsp	evalgm	GeomSurf-3	wcsp	451	multi	no	237175
evalgm/CVPR/GeomSurf-3/gm227.wcsp	evalgm	GeomSurf-3	wcsp	303	multi	no	128617
evalgm/CVPR/GeomSurf-3/gm228.wcsp	evalgm	GeomSurf-3	wcsp	203	multi	no	95962
evalgm/CVPR/GeomSurf-3/gm229.wcsp	evalgm	GeomSurf-3	wcsp	304	multi	no	157633
evalgm/CVPR/GeomSurf-3/gm22.wcsp	evalgm	GeomSurf-3	wcsp	372	multi	no	276089
evalgm/CVPR/GeomSurf-3/gm230.wcsp	evalgm	GeomSurf-3	wcsp	490	multi	no	346962
evalgm/CVPR/GeomSurf-3/gm231.wcsp	evalgm	GeomSurf-3	wcsp	762	multi	no	653667
evalgm/CVPR/GeomSurf-3/gm232.wcsp	evalgm	GeomSurf-3	wcsp	353	multi	no	227847
evalgm/CVPR/GeomSurf-3/gm233.wcsp	evalgm	GeomSurf-3	wcsp	481	multi	no	266524
evalgm/CVPR/GeomSurf-3/gm234.wcsp	evalgm	GeomSurf-3	wcsp	511	multi	no	367071
evalgm/CVPR/GeomSurf-3/gm235.wcsp	evalgm	GeomSurf-3	wcsp	227	multi	no	141452
evalgm/CVPR/GeomSurf-3/gm236.wcsp	evalgm	GeomSurf-3	wcsp	588	multi	no	375737
evalgm/CVPR/GeomSurf-3/gm237.wcsp	evalgm	GeomSurf-3	wcsp	971	multi	no	585850
evalgm/CVPR/GeomSurf-3/gm238.wcsp	evalgm	GeomSurf-3	wcsp	832	multi	no	386968
evalgm/CVPR/GeomSurf-3/gm239.wcsp	evalgm	GeomSurf-3	wcsp	409	multi	no	296622
evalgm/CVPR/GeomSurf-3/gm23.wcsp	evalgm	GeomSurf-3	wcsp	927	multi	no	626572
evalgm/CVPR/GeomSurf-3/gm240.wcsp	evalgm	GeomSurf-3	wcsp	313	multi	no	190438
evalgm/CVPR/GeomSurf-3/gm241.wcsp	evalgm	GeomSurf-3	wcsp	596	multi	no	279031
evalgm/CVPR/GeomSurf-3/gm242.wcsp	evalgm	GeomSurf-3	wcsp	344	multi	no	168674
evalgm/CVPR/GeomSurf-3/gm243.wcsp	evalgm	GeomSurf-3	wcsp	514	multi	no	293873
evalgm/CVPR/GeomSurf-3/gm244.wcsp	evalgm	GeomSurf-3	wcsp	605	multi	no	314250
evalgm/CVPR/GeomSurf-3/gm245.wcsp	evalgm	GeomSurf-3	wcsp	458	multi	no	297806
evalgm/CVPR/GeomSurf-3/gm246.wcsp	evalgm	GeomSurf-3	wcsp	831	multi	no	405782
evalgm/CVPR/GeomSurf-3/gm247.wcsp	evalgm	GeomSurf-3	wcsp	450	multi	no	279297
evalgm/CVPR/GeomSurf-3/gm248.wcsp	evalgm	GeomSurf-3	wcsp	895	multi	no	696186
evalgm/CVPR/GeomSurf-3/gm249.wcsp	evalgm	GeomSurf-3	wcsp	412	multi	no	183314
evalgm/CVPR/GeomSurf-3/gm24.wcsp	evalgm	GeomSurf-3	wcsp	80	multi	no	38268
evalgm/CVPR/GeomSurf-3/gm250.wcsp	evalgm	GeomSurf-3	wcsp	432	multi	no	284590
evalgm/CVPR/GeomSurf-3/gm251.wcsp	evalgm	GeomSurf-3	wcsp	289	multi	no	118942
evalgm/CVPR/GeomSurf-3/gm252.wcsp	evalgm	GeomSurf-3	wcsp	446	multi	no	181809
evalgm/CVPR/GeomSurf-3/gm253.wcsp	evalgm	GeomSurf-3	wcsp	404	multi	no	233726
evalgm/CVPR/GeomSurf-3/gm254.wcsp	evalgm	GeomSurf-3	wcsp	536	multi	no	391474
evalgm/CVPR/GeomSurf-3/gm255.wcsp	evalgm	GeomSurf-3	wcsp	516	multi	no	361782
evalgm/CVPR/GeomSurf-3/gm256.wcsp	evalgm	GeomSurf-3	wcsp	787	multi	no	537165
evalgm/CVPR/GeomSurf-3/gm257.wcsp	evalgm	GeomSurf-3	wcsp	958	multi	no	565462
evalgm/CVPR/GeomSurf-3/gm258.wcsp	evalgm	GeomSurf-3	wcsp	681	multi	no	394722
evalgm/CVPR/GeomSurf-3/gm259.wcsp	evalgm	GeomSurf-3	wcsp	425	multi	no	184682
evalgm/CVPR/GeomSurf-3/gm25.wcsp	evalgm	GeomSurf-3	wcsp	589	multi	no	400651
evalgm/CVPR/GeomSurf-3/gm260.wcsp	evalgm	GeomSurf-3	wcsp	271	multi	no	107401
evalgm/CVPR/GeomSurf-3/gm261.wcsp	evalgm	GeomSurf-3	wcsp	433	multi	no	194297
evalgm/CVPR/GeomSurf-3/gm262.wcsp	evalgm	GeomSurf-3	wcsp	379	multi	no	160997
evalgm/CVPR/GeomSurf-3/gm263.wcsp	evalgm	GeomSurf-3	wcsp	518	multi	no	258408
evalgm/CVPR/GeomSurf-3/gm264.wcsp	evalgm	GeomSurf-3	wcsp	824	multi	no	454651
evalgm/CVPR/GeomSurf-3/gm265.wcsp	evalgm	GeomSurf-3	wcsp	695	multi	no	387288
evalgm/CVPR/GeomSurf-3/gm266.wcsp	evalgm	GeomSurf-3	wcsp	728	multi	no	366564
evalgm/CVPR/GeomSurf-3/gm267.wcsp	evalgm	GeomSurf-3	wcsp	905	multi	no	577951
evalgm/CVPR/GeomSurf-3/gm268.wcsp	evalgm	GeomSurf-3	wcsp	703	multi	no	436611
evalgm/CVPR/GeomSurf-3/gm269.wcsp	evalgm	GeomSurf-3	wcsp	1033	multi	no	752606
evalgm/CVPR/GeomSurf-3/gm26.wcsp	evalgm	GeomSurf-3	wcsp	197	multi	no	96622
evalgm/CVPR/GeomSurf-3/gm270.wcsp	evalgm	GeomSurf-3	wcsp	467	multi	no	226213
evalgm/CVPR/GeomSurf-3/gm271.wcsp	evalgm	GeomSurf-3	wcsp	703	multi	no	423724
evalgm/CVPR/GeomSurf-3/gm272.wcsp	evalgm	GeomSurf-3	wcsp	673	multi	no	428089
evalgm/CVPR/GeomSurf-3/gm273.wcsp	evalgm	GeomSurf-3	wcsp	687	multi	no	501015
evalgm/CVPR/GeomSurf-3/gm274.wcsp	evalgm	GeomSurf-3	wcsp	230	multi	no	153016
evalgm/CVPR/GeomSurf-3/gm275.wcsp	evalgm	GeomSurf-3	wcsp	743	multi	no	451257
evalgm/CVPR/GeomSurf-3/gm276.wcsp	evalgm	GeomSurf-3	wcsp	264	multi	no	130358
evalgm/CVPR/GeomSurf-3/gm277.wcsp	evalgm	GeomSurf-3	wcsp	494	multi	no	244482
evalgm/CVPR/GeomSurf-3/gm278.wcsp	evalgm	GeomSurf-3	wcsp	675	multi	no	290844
evalgm/CVPR/GeomSurf-3/gm279.wcsp	evalgm	GeomSurf-3	wcsp	319	multi	no	150054
evalgm/CVPR/GeomSurf-3/gm27.wcsp	evalgm	GeomSurf-3	wcsp	470	multi	no	192310
evalgm/CVPR/GeomSurf-3/gm280.wcsp	evalgm	GeomSurf-3	wcsp	275	multi	no	115803
evalgm/CVPR/GeomSurf-3/gm281.wcsp	evalgm	GeomSurf-3	wcsp	767	multi	no	547189
evalgm/CVPR/GeomSurf-3/gm282.wcsp	evalgm	GeomSurf-3	wcsp	534	multi	no	272210
evalgm/CVPR/GeomSurf-3/gm283.wcsp	evalgm	GeomSurf-3	wcsp	507	multi	no	261910
evalgm/CVPR/GeomSurf-3/gm284.wcsp	evalgm	GeomSurf-3	wcsp	363	multi	no	201983
evalgm/CVPR/GeomSurf-3/gm285.wcsp	evalgm	GeomSurf-3	wcsp	300	multi	no	130762
evalgm/CVPR/GeomSurf-3/gm286.wcsp	evalgm	GeomSurf-3	wcsp	527	multi	no	312394
evalgm/CVPR/GeomSurf-3/gm287.wcsp	evalgm	GeomSurf-3	wcsp	336	multi	no	146168
evalgm/CVPR/GeomSurf-3/gm288.wcsp	evalgm	GeomSurf-3	wcsp	460	multi	no	283512
evalgm/CVPR/GeomSurf-3/gm289.wcsp	evalgm	GeomSurf-3	wcsp	497	multi	no	326484
evalgm/CVPR/GeomSurf-3/gm28.wcsp	evalgm	GeomSurf-3	wcsp	749	multi	no	394372
evalgm/CVPR/GeomSurf-3/gm290.wcsp	evalgm	GeomSurf-3	wcsp	836	multi	no	559331
evalgm/CVPR/GeomSurf-3/gm291.wcsp	evalgm	GeomSurf-3	wcsp	446	multi	no	282315
evalgm/CVPR/GeomSurf-3/gm292.wcsp	evalgm	GeomSurf-3	wcsp	782	multi	no	487334
evalgm/CVPR/GeomSurf-3/gm293.wcsp	evalgm	GeomSurf-3	wcsp	481	multi	no	298440
evalgm/CVPR/GeomSurf-3/gm294.wcsp	evalgm	GeomSurf-3	wcsp	162	multi	no	100428
evalgm/CVPR/GeomSurf-3/gm295.wcsp	evalgm	GeomSurf-3	wcsp	525	multi	no	436924
evalgm/CVPR/GeomSurf-3/gm296.wcsp	evalgm	GeomSurf-3	wcsp	562	multi	no	344563
evalgm/CVPR/GeomSurf-3/gm297.wcsp	evalgm	GeomSurf-3	wcsp	384	multi	no	194008
evalgm/CVPR/GeomSurf-3/gm298.wcsp	evalgm	GeomSurf-3	wcsp	273	multi	no	124752
evalgm/CVPR/GeomSurf-3/gm299.wcsp	evalgm	GeomSurf-3	wcsp	242	multi	no	172931
evalgm/CVPR/GeomSurf-3/gm29.wcsp	evalgm	GeomSurf-3	wcsp	212	multi	no	143343
evalgm/CVPR/GeomSurf-3/gm2.wcsp	evalgm	GeomSurf-3	wcsp	638	multi	no	486454
evalgm/CVPR/GeomSurf-3/gm300.wcsp	evalgm	GeomSurf-3	wcsp	164	multi	no	91521
evalgm/CVPR/GeomSurf-3/gm30.wcsp	evalgm	GeomSurf-3	wcsp	421	multi	no	256928
evalgm/CVPR/GeomSurf-3/gm31.wcsp	evalgm	GeomSurf-3	wcsp	250	multi	no	112895
evalgm/CVPR/GeomSurf-3/gm32.wcsp	evalgm	GeomSurf-3	wcsp	100	multi	no	48115
evalgm/CVPR/GeomSurf-3/gm33.wcsp	evalgm	GeomSurf-3	wcsp	505	multi	no	438858
evalgm/CVPR/GeomSurf-3/gm34.wcsp	evalgm	GeomSurf-3	wcsp	604	multi	no	327478
evalgm/CVPR/GeomSurf-3/gm35.wcsp	evalgm	GeomSurf-3	wcsp	711	multi	no	367101
evalgm/CVPR/GeomSurf-3/gm36.wcsp	evalgm	GeomSurf-3	wcsp	537	multi	no	283192
evalgm/CVPR/GeomSurf-3/gm37.wcsp	evalgm	GeomSurf-3	wcsp	184	multi	no	85456
evalgm/CVPR/GeomSurf-3/gm38.wcsp	evalgm	GeomSurf-3	wcsp	408	multi	no	187732
evalgm/CVPR/GeomSurf-3/gm39.wcsp	evalgm	GeomSurf-3	wcsp	166	multi	no	103618
evalgm/CVPR/GeomSurf-3/gm3.wcsp	evalgm	GeomSurf-3	wcsp	301	multi	no	267996
evalgm/CVPR/GeomSurf-3/gm40.wcsp	evalgm	GeomSurf-3	wcsp	168	multi	no	138273
evalgm/CVPR/GeomSurf-3/gm41.wcsp	evalgm	GeomSurf-3	wcsp	219	multi	no	134174
evalgm/CVPR/GeomSurf-3/gm42.wcsp	evalgm	GeomSurf-3	wcsp	571	multi	no	424238
evalgm/CVPR/GeomSurf-3/gm43.wcsp	evalgm	GeomSurf-3	wcsp	365	multi	no	189503
evalgm/CVPR/GeomSurf-3/gm44.wcsp	evalgm	GeomSurf-3	wcsp	534	multi	no	314456
evalgm/CVPR/GeomSurf-3/gm45.wcsp	evalgm	GeomSurf-3	wcsp	676	multi	no	483782
evalgm/CVPR/GeomSurf-3/gm46.wcsp	evalgm	GeomSurf-3	wcsp	601	multi	no	455845
evalgm/CVPR/GeomSurf-3/gm47.wcsp	evalgm	GeomSurf-3	wcsp	280	multi	no	144827
evalgm/CVPR/GeomSurf-3/gm48.wcsp	evalgm	GeomSurf-3	wcsp	285	multi	no	150822
evalgm/CVPR/GeomSurf-3/gm49.wcsp	evalgm	GeomSurf-3	wcsp	581	multi	no	396562
evalgm/CVPR/GeomSurf-3/gm4.wcsp	evalgm	GeomSurf-3	wcsp	392	multi	no	378827
evalgm/CVPR/GeomSurf-3/gm50.wcsp	evalgm	GeomSurf-3	wcsp	513	multi	no	340110
evalgm/CVPR/GeomSurf-3/gm51.wcsp	evalgm	GeomSurf-3	wcsp	169	multi	no	90672
evalgm/CVPR/GeomSurf-3/gm52.wcsp	evalgm	GeomSurf-3	wcsp	276	multi	no	183570
evalgm/CVPR/GeomSurf-3/gm53.wcsp	evalgm	GeomSurf-3	wcsp	320	multi	no	171777
evalgm/CVPR/GeomSurf-3/gm54.wcsp	evalgm	GeomSurf-3	wcsp	239	multi	no	134980
evalgm/CVPR/GeomSurf-3/gm55.wcsp	evalgm	GeomSurf-3	wcsp	324	multi	no	191366
evalgm/CVPR/GeomSurf-3/gm56.wcsp	evalgm	GeomSurf-3	wcsp	240	multi	no	130020
evalgm/CVPR/GeomSurf-3/gm57.wcsp	evalgm	GeomSurf-3	wcsp	183	multi	no	83600
evalgm/CVPR/GeomSurf-3/gm58.wcsp	evalgm	GeomSurf-3	wcsp	432	multi	no	251065
evalgm/CVPR/GeomSurf-3/gm59.wcsp	evalgm	GeomSurf-3	wcsp	474	multi	no	310221
evalgm/CVPR/GeomSurf-3/gm5.wcsp	evalgm	GeomSurf-3	wcsp	269	multi	no	220236
evalgm/CVPR/GeomSurf-3/gm60.wcsp	evalgm	GeomSurf-3	wcsp	746	multi	no	445372
evalgm/CVPR/GeomSurf-3/gm61.wcsp	evalgm	GeomSurf-3	wcsp	249	multi	no	119858
evalgm/CVPR/GeomSurf-3/gm62.wcsp	evalgm	GeomSurf-3	wcsp	593	multi	no	325835
evalgm/CVPR/GeomSurf-3/gm63.wcsp	evalgm	GeomSurf-3	wcsp	701	multi	no	392669
evalgm/CVPR/GeomSurf-3/gm64.wcsp	evalgm	GeomSurf-3	wcsp	294	multi	no	136264
evalgm/CVPR/GeomSurf-3/gm65.wcsp	evalgm	GeomSurf-3	wcsp	500	multi	no	264662
evalgm/CVPR/GeomSurf-3/gm66.wcsp	evalgm	GeomSurf-3	wcsp	198	multi	no	95833
evalgm/CVPR/GeomSurf-3/gm67.wcsp	evalgm	GeomSurf-3	wcsp	139	multi	no	49496
evalgm/CVPR/GeomSurf-3/gm68.wcsp	evalgm	GeomSurf-3	wcsp	190	multi	no	104286
evalgm/CVPR/GeomSurf-3/gm69.wcsp	evalgm	GeomSurf-3	wcsp	231	multi	no	100931
evalgm/CVPR/GeomSurf-3/gm6.wcsp	evalgm	GeomSurf-3	wcsp	320	multi	no	412226
evalgm/CVPR/GeomSurf-3/gm70.wcsp	evalgm	GeomSurf-3	wcsp	122	multi	no	52947
evalgm/CVPR/GeomSurf-3/gm71.wcsp	evalgm	GeomSurf-3	wcsp	315	multi	no	160550
evalgm/CVPR/GeomSurf-3/gm72.wcsp	evalgm	GeomSurf-3	wcsp	320	multi	no	140622
evalgm/CVPR/GeomSurf-3/gm73.wcsp	evalgm	GeomSurf-3	wcsp	204	multi	no	80853
evalgm/CVPR/GeomSurf-3/gm74.wcsp	evalgm	GeomSurf-3	wcsp	605	multi	no	286764
evalgm/CVPR/GeomSurf-3/gm75.wcsp	evalgm	GeomSurf-3	wcsp	687	multi	no	334419
evalgm/CVPR/GeomSurf-3/gm76.wcsp	evalgm	GeomSurf-3	wcsp	444	multi	no	234873
evalgm/CVPR/GeomSurf-3/gm77.wcsp	evalgm	GeomSurf-3	wcsp	350	multi	no	135502
evalgm/CVPR/GeomSurf-3/gm78.wcsp	evalgm	GeomSurf-3	wcsp	177	multi	no	114455
evalgm/CVPR/GeomSurf-3/gm79.wcsp	evalgm	GeomSurf-3	wcsp	727	multi	no	588715
evalgm/CVPR/GeomSurf-3/gm7.wcsp	evalgm	GeomSurf-3	wcsp	546	multi	no	338368
evalgm/CVPR/GeomSurf-3/gm80.wcsp	evalgm	GeomSurf-3	wcsp	329	multi	no	182124
evalgm/CVPR/GeomSurf-3/gm81.wcsp	evalgm	GeomSurf-3	wcsp	357	multi	no	193410
evalgm/CVPR/GeomSurf-3/gm82.wcsp	evalgm	GeomSurf-3	wcsp	643	multi	no	355384
evalgm/CVPR/GeomSurf-3/gm83.wcsp	evalgm	GeomSurf-3	wcsp	267	multi	no	143248
evalgm/CVPR/GeomSurf-3/gm84.wcsp	evalgm	GeomSurf-3	wcsp	475	multi	no	246931
evalgm/CVPR/GeomSurf-3/gm85.wcsp	evalgm	GeomSurf-3	wcsp	143	multi	no	63246
evalgm/CVPR/GeomSurf-3/gm86.wcsp	evalgm	GeomSurf-3	wcsp	415	multi	no	231493
evalgm/CVPR/GeomSurf-3/gm87.wcsp	evalgm	GeomSurf-3	wcsp	753	multi	no	433160
evalgm/CVPR/GeomSurf-3/gm88.wcsp	evalgm	GeomSurf-3	wcsp	262	multi	no	114106
evalgm/CVPR/GeomSurf-3/gm89.wcsp	evalgm	GeomSurf-3	wcsp	449	multi	no	187840
evalgm/CVPR/GeomSurf-3/gm8.wcsp	evalgm	GeomSurf-3	wcsp	467	multi	no	284659
evalgm/CVPR/GeomSurf-3/gm90.wcsp	evalgm	GeomSurf-3	wcsp	208	multi	no	114846
evalgm/CVPR/GeomSurf-3/gm91.wcsp	evalgm	GeomSurf-3	wcsp	816	multi	no	425636
evalgm/CVPR/GeomSurf-3/gm92.wcsp	evalgm	GeomSurf-3	wcsp	306	multi	no	132251
evalgm/CVPR/GeomSurf-3/gm93.wcsp	evalgm	GeomSurf-3	wcsp	893	multi	no	599724
evalgm/CVPR/GeomSurf-3/gm94.wcsp	evalgm	GeomSurf-3	wcsp	633	multi	no	331182
evalgm/CVPR/GeomSurf-3/gm95.wcsp	evalgm	GeomSurf-3	wcsp	460	multi	no	289314
evalgm/CVPR/GeomSurf-3/gm96.wcsp	evalgm	GeomSurf-3	wcsp	1117	multi	no	716562
evalgm/CVPR/GeomSurf-3/gm97.wcsp	evalgm	GeomSurf-3	wcsp	653	multi	no	301135
evalgm/CVPR/GeomSurf-3/gm98.wcsp	evalgm	GeomSurf-3	wcsp	318	multi	no	170597
evalgm/CVPR/GeomSurf-3/gm99.wcsp	evalgm	GeomSurf-3	wcsp	420	multi	no	245786
evalgm/CVPR/GeomSurf-3/gm9.wcsp	evalgm	GeomSurf-3	wcsp	608	multi	no	358599
evalgm/CVPR/GeomSurf-7/gm100.wcsp	evalgm	GeomSurf-7	wcsp	157	multi	no	854986
evalgm/CVPR/GeomSurf-7/gm101.wcsp	evalgm	GeomSurf-7	wcsp	102	multi	no	344930
evalgm/CVPR/GeomSurf-7/gm102.wcsp	evalgm	GeomSurf-7	wcsp	446	multi	no	2720371
evalgm/CVPR/GeomSurf-7/gm103.wcsp	evalgm	GeomSurf-7	wcsp	254	multi	no	1016397
evalgm/CVPR/GeomSurf-7/gm104.wcsp	evalgm	GeomSurf-7	wcsp	634	multi	no	2440040
evalgm/CVPR/GeomSurf-7/gm105.wcsp	evalgm	GeomSurf-7	wcsp	237	multi	no	697827
evalgm/CVPR/GeomSurf-7/gm106.wcsp	evalgm	GeomSurf-7	wcsp	92	multi	no	229218
evalgm/CVPR/GeomSurf-7/gm107.wcsp	evalgm	GeomSurf-7	wcsp	824	multi	no	4465686
evalgm/CVPR/GeomSurf-7/gm108.wcsp	evalgm	GeomSurf-7	wcsp	256	multi	no	708547
evalgm/CVPR/GeomSurf-7/gm109.wcsp	evalgm	GeomSurf-7	wcsp	682	multi	no	2198430
evalgm/CVPR/GeomSurf-7/gm10.wcsp	evalgm	GeomSurf-7	wcsp	586	multi	no	6794103
evalgm/CVPR/GeomSurf-7/gm110.wcsp	evalgm	GeomSurf-7	wcsp	728	multi	no	3653359
evalgm/CVPR/GeomSurf-7/gm111.wcsp	evalgm	GeomSurf-7	wcsp	363	multi	no	1121663
evalgm/CVPR/GeomSurf-7/gm112.wcsp	evalgm	GeomSurf-7	wcsp	955	multi	no	4471303
evalgm/CVPR/GeomSurf-7/gm113.wcsp	evalgm	GeomSurf-7	wcsp	717	multi	no	3511984
evalgm/CVPR/GeomSurf-7/gm114.wcsp	evalgm	GeomSurf-7	wcsp	779	multi	no	5469656
evalgm/CVPR/GeomSurf-7/gm115.wcsp	evalgm	GeomSurf-7	wcsp	828	multi	no	4091216
evalgm/CVPR/GeomSurf-7/gm116.wcsp	evalgm	GeomSurf-7	wcsp	868	multi	no	5739564
evalgm/CVPR/GeomSurf-7/gm117.wcsp	evalgm	GeomSurf-7	wcsp	339	multi	no	1472573
evalgm/CVPR/GeomSurf-7/gm118.wcsp	evalgm	GeomSurf-7	wcsp	909	multi	no	3398912
evalgm/CVPR/GeomSurf-7/gm119.wcsp	evalgm	GeomSurf-7	wcsp	510	multi	no	2617995
evalgm/CVPR/GeomSurf-7/gm11.wcsp	evalgm	GeomSurf-7	wcsp	125	multi	no	230233
evalgm/CVPR/GeomSurf-7/gm120.wcsp	evalgm	GeomSurf-7	wcsp	321	multi	no	1034430
evalgm/CVPR/GeomSurf-7/gm121.wcsp	evalgm	GeomSurf-7	wcsp	1098	multi	no	3907115
evalgm/CVPR/GeomSurf-7/gm122.wcsp	evalgm	GeomSurf-7	wcsp	371	multi	no	907416
evalgm/CVPR/GeomSurf-7/gm123.wcsp	evalgm	GeomSurf-7	wcsp	900	multi	no	2916186
evalgm/CVPR/GeomSurf-7/gm124.wcsp	evalgm	GeomSurf-7	wcsp	665	multi	no	2749153
evalgm/CVPR/GeomSurf-7/gm125.wcsp	evalgm	GeomSurf-7	wcsp	840	multi	no	4049200
evalgm/CVPR/GeomSurf-7/gm126.wcsp	evalgm	GeomSurf-7	wcsp	807	multi	no	4584733
evalgm/CVPR/GeomSurf-7/gm127.wcsp	evalgm	GeomSurf-7	wcsp	343	multi	no	801063
evalgm/CVPR/GeomSurf-7/gm128.wcsp	evalgm	GeomSurf-7	wcsp	1038	multi	no	5277587
evalgm/CVPR/GeomSurf-7/gm129.wcsp	evalgm	GeomSurf-7	wcsp	419	multi	no	1198621
evalgm/CVPR/GeomSurf-7/gm12.wcsp	evalgm	GeomSurf-7	wcsp	233	multi	no	696973
evalgm/CVPR/GeomSurf-7/gm130.wcsp	evalgm	GeomSurf-7	wcsp	649	multi	no	1966849
evalgm/CVPR/GeomSurf-7/gm131.wcsp	evalgm	GeomSurf-7	wcsp	608	multi	no	4448428
evalgm/CVPR/GeomSurf-7/gm132.wcsp	evalgm	GeomSurf-7	wcsp	974	multi	no	3992543
evalgm/CVPR/GeomSurf-7/gm133.wcsp	evalgm	GeomSurf-7	wcsp	443	multi	no	1093267
evalgm/CVPR/GeomSurf-7/gm134.wcsp	evalgm	GeomSurf-7	wcsp	354	multi	no	2092404
evalgm/CVPR/GeomSurf-7/gm135.wcsp	evalgm	GeomSurf-7	wcsp	562	multi	no	2129698
evalgm/CVPR/GeomSurf-7/gm136.wcsp	evalgm	GeomSurf-7	wcsp	396	multi	no	1779387
evalgm/CVPR/GeomSurf-7/gm137.wcsp	evalgm	GeomSurf-7	wcsp	1014	multi	no	5349223
evalgm/CVPR/GeomSurf-7/gm138.wcsp	evalgm	GeomSurf-7	wcsp	712	multi	no	1722118
evalgm/CVPR/GeomSurf-7/gm139.wcsp	evalgm	GeomSurf-7	wcsp	556	multi	no	2357167
evalgm/CVPR/GeomSurf-7/gm13.wcsp	evalgm	GeomSurf-7	wcsp	601	multi	no	2131922
evalgm/CVPR/GeomSurf-7/gm140.wcsp	evalgm	GeomSurf-7	wcsp	693	multi	no	6500197
evalgm/CVPR/GeomSurf-7/gm141.wcsp	evalgm	GeomSurf-7	wcsp	1045	multi	no	5126598
evalgm/CVPR/GeomSurf-7/gm142.wcsp	evalgm	GeomSurf-7	wcsp	884	multi	no	3683690
evalgm/CVPR/GeomSurf-7/gm143.wcsp	evalgm	GeomSurf-7	wcsp	768	multi	no	3174864
evalgm/CVPR/GeomSurf-7/gm144.wcsp	evalgm	GeomSurf-7	wcsp	787	multi	no	2759307
evalgm/CVPR/GeomSurf-7/gm145.wcsp	evalgm	GeomSurf-7	wcsp	1009	multi	no	7372438
evalgm/CVPR/GeomSurf-7/gm146.wcsp	evalgm	GeomSurf-7	wcsp	499	multi	no	1910499
evalgm/CVPR/GeomSurf-7/gm147.wcsp	evalgm	GeomSurf-7	wcsp	690	multi	no	4429186
evalgm/CVPR/GeomSurf-7/gm148.wcsp	evalgm	GeomSurf-7	wcsp	496	multi	no	3012712
evalgm/CVPR/GeomSurf-7/gm149.wcsp	evalgm	GeomSurf-7	wcsp	555	multi	no	1567113
evalgm/CVPR/GeomSurf-7/gm14.wcsp	evalgm	GeomSurf-7	wcsp	29	multi	no	52980
evalgm/CVPR/GeomSurf-7/gm150.wcsp	evalgm	GeomSurf-7	wcsp	596	multi	no	3037449
evalgm/CVPR/GeomSurf-7/gm151.wcsp	evalgm	GeomSurf-7	wcsp	558	multi	no	2789884
evalgm/CVPR/GeomSurf-7/gm152.wcsp	evalgm	GeomSurf-7	wcsp	292	multi	no	1084606
evalgm/CVPR/GeomSurf-7/gm153.wcsp	evalgm	GeomSurf-7	wcsp	207	multi	no	578526
evalgm/CVPR/GeomSurf-7/gm154.wcsp	evalgm	GeomSurf-7	wcsp	423	multi	no	1553253
evalgm/CVPR/GeomSurf-7/gm155.wcsp	evalgm	GeomSurf-7	wcsp	519	multi	no	3523523
evalgm/CVPR/GeomSurf-7/gm156.wcsp	evalgm	GeomSurf-7	wcsp	404	multi	no	1105550
evalgm/CVPR/GeomSurf-7/gm157.wcsp	evalgm	GeomSurf-7	wcsp	827	multi	no	3271232
evalgm/CVPR/GeomSurf-7/gm158.wcsp	evalgm	GeomSurf-7	wcsp	922	multi	no	3343972
evalgm/CVPR/GeomSurf-7/gm159.wcsp	evalgm	GeomSurf-7	wcsp	368	multi	no	960214
evalgm/CVPR/GeomSurf-7/gm15.wcsp	evalgm	GeomSurf-7	wcsp	531	multi	no	1254193
evalgm/CVPR/GeomSurf-7/gm160.wcsp	evalgm	GeomSurf-7	wcsp	645	multi	no	2990939
evalgm/CVPR/GeomSurf-7/gm161.wcsp	evalgm	GeomSurf-7	wcsp	777	multi	no	3347977
evalgm/CVPR/GeomSurf-7/gm162.wcsp	evalgm	GeomSurf-7	wcsp	622	multi	no	2146804
evalgm/CVPR/GeomSurf-7/gm163.wcsp	evalgm	GeomSurf-7	wcsp	548	multi	no	1825551
evalgm/CVPR/GeomSurf-7/gm164.wcsp	evalgm	GeomSurf-7	wcsp	736	multi	no	4098579
evalgm/CVPR/GeomSurf-7/gm165.wcsp	evalgm	GeomSurf-7	wcsp	488	multi	no	3311511
evalgm/CVPR/GeomSurf-7/gm166.wcsp	evalgm	GeomSurf-7	wcsp	969	multi	no	4703351
evalgm/CVPR/GeomSurf-7/gm167.wcsp	evalgm	GeomSurf-7	wcsp	614	multi	no	2755859
evalgm/CVPR/GeomSurf-7/gm168.wcsp	evalgm	GeomSurf-7	wcsp	724	multi	no	2343143
evalgm/CVPR/GeomSurf-7/gm169.wcsp	evalgm	GeomSurf-7	wcsp	1052	multi	no	7112285
evalgm/CVPR/GeomSurf-7/gm16.wcsp	evalgm	GeomSurf-7	wcsp	322	multi	no	1515890
evalgm/CVPR/GeomSurf-7/gm170.wcsp	evalgm	GeomSurf-7	wcsp	1051	multi	no	4286082
evalgm/CVPR/GeomSurf-7/gm171.wcsp	evalgm	GeomSurf-7	wcsp	518	multi	no	1389163
evalgm/CVPR/GeomSurf-7/gm172.wcsp	evalgm	GeomSurf-7	wcsp	383	multi	no	1232405
evalgm/CVPR/GeomSurf-7/gm173.wcsp	evalgm	GeomSurf-7	wcsp	291	multi	no	727694
evalgm/CVPR/GeomSurf-7/gm174.wcsp	evalgm	GeomSurf-7	wcsp	621	multi	no	1778415
evalgm/CVPR/GeomSurf-7/gm175.wcsp	evalgm	GeomSurf-7	wcsp	725	multi	no	2739013
evalgm/CVPR/GeomSurf-7/gm176.wcsp	evalgm	GeomSurf-7	wcsp	372	multi	no	1695165
evalgm/CVPR/GeomSurf-7/gm177.wcsp	evalgm	GeomSurf-7	wcsp	961	multi	no	6052341
evalgm/CVPR/GeomSurf-7/gm178.wcsp	evalgm	GeomSurf-7	wcsp	835	multi	no	4990195
evalgm/CVPR/GeomSurf-7/gm179.wcsp	evalgm	GeomSurf-7	wcsp	956	multi	no	3057995
evalgm/CVPR/GeomSurf-7/gm17.wcsp	evalgm	GeomSurf-7	wcsp	193	multi	no	753239
evalgm/CVPR/GeomSurf-7/gm180.wcsp	evalgm	GeomSurf-7	wcsp	427	multi	no	1251335
evalgm/CVPR/GeomSurf-7/gm181.wcsp	evalgm	GeomSurf-7	wcsp	392	multi	no	1441217
evalgm/CVPR/GeomSurf-7/gm182.wcsp	evalgm	GeomSurf-7	wcsp	874	multi	no	5768300
evalgm/CVPR/GeomSurf-7/gm183.wcsp	evalgm	GeomSurf-7	wcsp	537	multi	no	2795367
evalgm/CVPR/GeomSurf-7/gm184.wcsp	evalgm	GeomSurf-7	wcsp	160	multi	no	511842
evalgm/CVPR/GeomSurf-7/gm185.wcsp	evalgm	GeomSurf-7	wcsp	384	multi	no	1610288
evalgm/CVPR/GeomSurf-7/gm186.wcsp	evalgm	GeomSurf-7	wcsp	868	multi	no	4084360
evalgm/CVPR/GeomSurf-7/gm187.wcsp	evalgm	GeomSurf-7	wcsp	945	multi	no	3361899
evalgm/CVPR/GeomSurf-7/gm188.wcsp	evalgm	GeomSurf-7	wcsp	195	multi	no	446352
evalgm/CVPR/GeomSurf-7/gm189.wcsp	evalgm	GeomSurf-7	wcsp	638	multi	no	3027202
evalgm/CVPR/GeomSurf-7/gm18.wcsp	evalgm	GeomSurf-7	wcsp	348	multi	no	3957125
evalgm/CVPR/GeomSurf-7/gm190.wcsp	evalgm	GeomSurf-7	wcsp	1133	multi	no	5002330
evalgm/CVPR/GeomSurf-7/gm191.wcsp	evalgm	GeomSurf-7	wcsp	69	multi	no	164506
evalgm/CVPR/GeomSurf-7/gm192.wcsp	evalgm	GeomSurf-7	wcsp	99	multi	no	361696
evalgm/CVPR/GeomSurf-7/gm193.wcsp	evalgm	GeomSurf-7	wcsp	633	multi	no	3739096
evalgm/CVPR/GeomSurf-7/gm194.wcsp	evalgm	GeomSurf-7	wcsp	226	multi	no	578278
evalgm/CVPR/GeomSurf-7/gm195.wcsp	evalgm	GeomSurf-7	wcsp	386	multi	no	1422055
evalgm/CVPR/GeomSurf-7/gm196.wcsp	evalgm	GeomSurf-7	wcsp	86	multi	no	197654
evalgm/CVPR/GeomSurf-7/gm197.wcsp	evalgm	GeomSurf-7	wcsp	341	multi	no	1070741
evalgm/CVPR/GeomSurf-7/gm198.wcsp	evalgm	GeomSurf-7	wcsp	249	multi	no	795623
evalgm/CVPR/GeomSurf-7/gm199.wcsp	evalgm	GeomSurf-7	wcsp	604	multi	no	2527456
evalgm/CVPR/GeomSurf-7/gm19.wcsp	evalgm	GeomSurf-7	wcsp	961	multi	no	4132047
evalgm/CVPR/GeomSurf-7/gm1.wcsp	evalgm	GeomSurf-7	wcsp	544	multi	no	2882692
evalgm/CVPR/GeomSurf-7/gm200.wcsp	evalgm	GeomSurf-7	wcsp	477	multi	no	1368338
evalgm/CVPR/GeomSurf-7/gm201.wcsp	evalgm	GeomSurf-7	wcsp	328	multi	no	1170005
evalgm/CVPR/GeomSurf-7/gm202.wcsp	evalgm	GeomSurf-7	wcsp	634	multi	no	2522799
evalgm/CVPR/GeomSurf-7/gm203.wcsp	evalgm	GeomSurf-7	wcsp	187	multi	no	496997
evalgm/CVPR/GeomSurf-7/gm204.wcsp	evalgm	GeomSurf-7	wcsp	444	multi	no	1039025
evalgm/CVPR/GeomSurf-7/gm205.wcsp	evalgm	GeomSurf-7	wcsp	414	multi	no	1839522
evalgm/CVPR/GeomSurf-7/gm206.wcsp	evalgm	GeomSurf-7	wcsp	721	multi	no	2917660
evalgm/CVPR/GeomSurf-7/gm207.wcsp	evalgm	GeomSurf-7	wcsp	739	multi	no	2625716
evalgm/CVPR/GeomSurf-7/gm208.wcsp	evalgm	GeomSurf-7	wcsp	543	multi	no	2028979
evalgm/CVPR/GeomSurf-7/gm209.wcsp	evalgm	GeomSurf-7	wcsp	560	multi	no	1750722
evalgm/CVPR/GeomSurf-7/gm20.wcsp	evalgm	GeomSurf-7	wcsp	348	multi	no	1049365
evalgm/CVPR/GeomSurf-7/gm210.wcsp	evalgm	GeomSurf-7	wcsp	601	multi	no	1830873
evalgm/CVPR/GeomSurf-7/gm211.wcsp	evalgm	GeomSurf-7	wcsp	503	multi	no	1859017
evalgm/CVPR/GeomSurf-7/gm212.wcsp	evalgm	GeomSurf-7	wcsp	516	multi	no	1950158
evalgm/CVPR/GeomSurf-7/gm213.wcsp	evalgm	GeomSurf-7	wcsp	264	multi	no	587823
evalgm/CVPR/GeomSurf-7/gm214.wcsp	evalgm	GeomSurf-7	wcsp	716	multi	no	3717608
evalgm/CVPR/GeomSurf-7/gm215.wcsp	evalgm	GeomSurf-7	wcsp	678	multi	no	2262235
evalgm/CVPR/GeomSurf-7/gm216.wcsp	evalgm	GeomSurf-7	wcsp	501	multi	no	1860636
evalgm/CVPR/GeomSurf-7/gm217.wcsp	evalgm	GeomSurf-7	wcsp	403	multi	no	1368328
evalgm/CVPR/GeomSurf-7/gm218.wcsp	evalgm	GeomSurf-7	wcsp	318	multi	no	1379883
evalgm/CVPR/GeomSurf-7/gm219.wcsp	evalgm	GeomSurf-7	wcsp	682	multi	no	3228701
evalgm/CVPR/GeomSurf-7/gm21.wcsp	evalgm	GeomSurf-7	wcsp	361	multi	no	1073918
evalgm/CVPR/GeomSurf-7/gm220.wcsp	evalgm	GeomSurf-7	wcsp	73	multi	no	119372
evalgm/CVPR/GeomSurf-7/gm221.wcsp	evalgm	GeomSurf-7	wcsp	234	multi	no	605693
evalgm/CVPR/GeomSurf-7/gm222.wcsp	evalgm	GeomSurf-7	wcsp	365	multi	no	4048266
evalgm/CVPR/GeomSurf-7/gm223.wcsp	evalgm	GeomSurf-7	wcsp	472	multi	no	1776336
evalgm/CVPR/GeomSurf-7/gm224.wcsp	evalgm	GeomSurf-7	wcsp	238	multi	no	449271
evalgm/CVPR/GeomSurf-7/gm225.wcsp	evalgm	GeomSurf-7	wcsp	231	multi	no	411645
evalgm/CVPR/GeomSurf-7/gm226.wcsp	evalgm	GeomSurf-7	wcsp	451	multi	no	1625776
evalgm/CVPR/GeomSurf-7/gm227.wcsp	evalgm	GeomSurf-7	wcsp	303	multi	no	734520
evalgm/CVPR/GeomSurf-7/gm228.wcsp	evalgm	GeomSurf-7	wcsp	203	multi	no	626808
evalgm/CVPR/GeomSurf-7/gm229.wcsp	evalgm	GeomSurf-7	wcsp	304	multi	no	1095845
evalgm/CVPR/GeomSurf-7/gm22.wcsp	evalgm	GeomSurf-7	wcsp	372	multi	no	2351629
evalgm/CVPR/GeomSurf-7/gm230.wcsp	evalgm	GeomSurf-7	wcsp	490	multi	no	2878661
evalgm/CVPR/GeomSurf-7/gm231.wcsp	evalgm	GeomSurf-7	wcsp	762	multi	no	5962978
evalgm/CVPR/GeomSurf-7/gm232.wcsp	evalgm	GeomSurf-7	wcsp	353	multi	no	1831013
evalgm/CVPR/GeomSurf-7/gm233.wcsp	evalgm	GeomSurf-7	wcsp	481	multi	no	1945439
evalgm/CVPR/GeomSurf-7/gm234.wcsp	evalgm	GeomSurf-7	wcsp	511	multi	no	3115984
evalgm/CVPR/GeomSurf-7/gm235.wcsp	evalgm	GeomSurf-7	wcsp	227	multi	no	1137120
evalgm/CVPR/GeomSurf-7/gm236.wcsp	evalgm	GeomSurf-7	wcsp	588	multi	no	3008557
evalgm/CVPR/GeomSurf-7/gm237.wcsp	evalgm	GeomSurf-7	wcsp	971	multi	no	4470295
evalgm/CVPR/GeomSurf-7/gm238.wcsp	evalgm	GeomSurf-7	wcsp	832	multi	no	2349133
evalgm/CVPR/GeomSurf-7/gm239.wcsp	evalgm	GeomSurf-7	wcsp	409	multi	no	2508926
evalgm/CVPR/GeomSurf-7/gm23.wcsp	evalgm	GeomSurf-7	wcsp	927	multi	no	5111394
evalgm/CVPR/GeomSurf-7/gm240.wcsp	evalgm	GeomSurf-7	wcsp	313	multi	no	1500413
evalgm/CVPR/GeomSurf-7/gm241.wcsp	evalgm	GeomSurf-7	wcsp	596	multi	no	1714857
evalgm/CVPR/GeomSurf-7/gm242.wcsp	evalgm	GeomSurf-7	wcsp	344	multi	no	1167166
evalgm/CVPR/GeomSurf-7/gm243.wcsp	evalgm	GeomSurf-7	wcsp	514	multi	no	2206903
evalgm/CVPR/GeomSurf-7/gm244.wcsp	evalgm	GeomSurf-7	wcsp	605	multi	no	2109966
evalgm/CVPR/GeomSurf-7/gm245.wcsp	evalgm	GeomSurf-7	wcsp	458	multi	no	2463924
evalgm/CVPR/GeomSurf-7/gm246.wcsp	evalgm	GeomSurf-7	wcsp	831	multi	no	2600417
evalgm/CVPR/GeomSurf-7/gm247.wcsp	evalgm	GeomSurf-7	wcsp	450	multi	no	2197754
evalgm/CVPR/GeomSurf-7/gm248.wcsp	evalgm	GeomSurf-7	wcsp	895	multi	no	6021502
evalgm/CVPR/GeomSurf-7/gm249.wcsp	evalgm	GeomSurf-7	wcsp	412	multi	no	1155779
evalgm/CVPR/GeomSurf-7/gm24.wcsp	evalgm	GeomSurf-7	wcsp	80	multi	no	272566
evalgm/CVPR/GeomSurf-7/gm250.wcsp	evalgm	GeomSurf-7	wcsp	432	multi	no	2281317
evalgm/CVPR/GeomSurf-7/gm251.wcsp	evalgm	GeomSurf-7	wcsp	289	multi	no	719362
evalgm/CVPR/GeomSurf-7/gm252.wcsp	evalgm	GeomSurf-7	wcsp	446	multi	no	998233
evalgm/CVPR/GeomSurf-7/gm253.wcsp	evalgm	GeomSurf-7	wcsp	404	multi	no	1747423
evalgm/CVPR/GeomSurf-7/gm254.wcsp	evalgm	GeomSurf-7	wcsp	536	multi	no	3361390
evalgm/CVPR/GeomSurf-7/gm255.wcsp	evalgm	GeomSurf-7	wcsp	516	multi	no	3038523
evalgm/CVPR/GeomSurf-7/gm256.wcsp	evalgm	GeomSurf-7	wcsp	787	multi	no	4392033
evalgm/CVPR/GeomSurf-7/gm257.wcsp	evalgm	GeomSurf-7	wcsp	958	multi	no	4217237
evalgm/CVPR/GeomSurf-7/gm258.wcsp	evalgm	GeomSurf-7	wcsp	681	multi	no	2913382
evalgm/CVPR/GeomSurf-7/gm259.wcsp	evalgm	GeomSurf-7	wcsp	425	multi	no	1181757
evalgm/CVPR/GeomSurf-7/gm25.wcsp	evalgm	GeomSurf-7	wcsp	589	multi	no	3248212
evalgm/CVPR/GeomSurf-7/gm260.wcsp	evalgm	GeomSurf-7	wcsp	271	multi	no	594291
evalgm/CVPR/GeomSurf-7/gm261.wcsp	evalgm	GeomSurf-7	wcsp	433	multi	no	1191790
evalgm/CVPR/GeomSurf-7/gm262.wcsp	evalgm	GeomSurf-7	wcsp	379	multi	no	895917
evalgm/CVPR/GeomSurf-7/gm263.wcsp	evalgm	GeomSurf-7	wcsp	518	multi	no	1723612
evalgm/CVPR/GeomSurf-7/gm264.wcsp	evalgm	GeomSurf-7	wcsp	824	multi	no	3247940
evalgm/CVPR/GeomSurf-7/gm265.wcsp	evalgm	GeomSurf-7	wcsp	695	multi	no	2815887
evalgm/CVPR/GeomSurf-7/gm266.wcsp	evalgm	GeomSurf-7	wcsp	728	multi	no	2412759
evalgm/CVPR/GeomSurf-7/gm267.wcsp	evalgm	GeomSurf-7	wcsp	905	multi	no	4533513
evalgm/CVPR/GeomSurf-7/gm268.wcsp	evalgm	GeomSurf-7	wcsp	703	multi	no	3408434
evalgm/CVPR/GeomSurf-7/gm269.wcsp	evalgm	GeomSurf-7	wcsp	1033	multi	no	6307502
evalgm/CVPR/GeomSurf-7/gm26.wcsp	evalgm	GeomSurf-7	wcsp	197	multi	no	673309
evalgm/CVPR/GeomSurf-7/gm270.wcsp	evalgm	GeomSurf-7	wcsp	467	multi	no	1524132
evalgm/CVPR/GeomSurf-7/gm271.wcsp	evalgm	GeomSurf-7	wcsp	703	multi	no	3214708
evalgm/CVPR/GeomSurf-7/gm272.wcsp	evalgm	GeomSurf-7	wcsp	673	multi	no	3337957
evalgm/CVPR/GeomSurf-7/gm273.wcsp	evalgm	GeomSurf-7	wcsp	687	multi	no	4212749
evalgm/CVPR/GeomSurf-7/gm274.wcsp	evalgm	GeomSurf-7	wcsp	230	multi	no	1242406
evalgm/CVPR/GeomSurf-7/gm275.wcsp	evalgm	GeomSurf-7	wcsp	743	multi	no	3440851
evalgm/CVPR/GeomSurf-7/gm276.wcsp	evalgm	GeomSurf-7	wcsp	264	multi	no	879536
evalgm/CVPR/GeomSurf-7/gm277.wcsp	evalgm	GeomSurf-7	wcsp	494	multi	no	1676738
evalgm/CVPR/GeomSurf-7/gm278.wcsp	evalgm	GeomSurf-7	wcsp	675	multi	no	1671980
evalgm/CVPR/GeomSurf-7/gm279.wcsp	evalgm	GeomSurf-7	wcsp	319	multi	no	1031269
evalgm/CVPR/GeomSurf-7/gm27.wcsp	evalgm	GeomSurf-7	wcsp	470	multi	no	1076487
evalgm/CVPR/GeomSurf-7/gm280.wcsp	evalgm	GeomSurf-7	wcsp	275	multi	no	752888
evalgm/CVPR/GeomSurf-7/gm281.wcsp	evalgm	GeomSurf-7	wcsp	767	multi	no	4595224
evalgm/CVPR/GeomSurf-7/gm282.wcsp	evalgm	GeomSurf-7	wcsp	534	multi	no	1863438
evalgm/CVPR/GeomSurf-7/gm283.wcsp	evalgm	GeomSurf-7	wcsp	507	multi	no	1817551
evalgm/CVPR/GeomSurf-7/gm284.wcsp	evalgm	GeomSurf-7	wcsp	363	multi	no	1475750
evalgm/CVPR/GeomSurf-7/gm285.wcsp	evalgm	GeomSurf-7	wcsp	300	multi	no	809782
evalgm/CVPR/GeomSurf-7/gm286.wcsp	evalgm	GeomSurf-7	wcsp	527	multi	no	2353957
evalgm/CVPR/GeomSurf-7/gm287.wcsp	evalgm	GeomSurf-7	wcsp	336	multi	no	909594
evalgm/CVPR/GeomSurf-7/gm288.wcsp	evalgm	GeomSurf-7	wcsp	460	multi	no	2172387
evalgm/CVPR/GeomSurf-7/gm289.wcsp	evalgm	GeomSurf-7	wcsp	497	multi	no	2623486
evalgm/CVPR/GeomSurf-7/gm28.wcsp	evalgm	GeomSurf-7	wcsp	749	multi	no	2686976
evalgm/CVPR/GeomSurf-7/gm290.wcsp	evalgm	GeomSurf-7	wcsp	836	multi	no	4513641
evalgm/CVPR/GeomSurf-7/gm291.wcsp	evalgm	GeomSurf-7	wcsp	446	multi	no	2225350
evalgm/CVPR/GeomSurf-7/gm292.wcsp	evalgm	GeomSurf-7	wcsp	782	multi	no	3785063
evalgm/CVPR/GeomSurf-7/gm293.wcsp	evalgm	GeomSurf-7	wcsp	481	multi	no	2362332
evalgm/CVPR/GeomSurf-7/gm294.wcsp	evalgm	GeomSurf-7	wcsp	162	multi	no	787060
evalgm/CVPR/GeomSurf-7/gm295.wcsp	evalgm	GeomSurf-7	wcsp	525	multi	no	3921511
evalgm/CVPR/GeomSurf-7/gm296.wcsp	evalgm	GeomSurf-7	wcsp	562	multi	no	2658006
evalgm/CVPR/GeomSurf-7/gm297.wcsp	evalgm	GeomSurf-7	wcsp	384	multi	no	1339875
evalgm/CVPR/GeomSurf-7/gm298.wcsp	evalgm	GeomSurf-7	wcsp	273	multi	no	764461
evalgm/CVPR/GeomSurf-7/gm299.wcsp	evalgm	GeomSurf-7	wcsp	242	multi	no	1462996
evalgm/CVPR/GeomSurf-7/gm29.wcsp	evalgm	GeomSurf-7	wcsp	212	multi	no	1181883
evalgm/CVPR/GeomSurf-7/gm2.wcsp	evalgm	GeomSurf-7	wcsp	638	multi	no	4207141
evalgm/CVPR/GeomSurf-7/gm300.wcsp	evalgm	GeomSurf-7	wcsp	164	multi	no	672943
evalgm/CVPR/GeomSurf-7/gm30.wcsp	evalgm	GeomSurf-7	wcsp	421	multi	no	1988001
evalgm/CVPR/GeomSurf-7/gm31.wcsp	evalgm	GeomSurf-7	wcsp	250	multi	no	732860
evalgm/CVPR/GeomSurf-7/gm32.wcsp	evalgm	GeomSurf-7	wcsp	100	multi	no	322052
evalgm/CVPR/GeomSurf-7/gm33.wcsp	evalgm	GeomSurf-7	wcsp	505	multi	no	4020881
evalgm/CVPR/GeomSurf-7/gm34.wcsp	evalgm	GeomSurf-7	wcsp	604	multi	no	2314289
evalgm/CVPR/GeomSurf-7/gm35.wcsp	evalgm	GeomSurf-7	wcsp	711	multi	no	2464454
evalgm/CVPR/GeomSurf-7/gm36.wcsp	evalgm	GeomSurf-7	wcsp	537	multi	no	1965093
evalgm/CVPR/GeomSurf-7/gm37.wcsp	evalgm	GeomSurf-7	wcsp	184	multi	no	538233
evalgm/CVPR/GeomSurf-7/gm38.wcsp	evalgm	GeomSurf-7	wcsp	408	multi	no	1158277
evalgm/CVPR/GeomSurf-7/gm39.wcsp	evalgm	GeomSurf-7	wcsp	166	multi	no	827111
evalgm/CVPR/GeomSurf-7/gm3.wcsp	evalgm	GeomSurf-7	wcsp	301	multi	no	2472045
evalgm/CVPR/GeomSurf-7/gm40.wcsp	evalgm	GeomSurf-7	wcsp	168	multi	no	1255611
evalgm/CVPR/GeomSurf-7/gm41.wcsp	evalgm	GeomSurf-7	wcsp	219	multi	no	1060929
evalgm/CVPR/GeomSurf-7/gm42.wcsp	evalgm	GeomSurf-7	wcsp	571	multi	no	3558500
evalgm/CVPR/GeomSurf-7/gm43.wcsp	evalgm	GeomSurf-7	wcsp	365	multi	no	1325176
evalgm/CVPR/GeomSurf-7/gm44.wcsp	evalgm	GeomSurf-7	wcsp	534	multi	no	2341692
evalgm/CVPR/GeomSurf-7/gm45.wcsp	evalgm	GeomSurf-7	wcsp	676	multi	no	4043786
evalgm/CVPR/GeomSurf-7/gm46.wcsp	evalgm	GeomSurf-7	wcsp	601	multi	no	3893809
evalgm/CVPR/GeomSurf-7/gm47.wcsp	evalgm	GeomSurf-7	wcsp	280	multi	no	1004806
evalgm/CVPR/GeomSurf-7/gm48.wcsp	evalgm	GeomSurf-7	wcsp	285	multi	no	1070928
evalgm/CVPR/GeomSurf-7/gm49.wcsp	evalgm	GeomSurf-7	wcsp	581	multi	no	3227334
evalgm/CVPR/GeomSurf-7/gm4.wcsp	evalgm	GeomSurf-7	wcsp	392	multi	no	3591515
evalgm/CVPR/GeomSurf-7/gm50.wcsp	evalgm	GeomSurf-7	wcsp	513	multi	no	2760982
evalgm/CVPR/GeomSurf-7/gm51.wcsp	evalgm	GeomSurf-7	wcsp	169	multi	no	673522
evalgm/CVPR/GeomSurf-7/gm52.wcsp	evalgm	GeomSurf-7	wcsp	276	multi	no	1519377
evalgm/CVPR/GeomSurf-7/gm53.wcsp	evalgm	GeomSurf-7	wcsp	320	multi	no	1223978
evalgm/CVPR/GeomSurf-7/gm54.wcsp	evalgm	GeomSurf-7	wcsp	239	multi	no	1001408
evalgm/CVPR/GeomSurf-7/gm55.wcsp	evalgm	GeomSurf-7	wcsp	324	multi	no	1474518
evalgm/CVPR/GeomSurf-7/gm56.wcsp	evalgm	GeomSurf-7	wcsp	240	multi	no	920891
evalgm/CVPR/GeomSurf-7/gm57.wcsp	evalgm	GeomSurf-7	wcsp	183	multi	no	525769
evalgm/CVPR/GeomSurf-7/gm58.wcsp	evalgm	GeomSurf-7	wcsp	432	multi	no	1873269
evalgm/CVPR/GeomSurf-7/gm59.wcsp	evalgm	GeomSurf-7	wcsp	474	multi	no	2513085
evalgm/CVPR/GeomSurf-7/gm5.wcsp	evalgm	GeomSurf-7	wcsp	269	multi	no	1976006
evalgm/CVPR/GeomSurf-7/gm60.wcsp	evalgm	GeomSurf-7	wcsp	746	multi	no	3332936
evalgm/CVPR/GeomSurf-7/gm61.wcsp	evalgm	GeomSurf-7	wcsp	249	multi	no	799636
evalgm/CVPR/GeomSurf-7/gm62.wcsp	evalgm	GeomSurf-7	wcsp	593	multi	no	2413672
evalgm/CVPR/GeomSurf-7/gm63.wcsp	evalgm	GeomSurf-7	wcsp	701	multi	no	2870772
evalgm/CVPR/GeomSurf-7/gm64.wcsp	evalgm	GeomSurf-7	wcsp	294	multi	no	866977
evalgm/CVPR/GeomSurf-7/gm65.wcsp	evalgm	GeomSurf-7	wcsp	500	multi	no	1820218
evalgm/CVPR/GeomSurf-7/gm66.wcsp	evalgm	GeomSurf-7	wcsp	198	multi	no	635546
evalgm/CVPR/GeomSurf-7/gm67.wcsp	evalgm	GeomSurf-7	wcsp	139	multi	no	259223
evalgm/CVPR/GeomSurf-7/gm68.wcsp	evalgm	GeomSurf-7	wcsp	190	multi	no	772547
evalgm/CVPR/GeomSurf-7/gm69.wcsp	evalgm	GeomSurf-7	wcsp	231	multi	no	602594
evalgm/CVPR/GeomSurf-7/gm6.wcsp	evalgm	GeomSurf-7	wcsp	320	multi	no	4238836
evalgm/CVPR/GeomSurf-7/gm70.wcsp	evalgm	GeomSurf-7	wcsp	122	multi	no	322640
evalgm/CVPR/GeomSurf-7/gm71.wcsp	evalgm	GeomSurf-7	wcsp	315	multi	no	1107864
evalgm/CVPR/GeomSurf-7/gm72.wcsp	evalgm	GeomSurf-7	wcsp	320	multi	no	872625
evalgm/CVPR/GeomSurf-7/gm73.wcsp	evalgm	GeomSurf-7	wcsp	204	multi	no	462656
evalgm/CVPR/GeomSurf-7/gm74.wcsp	evalgm	GeomSurf-7	wcsp	605	multi	no	1820468
evalgm/CVPR/GeomSurf-7/gm75.wcsp	evalgm	GeomSurf-7	wcsp	687	multi	no	2172765
evalgm/CVPR/GeomSurf-7/gm76.wcsp	evalgm	GeomSurf-7	wcsp	444	multi	no	1675386
evalgm/CVPR/GeomSurf-7/gm77.wcsp	evalgm	GeomSurf-7	wcsp	350	multi	no	733276
evalgm/CVPR/GeomSurf-7/gm78.wcsp	evalgm	GeomSurf-7	wcsp	177	multi	no	921580
evalgm/CVPR/GeomSurf-7/gm79.wcsp	evalgm	GeomSurf-7	wcsp	727	multi	no	5170130
evalgm/CVPR/GeomSurf-7/gm7.wcsp	evalgm	GeomSurf-7	wcsp	546	multi	no	2609825
evalgm/CVPR/GeomSurf-7/gm80.wcsp	evalgm	GeomSurf-7	wcsp	329	multi	no	1382251
evalgm/CVPR/GeomSurf-7/gm81.wcsp	evalgm	GeomSurf-7	wcsp	357	multi	no	1353435
evalgm/CVPR/GeomSurf-7/gm82.wcsp	evalgm	GeomSurf-7	wcsp	643	multi	no	2524510
evalgm/CVPR/GeomSurf-7/gm83.wcsp	evalgm	GeomSurf-7	wcsp	267	multi	no	1040297
evalgm/CVPR/GeomSurf-7/gm84.wcsp	evalgm	GeomSurf-7	wcsp	475	multi	no	1682323
evalgm/CVPR/GeomSurf-7/gm85.wcsp	evalgm	GeomSurf-7	wcsp	143	multi	no	382787
evalgm/CVPR/GeomSurf-7/gm86.wcsp	evalgm	GeomSurf-7	wcsp	415	multi	no	1680054
evalgm/CVPR/GeomSurf-7/gm87.wcsp	evalgm	GeomSurf-7	wcsp	753	multi	no	3163369
evalgm/CVPR/GeomSurf-7/gm88.wcsp	evalgm	GeomSurf-7	wcsp	262	multi	no	692156
evalgm/CVPR/GeomSurf-7/gm89.wcsp	evalgm	GeomSurf-7	wcsp	449	multi	no	1115626
evalgm/CVPR/GeomSurf-7/gm8.wcsp	evalgm	GeomSurf-7	wcsp	467	multi	no	2208135
evalgm/CVPR/GeomSurf-7/gm90.wcsp	evalgm	GeomSurf-7	wcsp	208	multi	no	867742
evalgm/CVPR/GeomSurf-7/gm91.wcsp	evalgm	GeomSurf-7	wcsp	816	multi	no	2872062
evalgm/CVPR/GeomSurf-7/gm92.wcsp	evalgm	GeomSurf-7	wcsp	306	multi	no	850062
evalgm/CVPR/GeomSurf-7/gm93.wcsp	evalgm	GeomSurf-7	wcsp	893	multi	no	4805167
evalgm/CVPR/GeomSurf-7/gm94.wcsp	evalgm	GeomSurf-7	wcsp	633	multi	no	2287457
evalgm/CVPR/GeomSurf-7/gm95.wcsp	evalgm	GeomSurf-7	wcsp	460	multi	no	2278597
evalgm/CVPR/GeomSurf-7/gm96.wcsp	evalgm	GeomSurf-7	wcsp	1117	multi	no	5607250
evalgm/CVPR/GeomSurf-7/gm97.wcsp	evalgm	GeomSurf-7	wcsp	653	multi	no	1882731
evalgm/CVPR/GeomSurf-7/gm98.wcsp	evalgm	GeomSurf-7	wcsp	318	multi	no	1218628
evalgm/CVPR/GeomSurf-7/gm99.wcsp	evalgm	GeomSurf-7	wcsp	420	multi	no	1836403
evalgm/CVPR/GeomSurf-7/gm9.wcsp	evalgm	GeomSurf-7	wcsp	608	multi	no	2683805
evalgm/CVPR/InPainting-4/triplepoint4-plain-ring-inverse.wcsp	evalgm	InPainting-4	wcsp	14400	multi	no	6334141
evalgm/CVPR/InPainting-4/triplepoint4-plain-ring.wcsp	evalgm	InPainting-4	wcsp	14400	multi	no	6383957
evalgm/CVPR/InPainting-8/triplepoint4-plain-ring-inverse.wcsp	evalgm	InPainting-8	wcsp	14400	multi	no	11926845
evalgm/CVPR/InPainting-8/triplepoint4-plain-ring.wcsp	evalgm	InPainting-8	wcsp	14400	multi	no	11976661
evalgm/CVPR/Matching/matching0.wcsp	evalgm	Matching	wcsp	19	multi	no	480369
evalgm/CVPR/Matching/matching1.wcsp	evalgm	Matching	wcsp	19	multi	no	720031
evalgm/CVPR/Matching/matching2.wcsp	evalgm	Matching	wcsp	20	multi	no	886542
evalgm/CVPR/Matching/matching3.wcsp	evalgm	Matching	wcsp	19	multi	no	475640
evalgm/CVPR/MatchingStereo/tsu-gm.wcsp	evalgm	MatchingStereo	wcsp	110592	multi	no	448832807
evalgm/CVPR/MatchingStereo/ven-gm.wcsp	evalgm	MatchingStereo	wcsp	166222	multi	no	1195973637
evalgm/CVPR/ObjectSeg/objseg-349.wcsp	evalgm	ObjectSeg	wcsp	68160	multi	no	32314372
evalgm/CVPR/ObjectSeg/objseg-353.wcsp	evalgm	ObjectSeg	wcsp	68160	multi	no	93917153
evalgm/CVPR/ObjectSeg/objseg-358.wcsp	evalgm	ObjectSeg	wcsp	68160	multi	no	49137897
evalgm/CVPR/ObjectSeg/objseg-416.wcsp	evalgm	ObjectSeg	wcsp	68160	multi	no	49040526
evalgm/CVPR/ObjectSeg/objseg-552.wcsp	evalgm	ObjectSeg	wcsp	68160	multi	no	121713137
evalgm/CVPR/PhotoMontage/family-gm.wcsp	evalgm	PhotoMontage	wcsp	425632	multi	no	196146072
evalgm/CVPR/PhotoMontage/pano-gm.wcsp	evalgm	PhotoMontage	wcsp	514080	multi	no	461994260
evalgm/CVPR/SceneDecomp/0000047.wcsp	evalgm	SceneDecomp	wcsp	186	multi	no	476271
evalgm/CVPR/SceneDecomp/0000051.wcsp	evalgm	SceneDecomp	wcsp	183	multi	no	495066
evalgm/CVPR/SceneDecomp/0000059.wcsp	evalgm	SceneDecomp	wcsp	197	multi	no	504802
evalgm/CVPR/SceneDecomp/0000072.wcsp	evalgm	SceneDecomp	wcsp	196	multi	no	499139
evalgm/CVPR/SceneDecomp/0000087.wcsp	evalgm	SceneDecomp	wcsp	196	multi	no	534585
evalgm/CVPR/SceneDecomp/0000176.wcsp	evalgm	SceneDecomp	wcsp	196	multi	no	501951
evalgm/CVPR/SceneDecomp/0000382.wcsp	evalgm	SceneDecomp	wcsp	166	multi	no	451221
evalgm/CVPR/SceneDecomp/0000631.wcsp	evalgm	SceneDecomp	wcsp	168	multi	no	452546
evalgm/CVPR/SceneDecomp/0000643.wcsp	evalgm	SceneDecomp	wcsp	185	multi	no	468897
evalgm/CVPR/SceneDecomp/0000697.wcsp	evalgm	SceneDecomp	wcsp	173	multi	no	442087
evalgm/CVPR/SceneDecomp/0000759.wcsp	evalgm	SceneDecomp	wcsp	166	multi	no	444981
evalgm/CVPR/SceneDecomp/0000794.wcsp	evalgm	SceneDecomp	wcsp	151	multi	no	406600
evalgm/CVPR/SceneDecomp/0000952.wcsp	evalgm	SceneDecomp	wcsp	193	multi	no	490331
evalgm/CVPR/SceneDecomp/0001677.wcsp	evalgm	SceneDecomp	wcsp	180	multi	no	467427
evalgm/CVPR/SceneDecomp/0002136.wcsp	evalgm	SceneDecomp	wcsp	191	multi	no	522376
evalgm/CVPR/SceneDecomp/0002395.wcsp	evalgm	SceneDecomp	wcsp	174	multi	no	476700
evalgm/CVPR/SceneDecomp/0002755.wcsp	evalgm	SceneDecomp	wcsp	190	multi	no	480058
evalgm/CVPR/SceneDecomp/0003178.wcsp	evalgm	SceneDecomp	wcsp	172	multi	no	438004
evalgm/CVPR/SceneDecomp/0003423.wcsp	evalgm	SceneDecomp	wcsp	153	multi	no	410796
evalgm/CVPR/SceneDecomp/0003463.wcsp	evalgm	SceneDecomp	wcsp	163	multi	no	415103
evalgm/CVPR/SceneDecomp/0003728.wcsp	evalgm	SceneDecomp	wcsp	189	multi	no	480424
evalgm/CVPR/SceneDecomp/0003793.wcsp	evalgm	SceneDecomp	wcsp	179	multi	no	453445
evalgm/CVPR/SceneDecomp/0003957.wcsp	evalgm	SceneDecomp	wcsp	158	multi	no	422647
evalgm/CVPR/SceneDecomp/0004028.wcsp	evalgm	SceneDecomp	wcsp	179	multi	no	452849
evalgm/CVPR/SceneDecomp/0004069.wcsp	evalgm	SceneDecomp	wcsp	186	multi	no	479715
evalgm/CVPR/SceneDecomp/0004294.wcsp	evalgm	SceneDecomp	wcsp	169	multi	no	428600
evalgm/CVPR/SceneDecomp/0004498.wcsp	evalgm	SceneDecomp	wcsp	189	multi	no	481132
evalgm/CVPR/SceneDecomp/0004774.wcsp	evalgm	SceneDecomp	wcsp	155	multi	no	421907
evalgm/CVPR/SceneDecomp/0005074.wcsp	evalgm	SceneDecomp	wcsp	188	multi	no	511382
evalgm/CVPR/SceneDecomp/0005079.wcsp	evalgm	SceneDecomp	wcsp	169	multi	no	425876
evalgm/CVPR/SceneDecomp/0005633.wcsp	evalgm	SceneDecomp	wcsp	176	multi	no	449688
evalgm/CVPR/SceneDecomp/0006575.wcsp	evalgm	SceneDecomp	wcsp	189	multi	no	482706
evalgm/CVPR/SceneDecomp/0007323.wcsp	evalgm	SceneDecomp	wcsp	171	multi	no	464641
evalgm/CVPR/SceneDecomp/0007545.wcsp	evalgm	SceneDecomp	wcsp	156	multi	no	392553
evalgm/CVPR/SceneDecomp/0007932.wcsp	evalgm	SceneDecomp	wcsp	185	multi	no	507063
evalgm/CVPR/SceneDecomp/0009212.wcsp	evalgm	SceneDecomp	wcsp	158	multi	no	399758
evalgm/CVPR/SceneDecomp/0010830.wcsp	evalgm	SceneDecomp	wcsp	187	multi	no	509203
evalgm/CVPR/SceneDecomp/0010950.wcsp	evalgm	SceneDecomp	wcsp	196	multi	no	535473
evalgm/CVPR/SceneDecomp/0011003.wcsp	evalgm	SceneDecomp	wcsp	157	multi	no	395481
evalgm/CVPR/SceneDecomp/0011033.wcsp	evalgm	SceneDecomp	wcsp	198	multi	no	507879
evalgm/CVPR/SceneDecomp/0011073.wcsp	evalgm	SceneDecomp	wcsp	190	multi	no	482439
evalgm/CVPR/SceneDecomp/0011088.wcsp	evalgm	SceneDecomp	wcsp	183	multi	no	497837
evalgm/CVPR/SceneDecomp/0011116.wcsp	evalgm	SceneDecomp	wcsp	188	multi	no	477488
evalgm/CVPR/SceneDecomp/0011154.wcsp	evalgm	SceneDecomp	wcsp	179	multi	no	482018
evalgm/CVPR/SceneDecomp/0100026.wcsp	evalgm	SceneDecomp	wcsp	169	multi	no	426037
evalgm/CVPR/SceneDecomp/0100030.wcsp	evalgm	SceneDecomp	wcsp	184	multi	no	474117
evalgm/CVPR/SceneDecomp/0100061.wcsp	evalgm	SceneDecomp	wcsp	155	multi	no	390926
evalgm/CVPR/SceneDecomp/0100091.wcsp	evalgm	SceneDecomp	wcsp	192	multi	no	523585
evalgm/CVPR/SceneDecomp/0100113.wcsp	evalgm	SceneDecomp	wcsp	155	multi	no	393453
evalgm/CVPR/SceneDecomp/0100132.wcsp	evalgm	SceneDecomp	wcsp	178	multi	no	484717
evalgm/CVPR/SceneDecomp/0100164.wcsp	evalgm	SceneDecomp	wcsp	186	multi	no	478327
evalgm/CVPR/SceneDecomp/0100241.wcsp	evalgm	SceneDecomp	wcsp	185	multi	no	471636
evalgm/CVPR/SceneDecomp/0100477.wcsp	evalgm	SceneDecomp	wcsp	172	multi	no	467293
evalgm/CVPR/SceneDecomp/0100579.wcsp	evalgm	SceneDecomp	wcsp	165	multi	no	446459
evalgm/CVPR/SceneDecomp/0100628.wcsp	evalgm	SceneDecomp	wcsp	172	multi	no	437471
evalgm/CVPR/SceneDecomp/0100740.wcsp	evalgm	SceneDecomp	wcsp	182	multi	no	462403
evalgm/CVPR/SceneDecomp/0100787.wcsp	evalgm	SceneDecomp	wcsp	187	multi	no	478096
evalgm/CVPR/SceneDecomp/0100822.wcsp	evalgm	SceneDecomp	wcsp	185	multi	no	504302
evalgm/CVPR/SceneDecomp/0100851.wcsp	evalgm	SceneDecomp	wcsp	181	multi	no	458135
evalgm/CVPR/SceneDecomp/0100855.wcsp	evalgm	SceneDecomp	wcsp	189	multi	no	517054
evalgm/CVPR/SceneDecomp/0100892.wcsp	evalgm	SceneDecomp	wcsp	188	multi	no	481801
evalgm/CVPR/SceneDecomp/0100935.wcsp	evalgm	SceneDecomp	wcsp	177	multi	no	477649
evalgm/CVPR/SceneDecomp/0101060.wcsp	evalgm	SceneDecomp	wcsp	161	multi	no	408017
evalgm/CVPR/SceneDecomp/0101121.wcsp	evalgm	SceneDecomp	wcsp	180	multi	no	482904
evalgm/CVPR/SceneDecomp/0101434.wcsp	evalgm	SceneDecomp	wcsp	173	multi	no	451273
evalgm/CVPR/SceneDecomp/0101463.wcsp	evalgm	SceneDecomp	wcsp	162	multi	no	407922
evalgm/CVPR/SceneDecomp/0101488.wcsp	evalgm	SceneDecomp	wcsp	164	multi	no	438495
evalgm/CVPR/SceneDecomp/0101492.wcsp	evalgm	SceneDecomp	wcsp	161	multi	no	434923
evalgm/CVPR/SceneDecomp/0101801.wcsp	evalgm	SceneDecomp	wcsp	189	multi	no	481011
evalgm/CVPR/SceneDecomp/0102039.wcsp	evalgm	SceneDecomp	wcsp	166	multi	no	450266
evalgm/CVPR/SceneDecomp/0102170.wcsp	evalgm	SceneDecomp	wcsp	186	multi	no	472285
evalgm/CVPR/SceneDecomp/0102234.wcsp	evalgm	SceneDecomp	wcsp	183	multi	no	466052
evalgm/CVPR/SceneDecomp/0102403.wcsp	evalgm	SceneDecomp	wcsp	190	multi	no	485879
evalgm/CVPR/SceneDecomp/0102435.wcsp	evalgm	SceneDecomp	wcsp	182	multi	no	494151
evalgm/CVPR/SceneDecomp/0102436.wcsp	evalgm	SceneDecomp	wcsp	194	multi	no	496854
evalgm/CVPR/SceneDecomp/0102534.wcsp	evalgm	SceneDecomp	wcsp	163	multi	no	440190
evalgm/CVPR/SceneDecomp/0102544.wcsp	evalgm	SceneDecomp	wcsp	194	multi	no	495195
evalgm/CVPR/SceneDecomp/0102566.wcsp	evalgm	SceneDecomp	wcsp	181	multi	no	495755
evalgm/CVPR/SceneDecomp/0103256.wcsp	evalgm	SceneDecomp	wcsp	190	multi	no	521246
evalgm/CVPR/SceneDecomp/0103344.wcsp	evalgm	SceneDecomp	wcsp	165	multi	no	420111
evalgm/CVPR/SceneDecomp/0103420.wcsp	evalgm	SceneDecomp	wcsp	184	multi	no	501274
evalgm/CVPR/SceneDecomp/0103468.wcsp	evalgm	SceneDecomp	wcsp	182	multi	no	491684
evalgm/CVPR/SceneDecomp/0103740.wcsp	evalgm	SceneDecomp	wcsp	180	multi	no	454659
evalgm/CVPR/SceneDecomp/0104019.wcsp	evalgm	SceneDecomp	wcsp	197	multi	no	541032
evalgm/CVPR/SceneDecomp/0104194.wcsp	evalgm	SceneDecomp	wcsp	177	multi	no	448151
evalgm/CVPR/SceneDecomp/0104439.wcsp	evalgm	SceneDecomp	wcsp	152	multi	no	409835
evalgm/CVPR/SceneDecomp/0104463.wcsp	evalgm	SceneDecomp	wcsp	182	multi	no	463063
evalgm/CVPR/SceneDecomp/0104552.wcsp	evalgm	SceneDecomp	wcsp	192	multi	no	523684
evalgm/CVPR/SceneDecomp/0104808.wcsp	evalgm	SceneDecomp	wcsp	184	multi	no	466831
evalgm/CVPR/SceneDecomp/0104958.wcsp	evalgm	SceneDecomp	wcsp	153	multi	no	410774
evalgm/CVPR/SceneDecomp/0105003.wcsp	evalgm	SceneDecomp	wcsp	189	multi	no	481905
evalgm/CVPR/SceneDecomp/0105064.wcsp	evalgm	SceneDecomp	wcsp	186	multi	no	505216
evalgm/CVPR/SceneDecomp/0105146.wcsp	evalgm	SceneDecomp	wcsp	175	multi	no	443005
evalgm/CVPR/SceneDecomp/0105159.wcsp	evalgm	SceneDecomp	wcsp	188	multi	no	514166
evalgm/CVPR/SceneDecomp/0105305.wcsp	evalgm	SceneDecomp	wcsp	190	multi	no	518574
evalgm/CVPR/SceneDecomp/1000061.wcsp	evalgm	SceneDecomp	wcsp	184	multi	no	465979
evalgm/CVPR/SceneDecomp/1000063.wcsp	evalgm	SceneDecomp	wcsp	189	multi	no	481286
evalgm/CVPR/SceneDecomp/1000097.wcsp	evalgm	SceneDecomp	wcsp	193	multi	no	492234
evalgm/CVPR/SceneDecomp/1000105.wcsp	evalgm	SceneDecomp	wcsp	188	multi	no	481830
evalgm/CVPR/SceneDecomp/1000288.wcsp	evalgm	SceneDecomp	wcsp	187	multi	no	509227
evalgm/CVPR/SceneDecomp/1000351.wcsp	evalgm	SceneDecomp	wcsp	178	multi	no	484924
evalgm/CVPR/SceneDecomp/1000413.wcsp	evalgm	SceneDecomp	wcsp	201	multi	no	515924
evalgm/CVPR/SceneDecomp/1000505.wcsp	evalgm	SceneDecomp	wcsp	189	multi	no	511925
evalgm/CVPR/SceneDecomp/1000580.wcsp	evalgm	SceneDecomp	wcsp	198	multi	no	506902
evalgm/CVPR/SceneDecomp/1000615.wcsp	evalgm	SceneDecomp	wcsp	178	multi	no	482625
evalgm/CVPR/SceneDecomp/1000731.wcsp	evalgm	SceneDecomp	wcsp	186	multi	no	473460
evalgm/CVPR/SceneDecomp/1000875.wcsp	evalgm	SceneDecomp	wcsp	195	multi	no	531794
evalgm/CVPR/SceneDecomp/1000882.wcsp	evalgm	SceneDecomp	wcsp	187	multi	no	513063
evalgm/CVPR/SceneDecomp/1000929.wcsp	evalgm	SceneDecomp	wcsp	186	multi	no	505871
evalgm/CVPR/SceneDecomp/1000947.wcsp	evalgm	SceneDecomp	wcsp	194	multi	no	528533
evalgm/CVPR/SceneDecomp/1000993.wcsp	evalgm	SceneDecomp	wcsp	180	multi	no	488688
evalgm/CVPR/SceneDecomp/1001184.wcsp	evalgm	SceneDecomp	wcsp	184	multi	no	501672
evalgm/CVPR/SceneDecomp/1001195.wcsp	evalgm	SceneDecomp	wcsp	158	multi	no	394038
evalgm/CVPR/SceneDecomp/1001252.wcsp	evalgm	SceneDecomp	wcsp	163	multi	no	408989
evalgm/CVPR/SceneDecomp/1001685.wcsp	evalgm	SceneDecomp	wcsp	181	multi	no	462686
evalgm/CVPR/SceneDecomp/1001688.wcsp	evalgm	SceneDecomp	wcsp	172	multi	no	433513
evalgm/CVPR/SceneDecomp/1001770.wcsp	evalgm	SceneDecomp	wcsp	160	multi	no	403030
evalgm/CVPR/SceneDecomp/1001794.wcsp	evalgm	SceneDecomp	wcsp	186	multi	no	510971
evalgm/CVPR/SceneDecomp/1001875.wcsp	evalgm	SceneDecomp	wcsp	165	multi	no	419133
evalgm/CVPR/SceneDecomp/1001944.wcsp	evalgm	SceneDecomp	wcsp	180	multi	no	457120
evalgm/CVPR/SceneDecomp/1100001.wcsp	evalgm	SceneDecomp	wcsp	176	multi	no	448707
evalgm/CVPR/SceneDecomp/1100002.wcsp	evalgm	SceneDecomp	wcsp	181	multi	no	461783
evalgm/CVPR/SceneDecomp/1100003.wcsp	evalgm	SceneDecomp	wcsp	153	multi	no	405548
evalgm/CVPR/SceneDecomp/1100004.wcsp	evalgm	SceneDecomp	wcsp	171	multi	no	460319
evalgm/CVPR/SceneDecomp/1100005.wcsp	evalgm	SceneDecomp	wcsp	162	multi	no	412503
evalgm/CVPR/SceneDecomp/1100006.wcsp	evalgm	SceneDecomp	wcsp	159	multi	no	398602
evalgm/CVPR/SceneDecomp/1100007.wcsp	evalgm	SceneDecomp	wcsp	183	multi	no	500662
evalgm/CVPR/SceneDecomp/1100008.wcsp	evalgm	SceneDecomp	wcsp	172	multi	no	462755
evalgm/CVPR/SceneDecomp/1100009.wcsp	evalgm	SceneDecomp	wcsp	185	multi	no	501683
evalgm/CVPR/SceneDecomp/1100011.wcsp	evalgm	SceneDecomp	wcsp	167	multi	no	423126
evalgm/CVPR/SceneDecomp/1100013.wcsp	evalgm	SceneDecomp	wcsp	185	multi	no	469779
evalgm/CVPR/SceneDecomp/1100014.wcsp	evalgm	SceneDecomp	wcsp	162	multi	no	437152
evalgm/CVPR/SceneDecomp/1100015.wcsp	evalgm	SceneDecomp	wcsp	171	multi	no	466372
evalgm/CVPR/SceneDecomp/1100016.wcsp	evalgm	SceneDecomp	wcsp	180	multi	no	457574
evalgm/CVPR/SceneDecomp/1100017.wcsp	evalgm	SceneDecomp	wcsp	182	multi	no	465188
evalgm/CVPR/SceneDecomp/1100023.wcsp	evalgm	SceneDecomp	wcsp	190	multi	no	488421
evalgm/CVPR/SceneDecomp/1100025.wcsp	evalgm	SceneDecomp	wcsp	168	multi	no	457463
evalgm/CVPR/SceneDecomp/1100027.wcsp	evalgm	SceneDecomp	wcsp	184	multi	no	468474
evalgm/CVPR/SceneDecomp/1100029.wcsp	evalgm	SceneDecomp	wcsp	175	multi	no	448578
evalgm/CVPR/SceneDecomp/1100030.wcsp	evalgm	SceneDecomp	wcsp	181	multi	no	462790
evalgm/CVPR/SceneDecomp/1100031.wcsp	evalgm	SceneDecomp	wcsp	161	multi	no	409044
evalgm/CVPR/SceneDecomp/2000001.wcsp	evalgm	SceneDecomp	wcsp	191	multi	no	491043
evalgm/CVPR/SceneDecomp/2000002.wcsp	evalgm	SceneDecomp	wcsp	187	multi	no	476397
evalgm/CVPR/SceneDecomp/2000003.wcsp	evalgm	SceneDecomp	wcsp	198	multi	no	501104
evalgm/CVPR/SceneDecomp/2000004.wcsp	evalgm	SceneDecomp	wcsp	164	multi	no	415376
evalgm/CVPR/SceneDecomp/2000008.wcsp	evalgm	SceneDecomp	wcsp	165	multi	no	418487
evalgm/CVPR/SceneDecomp/2000012.wcsp	evalgm	SceneDecomp	wcsp	182	multi	no	467432
evalgm/CVPR/SceneDecomp/2000019.wcsp	evalgm	SceneDecomp	wcsp	165	multi	no	418324
evalgm/CVPR/SceneDecomp/2000022.wcsp	evalgm	SceneDecomp	wcsp	171	multi	no	435445
evalgm/CVPR/SceneDecomp/2000023.wcsp	evalgm	SceneDecomp	wcsp	184	multi	no	498094
evalgm/CVPR/SceneDecomp/2000025.wcsp	evalgm	SceneDecomp	wcsp	189	multi	no	483890
evalgm/CVPR/SceneDecomp/2000028.wcsp	evalgm	SceneDecomp	wcsp	169	multi	no	428149
evalgm/CVPR/SceneDecomp/2000030.wcsp	evalgm	SceneDecomp	wcsp	183	multi	no	466899
evalgm/CVPR/SceneDecomp/2000031.wcsp	evalgm	SceneDecomp	wcsp	179	multi	no	488895
evalgm/CVPR/SceneDecomp/2000032.wcsp	evalgm	SceneDecomp	wcsp	194	multi	no	496129
evalgm/CVPR/SceneDecomp/2000033.wcsp	evalgm	SceneDecomp	wcsp	156	multi	no	423796
evalgm/CVPR/SceneDecomp/2000034.wcsp	evalgm	SceneDecomp	wcsp	198	multi	no	503801
evalgm/CVPR/SceneDecomp/2000035.wcsp	evalgm	SceneDecomp	wcsp	179	multi	no	456497
evalgm/CVPR/SceneDecomp/2000036.wcsp	evalgm	SceneDecomp	wcsp	189	multi	no	482947
evalgm/CVPR/SceneDecomp/2000037.wcsp	evalgm	SceneDecomp	wcsp	174	multi	no	468781
evalgm/CVPR/SceneDecomp/2000039.wcsp	evalgm	SceneDecomp	wcsp	174	multi	no	444062
evalgm/CVPR/SceneDecomp/2000041.wcsp	evalgm	SceneDecomp	wcsp	159	multi	no	399723
evalgm/CVPR/SceneDecomp/2000042.wcsp	evalgm	SceneDecomp	wcsp	188	multi	no	511250
evalgm/CVPR/SceneDecomp/2000043.wcsp	evalgm	SceneDecomp	wcsp	180	multi	no	456271
evalgm/CVPR/SceneDecomp/2000044.wcsp	evalgm	SceneDecomp	wcsp	172	multi	no	434653
evalgm/CVPR/SceneDecomp/3000072.wcsp	evalgm	SceneDecomp	wcsp	182	multi	no	492187
evalgm/CVPR/SceneDecomp/3000076.wcsp	evalgm	SceneDecomp	wcsp	178	multi	no	482521
evalgm/CVPR/SceneDecomp/3000099.wcsp	evalgm	SceneDecomp	wcsp	188	multi	no	477565
evalgm/CVPR/SceneDecomp/3000119.wcsp	evalgm	SceneDecomp	wcsp	179	multi	no	485832
evalgm/CVPR/SceneDecomp/3000148.wcsp	evalgm	SceneDecomp	wcsp	179	multi	no	486296
evalgm/CVPR/SceneDecomp/3000299.wcsp	evalgm	SceneDecomp	wcsp	182	multi	no	463726
evalgm/CVPR/SceneDecomp/3000323.wcsp	evalgm	SceneDecomp	wcsp	180	multi	no	487792
evalgm/CVPR/SceneDecomp/3000454.wcsp	evalgm	SceneDecomp	wcsp	178	multi	no	451847
evalgm/CVPR/SceneDecomp/3000469.wcsp	evalgm	SceneDecomp	wcsp	180	multi	no	459264
evalgm/CVPR/SceneDecomp/3000676.wcsp	evalgm	SceneDecomp	wcsp	158	multi	no	416176
evalgm/CVPR/SceneDecomp/3000716.wcsp	evalgm	SceneDecomp	wcsp	164	multi	no	413439
evalgm/CVPR/SceneDecomp/3000759.wcsp	evalgm	SceneDecomp	wcsp	160	multi	no	400264
evalgm/CVPR/SceneDecomp/3000945.wcsp	evalgm	SceneDecomp	wcsp	160	multi	no	430090
evalgm/CVPR/SceneDecomp/3001004.wcsp	evalgm	SceneDecomp	wcsp	190	multi	no	486657
evalgm/CVPR/SceneDecomp/3001018.wcsp	evalgm	SceneDecomp	wcsp	161	multi	no	435925
evalgm/CVPR/SceneDecomp/3001061.wcsp	evalgm	SceneDecomp	wcsp	171	multi	no	432701
evalgm/CVPR/SceneDecomp/3001131.wcsp	evalgm	SceneDecomp	wcsp	170	multi	no	432474
evalgm/CVPR/SceneDecomp/3001230.wcsp	evalgm	SceneDecomp	wcsp	180	multi	no	459206
evalgm/CVPR/SceneDecomp/3001319.wcsp	evalgm	SceneDecomp	wcsp	183	multi	no	498972
evalgm/CVPR/SceneDecomp/3001336.wcsp	evalgm	SceneDecomp	wcsp	167	multi	no	446183
evalgm/CVPR/SceneDecomp/3001421.wcsp	evalgm	SceneDecomp	wcsp	189	multi	no	511846
evalgm/CVPR/SceneDecomp/3001460.wcsp	evalgm	SceneDecomp	wcsp	201	multi	no	546930
evalgm/CVPR/SceneDecomp/3001555.wcsp	evalgm	SceneDecomp	wcsp	159	multi	no	400274
evalgm/CVPR/SceneDecomp/3001569.wcsp	evalgm	SceneDecomp	wcsp	181	multi	no	458202
evalgm/CVPR/SceneDecomp/3001667.wcsp	evalgm	SceneDecomp	wcsp	188	multi	no	480220
evalgm/CVPR/SceneDecomp/3001751.wcsp	evalgm	SceneDecomp	wcsp	169	multi	no	426917
evalgm/CVPR/SceneDecomp/3001767.wcsp	evalgm	SceneDecomp	wcsp	188	multi	no	480151
evalgm/CVPR/SceneDecomp/3001826.wcsp	evalgm	SceneDecomp	wcsp	191	multi	no	486708
evalgm/CVPR/SceneDecomp/3001891.wcsp	evalgm	SceneDecomp	wcsp	186	multi	no	500852
evalgm/CVPR/SceneDecomp/3001976.wcsp	evalgm	SceneDecomp	wcsp	162	multi	no	411476
evalgm/CVPR/SceneDecomp/3002020.wcsp	evalgm	SceneDecomp	wcsp	181	multi	no	456685
evalgm/CVPR/SceneDecomp/3002059.wcsp	evalgm	SceneDecomp	wcsp	181	multi	no	490607
evalgm/CVPR/SceneDecomp/3002082.wcsp	evalgm	SceneDecomp	wcsp	165	multi	no	414671
evalgm/CVPR/SceneDecomp/3002154.wcsp	evalgm	SceneDecomp	wcsp	184	multi	no	466929
evalgm/CVPR/SceneDecomp/3002206.wcsp	evalgm	SceneDecomp	wcsp	191	multi	no	517942
evalgm/CVPR/SceneDecomp/3002221.wcsp	evalgm	SceneDecomp	wcsp	159	multi	no	403207
evalgm/CVPR/SceneDecomp/3002340.wcsp	evalgm	SceneDecomp	wcsp	191	multi	no	524122
evalgm/CVPR/SceneDecomp/3002366.wcsp	evalgm	SceneDecomp	wcsp	177	multi	no	483721
evalgm/CVPR/SceneDecomp/3002411.wcsp	evalgm	SceneDecomp	wcsp	163	multi	no	439829
evalgm/CVPR/SceneDecomp/3002594.wcsp	evalgm	SceneDecomp	wcsp	189	multi	no	517081
evalgm/CVPR/SceneDecomp/3002905.wcsp	evalgm	SceneDecomp	wcsp	162	multi	no	408774
evalgm/CVPR/SceneDecomp/3002909.wcsp	evalgm	SceneDecomp	wcsp	180	multi	no	460237
evalgm/CVPR/SceneDecomp/3003122.wcsp	evalgm	SceneDecomp	wcsp	190	multi	no	511894
evalgm/CVPR/SceneDecomp/3003322.wcsp	evalgm	SceneDecomp	wcsp	168	multi	no	424892
evalgm/CVPR/SceneDecomp/3003328.wcsp	evalgm	SceneDecomp	wcsp	166	multi	no	447466
evalgm/CVPR/SceneDecomp/3003356.wcsp	evalgm	SceneDecomp	wcsp	184	multi	no	496273
evalgm/CVPR/SceneDecomp/3003448.wcsp	evalgm	SceneDecomp	wcsp	190	multi	no	515202
evalgm/CVPR/SceneDecomp/3003731.wcsp	evalgm	SceneDecomp	wcsp	184	multi	no	467787
evalgm/CVPR/SceneDecomp/3003791.wcsp	evalgm	SceneDecomp	wcsp	176	multi	no	477865
evalgm/CVPR/SceneDecomp/3003817.wcsp	evalgm	SceneDecomp	wcsp	164	multi	no	445902
evalgm/CVPR/SceneDecomp/4000066.wcsp	evalgm	SceneDecomp	wcsp	189	multi	no	515393
evalgm/CVPR/SceneDecomp/4000086.wcsp	evalgm	SceneDecomp	wcsp	185	multi	no	508245
evalgm/CVPR/SceneDecomp/4100066.wcsp	evalgm	SceneDecomp	wcsp	173	multi	no	471642
evalgm/CVPR/SceneDecomp/4100246.wcsp	evalgm	SceneDecomp	wcsp	193	multi	no	525753
evalgm/CVPR/SceneDecomp/4100280.wcsp	evalgm	SceneDecomp	wcsp	189	multi	no	517894
evalgm/CVPR/SceneDecomp/5000016.wcsp	evalgm	SceneDecomp	wcsp	165	multi	no	418426
evalgm/CVPR/SceneDecomp/5000119.wcsp	evalgm	SceneDecomp	wcsp	164	multi	no	441928
evalgm/CVPR/SceneDecomp/5000120.wcsp	evalgm	SceneDecomp	wcsp	165	multi	no	421020
evalgm/CVPR/SceneDecomp/5000121.wcsp	evalgm	SceneDecomp	wcsp	175	multi	no	470727
evalgm/CVPR/SceneDecomp/5000122.wcsp	evalgm	SceneDecomp	wcsp	173	multi	no	466412
evalgm/CVPR/SceneDecomp/5000123.wcsp	evalgm	SceneDecomp	wcsp	171	multi	no	433907
evalgm/CVPR/SceneDecomp/5000124.wcsp	evalgm	SceneDecomp	wcsp	173	multi	no	464513
evalgm/CVPR/SceneDecomp/5000125.wcsp	evalgm	SceneDecomp	wcsp	172	multi	no	467475
evalgm/CVPR/SceneDecomp/5000126.wcsp	evalgm	SceneDecomp	wcsp	164	multi	no	414759
evalgm/CVPR/SceneDecomp/5000127.wcsp	evalgm	SceneDecomp	wcsp	160	multi	no	432136
evalgm/CVPR/SceneDecomp/5000128.wcsp	evalgm	SceneDecomp	wcsp	178	multi	no	456038
evalgm/CVPR/SceneDecomp/5000129.wcsp	evalgm	SceneDecomp	wcsp	156	multi	no	422007
evalgm/CVPR/SceneDecomp/5000130.wcsp	evalgm	SceneDecomp	wcsp	164	multi	no	414463
evalgm/CVPR/SceneDecomp/5000131.wcsp	evalgm	SceneDecomp	wcsp	163	multi	no	413569
evalgm/CVPR/SceneDecomp/5000132.wcsp	evalgm	SceneDecomp	wcsp	166	multi	no	422891
evalgm/CVPR/SceneDecomp/5000133.wcsp	evalgm	SceneDecomp	wcsp	164	multi	no	443836
evalgm/CVPR/SceneDecomp/5000137.wcsp	evalgm	SceneDecomp	wcsp	160	multi	no	430431
evalgm/CVPR/SceneDecomp/5000144.wcsp	evalgm	SceneDecomp	wcsp	186	multi	no	476360
evalgm/CVPR/SceneDecomp/5000147.wcsp	evalgm	SceneDecomp	wcsp	158	multi	no	398664
evalgm/CVPR/SceneDecomp/5000149.wcsp	evalgm	SceneDecomp	wcsp	161	multi	no	404379
evalgm/CVPR/SceneDecomp/5000150.wcsp	evalgm	SceneDecomp	wcsp	178	multi	no	455530
evalgm/CVPR/SceneDecomp/5000162.wcsp	evalgm	SceneDecomp	wcsp	189	multi	no	517460
evalgm/CVPR/SceneDecomp/5000163.wcsp	evalgm	SceneDecomp	wcsp	189	multi	no	484053
evalgm/CVPR/SceneDecomp/5000164.wcsp	evalgm	SceneDecomp	wcsp	183	multi	no	496829
evalgm/CVPR/SceneDecomp/5000165.wcsp	evalgm	SceneDecomp	wcsp	179	multi	no	482036
evalgm/CVPR/SceneDecomp/5000166.wcsp	evalgm	SceneDecomp	wcsp	196	multi	no	502212
evalgm/CVPR/SceneDecomp/5000168.wcsp	evalgm	SceneDecomp	wcsp	188	multi	no	512162
evalgm/CVPR/SceneDecomp/5000172.wcsp	evalgm	SceneDecomp	wcsp	195	multi	no	498056
evalgm/CVPR/SceneDecomp/5000173.wcsp	evalgm	SceneDecomp	wcsp	189	multi	no	478382
evalgm/CVPR/SceneDecomp/5000174.wcsp	evalgm	SceneDecomp	wcsp	184	multi	no	470127
evalgm/CVPR/SceneDecomp/5000175.wcsp	evalgm	SceneDecomp	wcsp	189	multi	no	479509
evalgm/CVPR/SceneDecomp/5000176.wcsp	evalgm	SceneDecomp	wcsp	150	multi	no	378579
evalgm/CVPR/SceneDecomp/5000180.wcsp	evalgm	SceneDecomp	wcsp	158	multi	no	425891
evalgm/CVPR/SceneDecomp/5000181.wcsp	evalgm	SceneDecomp	wcsp	157	multi	no	419165
evalgm/CVPR/SceneDecomp/5000182.wcsp	evalgm	SceneDecomp	wcsp	153	multi	no	386021
evalgm/CVPR/SceneDecomp/5000183.wcsp	evalgm	SceneDecomp	wcsp	163	multi	no	440068
evalgm/CVPR/SceneDecomp/5000184.wcsp	evalgm	SceneDecomp	wcsp	165	multi	no	448120
evalgm/CVPR/SceneDecomp/5000188.wcsp	evalgm	SceneDecomp	wcsp	153	multi	no	383243
evalgm/CVPR/SceneDecomp/5000190.wcsp	evalgm	SceneDecomp	wcsp	156	multi	no	419940
evalgm/CVPR/SceneDecomp/5000191.wcsp	evalgm	SceneDecomp	wcsp	167	multi	no	421145
evalgm/CVPR/SceneDecomp/5000192.wcsp	evalgm	SceneDecomp	wcsp	157	multi	no	393684
evalgm/CVPR/SceneDecomp/5000194.wcsp	evalgm	SceneDecomp	wcsp	150	multi	no	374961
evalgm/CVPR/SceneDecomp/5000195.wcsp	evalgm	SceneDecomp	wcsp	171	multi	no	463410
evalgm/CVPR/SceneDecomp/5000196.wcsp	evalgm	SceneDecomp	wcsp	168	multi	no	420426
evalgm/CVPR/SceneDecomp/5000197.wcsp	evalgm	SceneDecomp	wcsp	163	multi	no	442734
evalgm/CVPR/SceneDecomp/5000198.wcsp	evalgm	SceneDecomp	wcsp	164	multi	no	414639
evalgm/CVPR/SceneDecomp/5000199.wcsp	evalgm	SceneDecomp	wcsp	167	multi	no	449481
evalgm/CVPR/SceneDecomp/5000200.wcsp	evalgm	SceneDecomp	wcsp	162	multi	no	439964
evalgm/CVPR/SceneDecomp/5000201.wcsp	evalgm	SceneDecomp	wcsp	174	multi	no	441411
evalgm/CVPR/SceneDecomp/5000202.wcsp	evalgm	SceneDecomp	wcsp	163	multi	no	411619
evalgm/CVPR/SceneDecomp/5000203.wcsp	evalgm	SceneDecomp	wcsp	159	multi	no	427061
evalgm/CVPR/SceneDecomp/5000204.wcsp	evalgm	SceneDecomp	wcsp	157	multi	no	398158
evalgm/CVPR/SceneDecomp/5000205.wcsp	evalgm	SceneDecomp	wcsp	161	multi	no	405321
evalgm/CVPR/SceneDecomp/5000226.wcsp	evalgm	SceneDecomp	wcsp	155	multi	no	392946
evalgm/CVPR/SceneDecomp/5000234.wcsp	evalgm	SceneDecomp	wcsp	159	multi	no	401265
evalgm/CVPR/SceneDecomp/5000257.wcsp	evalgm	SceneDecomp	wcsp	164	multi	no	413466
evalgm/CVPR/SceneDecomp/5000264.wcsp	evalgm	SceneDecomp	wcsp	170	multi	no	431492
evalgm/CVPR/SceneDecomp/5000265.wcsp	evalgm	SceneDecomp	wcsp	171	multi	no	435228
evalgm/CVPR/SceneDecomp/6000000.wcsp	evalgm	SceneDecomp	wcsp	191	multi	no	484805
evalgm/CVPR/SceneDecomp/6000001.wcsp	evalgm	SceneDecomp	wcsp	186	multi	no	472453
evalgm/CVPR/SceneDecomp/6000002.wcsp	evalgm	SceneDecomp	wcsp	188	multi	no	515838
evalgm/CVPR/SceneDecomp/6000003.wcsp	evalgm	SceneDecomp	wcsp	188	multi	no	473525
evalgm/CVPR/SceneDecomp/6000004.wcsp	evalgm	SceneDecomp	wcsp	180	multi	no	458106
evalgm/CVPR/SceneDecomp/6000005.wcsp	evalgm	SceneDecomp	wcsp	192	multi	no	492414
evalgm/CVPR/SceneDecomp/6000006.wcsp	evalgm	SceneDecomp	wcsp	200	multi	no	514017
evalgm/CVPR/SceneDecomp/6000007.wcsp	evalgm	SceneDecomp	wcsp	201	multi	no	548679
evalgm/CVPR/SceneDecomp/6000008.wcsp	evalgm	SceneDecomp	wcsp	184	multi	no	468967
evalgm/CVPR/SceneDecomp/6000009.wcsp	evalgm	SceneDecomp	wcsp	183	multi	no	465914
evalgm/CVPR/SceneDecomp/6000010.wcsp	evalgm	SceneDecomp	wcsp	188	multi	no	481812
evalgm/CVPR/SceneDecomp/6000011.wcsp	evalgm	SceneDecomp	wcsp	183	multi	no	467663
evalgm/CVPR/SceneDecomp/6000012.wcsp	evalgm	SceneDecomp	wcsp	196	multi	no	500292
evalgm/CVPR/SceneDecomp/6000013.wcsp	evalgm	SceneDecomp	wcsp	202	multi	no	520813
evalgm/CVPR/SceneDecomp/6000014.wcsp	evalgm	SceneDecomp	wcsp	190	multi	no	487456
evalgm/CVPR/SceneDecomp/6000015.wcsp	evalgm	SceneDecomp	wcsp	182	multi	no	492900
evalgm/CVPR/SceneDecomp/6000016.wcsp	evalgm	SceneDecomp	wcsp	187	multi	no	477379
evalgm/CVPR/SceneDecomp/6000017.wcsp	evalgm	SceneDecomp	wcsp	184	multi	no	503072
evalgm/CVPR/SceneDecomp/6000018.wcsp	evalgm	SceneDecomp	wcsp	183	multi	no	467645
evalgm/CVPR/SceneDecomp/6000019.wcsp	evalgm	SceneDecomp	wcsp	199	multi	no	509339
evalgm/CVPR/SceneDecomp/6000020.wcsp	evalgm	SceneDecomp	wcsp	195	multi	no	493040
evalgm/CVPR/SceneDecomp/6000021.wcsp	evalgm	SceneDecomp	wcsp	194	multi	no	496696
evalgm/CVPR/SceneDecomp/6000022.wcsp	evalgm	SceneDecomp	wcsp	170	multi	no	459353
evalgm/CVPR/SceneDecomp/6000023.wcsp	evalgm	SceneDecomp	wcsp	183	multi	no	497062
evalgm/CVPR/SceneDecomp/6000024.wcsp	evalgm	SceneDecomp	wcsp	183	multi	no	464103
evalgm/CVPR/SceneDecomp/6000025.wcsp	evalgm	SceneDecomp	wcsp	198	multi	no	508657
evalgm/CVPR/SceneDecomp/6000026.wcsp	evalgm	SceneDecomp	wcsp	184	multi	no	466096
evalgm/CVPR/SceneDecomp/6000027.wcsp	evalgm	SceneDecomp	wcsp	194	multi	no	494351
evalgm/CVPR/SceneDecomp/6000028.wcsp	evalgm	SceneDecomp	wcsp	192	multi	no	491479
evalgm/CVPR/SceneDecomp/6000029.wcsp	evalgm	SceneDecomp	wcsp	186	multi	no	476473
evalgm/CVPR/SceneDecomp/6000030.wcsp	evalgm	SceneDecomp	wcsp	193	multi	no	487170
evalgm/CVPR/SceneDecomp/6000031.wcsp	evalgm	SceneDecomp	wcsp	186	multi	no	471479
evalgm/CVPR/SceneDecomp/6000032.wcsp	evalgm	SceneDecomp	wcsp	208	multi	no	533158
evalgm/CVPR/SceneDecomp/6000033.wcsp	evalgm	SceneDecomp	wcsp	199	multi	no	513219
evalgm/CVPR/SceneDecomp/6000034.wcsp	evalgm	SceneDecomp	wcsp	194	multi	no	525591
evalgm/CVPR/SceneDecomp/6000035.wcsp	evalgm	SceneDecomp	wcsp	183	multi	no	496817
evalgm/CVPR/SceneDecomp/6000036.wcsp	evalgm	SceneDecomp	wcsp	189	multi	no	481942
evalgm/CVPR/SceneDecomp/6000037.wcsp	evalgm	SceneDecomp	wcsp	201	multi	no	552670
evalgm/CVPR/SceneDecomp/6000038.wcsp	evalgm	SceneDecomp	wcsp	186	multi	no	474169
evalgm/CVPR/SceneDecomp/6000039.wcsp	evalgm	SceneDecomp	wcsp	189	multi	no	478369
evalgm/CVPR/SceneDecomp/6000040.wcsp	evalgm	SceneDecomp	wcsp	178	multi	no	454188
evalgm/CVPR/SceneDecomp/6000041.wcsp	evalgm	SceneDecomp	wcsp	192	multi	no	521941
evalgm/CVPR/SceneDecomp/6000042.wcsp	evalgm	SceneDecomp	wcsp	185	multi	no	504803
evalgm/CVPR/SceneDecomp/6000043.wcsp	evalgm	SceneDecomp	wcsp	185	multi	no	498639
evalgm/CVPR/SceneDecomp/6000044.wcsp	evalgm	SceneDecomp	wcsp	184	multi	no	466598
evalgm/CVPR/SceneDecomp/6000045.wcsp	evalgm	SceneDecomp	wcsp	191	multi	no	487785
evalgm/CVPR/SceneDecomp/6000046.wcsp	evalgm	SceneDecomp	wcsp	176	multi	no	475542
evalgm/CVPR/SceneDecomp/6000047.wcsp	evalgm	SceneDecomp	wcsp	191	multi	no	485711
evalgm/CVPR/SceneDecomp/6000048.wcsp	evalgm	SceneDecomp	wcsp	191	multi	no	494768
evalgm/CVPR/SceneDecomp/6000049.wcsp	evalgm	SceneDecomp	wcsp	196	multi	no	496481
evalgm/CVPR/SceneDecomp/6000050.wcsp	evalgm	SceneDecomp	wcsp	195	multi	no	497092
evalgm/CVPR/SceneDecomp/6000051.wcsp	evalgm	SceneDecomp	wcsp	185	multi	no	473372
evalgm/CVPR/SceneDecomp/6000052.wcsp	evalgm	SceneDecomp	wcsp	193	multi	no	494232
evalgm/CVPR/SceneDecomp/6000053.wcsp	evalgm	SceneDecomp	wcsp	182	multi	no	467563
evalgm/CVPR/SceneDecomp/6000054.wcsp	evalgm	SceneDecomp	wcsp	177	multi	no	454080
evalgm/CVPR/SceneDecomp/6000055.wcsp	evalgm	SceneDecomp	wcsp	190	multi	no	485156
evalgm/CVPR/SceneDecomp/6000056.wcsp	evalgm	SceneDecomp	wcsp	188	multi	no	515109
evalgm/CVPR/SceneDecomp/6000057.wcsp	evalgm	SceneDecomp	wcsp	200	multi	no	546214
evalgm/CVPR/SceneDecomp/6000058.wcsp	evalgm	SceneDecomp	wcsp	180	multi	no	458369
evalgm/CVPR/SceneDecomp/6000059.wcsp	evalgm	SceneDecomp	wcsp	187	multi	no	478936
evalgm/CVPR/SceneDecomp/6000060.wcsp	evalgm	SceneDecomp	wcsp	175	multi	no	444793
evalgm/CVPR/SceneDecomp/6000061.wcsp	evalgm	SceneDecomp	wcsp	186	multi	no	506450
evalgm/CVPR/SceneDecomp/6000062.wcsp	evalgm	SceneDecomp	wcsp	184	multi	no	500828
evalgm/CVPR/SceneDecomp/6000063.wcsp	evalgm	SceneDecomp	wcsp	180	multi	no	458358
evalgm/CVPR/SceneDecomp/6000064.wcsp	evalgm	SceneDecomp	wcsp	195	multi	no	534197
evalgm/CVPR/SceneDecomp/6000065.wcsp	evalgm	SceneDecomp	wcsp	195	multi	no	532382
evalgm/CVPR/SceneDecomp/6000066.wcsp	evalgm	SceneDecomp	wcsp	191	multi	no	517757
evalgm/CVPR/SceneDecomp/6000067.wcsp	evalgm	SceneDecomp	wcsp	201	multi	no	517214
evalgm/CVPR/SceneDecomp/6000068.wcsp	evalgm	SceneDecomp	wcsp	160	multi	no	402106
evalgm/CVPR/SceneDecomp/6000069.wcsp	evalgm	SceneDecomp	wcsp	175	multi	no	448831
evalgm/CVPR/SceneDecomp/6000070.wcsp	evalgm	SceneDecomp	wcsp	196	multi	no	500929
evalgm/CVPR/SceneDecomp/6000071.wcsp	evalgm	SceneDecomp	wcsp	190	multi	no	514907
evalgm/CVPR/SceneDecomp/6000072.wcsp	evalgm	SceneDecomp	wcsp	188	multi	no	476283
evalgm/CVPR/SceneDecomp/6000073.wcsp	evalgm	SceneDecomp	wcsp	190	multi	no	523159
evalgm/CVPR/SceneDecomp/6000074.wcsp	evalgm	SceneDecomp	wcsp	190	multi	no	519378
evalgm/CVPR/SceneDecomp/6000075.wcsp	evalgm	SceneDecomp	wcsp	178	multi	no	482871
evalgm/CVPR/SceneDecomp/6000076.wcsp	evalgm	SceneDecomp	wcsp	182	multi	no	462174
evalgm/CVPR/SceneDecomp/6000077.wcsp	evalgm	SceneDecomp	wcsp	184	multi	no	466957
evalgm/CVPR/SceneDecomp/6000078.wcsp	evalgm	SceneDecomp	wcsp	199	multi	no	513289
evalgm/CVPR/SceneDecomp/6000079.wcsp	evalgm	SceneDecomp	wcsp	185	multi	no	469555
evalgm/CVPR/SceneDecomp/6000080.wcsp	evalgm	SceneDecomp	wcsp	190	multi	no	485448
evalgm/CVPR/SceneDecomp/6000081.wcsp	evalgm	SceneDecomp	wcsp	180	multi	no	489565
evalgm/CVPR/SceneDecomp/6000082.wcsp	evalgm	SceneDecomp	wcsp	174	multi	no	473470
evalgm/CVPR/SceneDecomp/6000083.wcsp	evalgm	SceneDecomp	wcsp	180	multi	no	491704
evalgm/CVPR/SceneDecomp/6000084.wcsp	evalgm	SceneDecomp	wcsp	198	multi	no	512776
evalgm/CVPR/SceneDecomp/6000085.wcsp	evalgm	SceneDecomp	wcsp	187	multi	no	504272
evalgm/CVPR/SceneDecomp/6000086.wcsp	evalgm	SceneDecomp	wcsp	190	multi	no	521889
evalgm/CVPR/SceneDecomp/6000087.wcsp	evalgm	SceneDecomp	wcsp	186	multi	no	477008
evalgm/CVPR/SceneDecomp/6000088.wcsp	evalgm	SceneDecomp	wcsp	191	multi	no	487620
evalgm/CVPR/SceneDecomp/6000089.wcsp	evalgm	SceneDecomp	wcsp	191	multi	no	517544
evalgm/CVPR/SceneDecomp/6000090.wcsp	evalgm	SceneDecomp	wcsp	192	multi	no	495218
evalgm/CVPR/SceneDecomp/6000091.wcsp	evalgm	SceneDecomp	wcsp	191	multi	no	487159
evalgm/CVPR/SceneDecomp/6000092.wcsp	evalgm	SceneDecomp	wcsp	193	multi	no	492702
evalgm/CVPR/SceneDecomp/6000093.wcsp	evalgm	SceneDecomp	wcsp	188	multi	no	479449
evalgm/CVPR/SceneDecomp/6000094.wcsp	evalgm	SceneDecomp	wcsp	186	multi	no	473582
evalgm/CVPR/SceneDecomp/6000095.wcsp	evalgm	SceneDecomp	wcsp	184	multi	no	499694
evalgm/CVPR/SceneDecomp/6000096.wcsp	evalgm	SceneDecomp	wcsp	185	multi	no	468829
evalgm/CVPR/SceneDecomp/6000097.wcsp	evalgm	SceneDecomp	wcsp	183	multi	no	466749
evalgm/CVPR/SceneDecomp/6000098.wcsp	evalgm	SceneDecomp	wcsp	175	multi	no	443961
evalgm/CVPR/SceneDecomp/6000099.wcsp	evalgm	SceneDecomp	wcsp	183	multi	no	501936
evalgm/CVPR/SceneDecomp/6000100.wcsp	evalgm	SceneDecomp	wcsp	182	multi	no	497223
evalgm/CVPR/SceneDecomp/6000101.wcsp	evalgm	SceneDecomp	wcsp	187	multi	no	474301
evalgm/CVPR/SceneDecomp/6000102.wcsp	evalgm	SceneDecomp	wcsp	190	multi	no	482414
evalgm/CVPR/SceneDecomp/6000103.wcsp	evalgm	SceneDecomp	wcsp	183	multi	no	464124
evalgm/CVPR/SceneDecomp/6000104.wcsp	evalgm	SceneDecomp	wcsp	169	multi	no	454572
evalgm/CVPR/SceneDecomp/6000105.wcsp	evalgm	SceneDecomp	wcsp	176	multi	no	479841
evalgm/CVPR/SceneDecomp/6000106.wcsp	evalgm	SceneDecomp	wcsp	181	multi	no	495723
evalgm/CVPR/SceneDecomp/6000107.wcsp	evalgm	SceneDecomp	wcsp	182	multi	no	461501
evalgm/CVPR/SceneDecomp/6000108.wcsp	evalgm	SceneDecomp	wcsp	183	multi	no	471443
evalgm/CVPR/SceneDecomp/6000109.wcsp	evalgm	SceneDecomp	wcsp	191	multi	no	521609
evalgm/CVPR/SceneDecomp/6000110.wcsp	evalgm	SceneDecomp	wcsp	193	multi	no	495093
evalgm/CVPR/SceneDecomp/6000111.wcsp	evalgm	SceneDecomp	wcsp	190	multi	no	481108
evalgm/CVPR/SceneDecomp/6000112.wcsp	evalgm	SceneDecomp	wcsp	197	multi	no	533211
evalgm/CVPR/SceneDecomp/6000113.wcsp	evalgm	SceneDecomp	wcsp	187	multi	no	477528
evalgm/CVPR/SceneDecomp/6000114.wcsp	evalgm	SceneDecomp	wcsp	179	multi	no	484889
evalgm/CVPR/SceneDecomp/6000115.wcsp	evalgm	SceneDecomp	wcsp	193	multi	no	494989
evalgm/CVPR/SceneDecomp/6000116.wcsp	evalgm	SceneDecomp	wcsp	190	multi	no	483846
evalgm/CVPR/SceneDecomp/6000117.wcsp	evalgm	SceneDecomp	wcsp	184	multi	no	501170
evalgm/CVPR/SceneDecomp/6000118.wcsp	evalgm	SceneDecomp	wcsp	199	multi	no	504623
evalgm/CVPR/SceneDecomp/6000119.wcsp	evalgm	SceneDecomp	wcsp	185	multi	no	466960
evalgm/CVPR/SceneDecomp/6000120.wcsp	evalgm	SceneDecomp	wcsp	194	multi	no	530441
evalgm/CVPR/SceneDecomp/6000121.wcsp	evalgm	SceneDecomp	wcsp	187	multi	no	473561
evalgm/CVPR/SceneDecomp/6000122.wcsp	evalgm	SceneDecomp	wcsp	192	multi	no	489770
evalgm/CVPR/SceneDecomp/6000123.wcsp	evalgm	SceneDecomp	wcsp	192	multi	no	489454
evalgm/CVPR/SceneDecomp/6000124.wcsp	evalgm	SceneDecomp	wcsp	194	multi	no	495178
evalgm/CVPR/SceneDecomp/6000125.wcsp	evalgm	SceneDecomp	wcsp	186	multi	no	470581
evalgm/CVPR/SceneDecomp/6000126.wcsp	evalgm	SceneDecomp	wcsp	184	multi	no	499038
evalgm/CVPR/SceneDecomp/6000127.wcsp	evalgm	SceneDecomp	wcsp	182	multi	no	463249
evalgm/CVPR/SceneDecomp/6000128.wcsp	evalgm	SceneDecomp	wcsp	193	multi	no	491411
evalgm/CVPR/SceneDecomp/6000129.wcsp	evalgm	SceneDecomp	wcsp	186	multi	no	472577
evalgm/CVPR/SceneDecomp/6000130.wcsp	evalgm	SceneDecomp	wcsp	190	multi	no	491247
evalgm/CVPR/SceneDecomp/6000131.wcsp	evalgm	SceneDecomp	wcsp	192	multi	no	494081
evalgm/CVPR/SceneDecomp/6000132.wcsp	evalgm	SceneDecomp	wcsp	192	multi	no	487854
evalgm/CVPR/SceneDecomp/6000133.wcsp	evalgm	SceneDecomp	wcsp	190	multi	no	483027
evalgm/CVPR/SceneDecomp/6000134.wcsp	evalgm	SceneDecomp	wcsp	191	multi	no	487726
evalgm/CVPR/SceneDecomp/6000135.wcsp	evalgm	SceneDecomp	wcsp	185	multi	no	468620
evalgm/CVPR/SceneDecomp/6000136.wcsp	evalgm	SceneDecomp	wcsp	196	multi	no	502916
evalgm/CVPR/SceneDecomp/6000137.wcsp	evalgm	SceneDecomp	wcsp	185	multi	no	468716
evalgm/CVPR/SceneDecomp/6000138.wcsp	evalgm	SceneDecomp	wcsp	193	multi	no	491591
evalgm/CVPR/SceneDecomp/6000139.wcsp	evalgm	SceneDecomp	wcsp	199	multi	no	510401
evalgm/CVPR/SceneDecomp/6000140.wcsp	evalgm	SceneDecomp	wcsp	190	multi	no	486629
evalgm/CVPR/SceneDecomp/6000141.wcsp	evalgm	SceneDecomp	wcsp	187	multi	no	477129
evalgm/CVPR/SceneDecomp/6000142.wcsp	evalgm	SceneDecomp	wcsp	188	multi	no	480420
evalgm/CVPR/SceneDecomp/6000143.wcsp	evalgm	SceneDecomp	wcsp	189	multi	no	484782
evalgm/CVPR/SceneDecomp/6000144.wcsp	evalgm	SceneDecomp	wcsp	181	multi	no	462733
evalgm/CVPR/SceneDecomp/6000145.wcsp	evalgm	SceneDecomp	wcsp	188	multi	no	476341
evalgm/CVPR/SceneDecomp/6000146.wcsp	evalgm	SceneDecomp	wcsp	183	multi	no	499243
evalgm/CVPR/SceneDecomp/6000147.wcsp	evalgm	SceneDecomp	wcsp	195	multi	no	503530
evalgm/CVPR/SceneDecomp/6000148.wcsp	evalgm	SceneDecomp	wcsp	176	multi	no	476960
evalgm/CVPR/SceneDecomp/6000149.wcsp	evalgm	SceneDecomp	wcsp	186	multi	no	478270
evalgm/CVPR/SceneDecomp/6000150.wcsp	evalgm	SceneDecomp	wcsp	193	multi	no	495908
evalgm/CVPR/SceneDecomp/6000151.wcsp	evalgm	SceneDecomp	wcsp	184	multi	no	471076
evalgm/CVPR/SceneDecomp/6000152.wcsp	evalgm	SceneDecomp	wcsp	187	multi	no	472830
evalgm/CVPR/SceneDecomp/6000153.wcsp	evalgm	SceneDecomp	wcsp	182	multi	no	494556
evalgm/CVPR/SceneDecomp/6000154.wcsp	evalgm	SceneDecomp	wcsp	178	multi	no	455611
evalgm/CVPR/SceneDecomp/6000155.wcsp	evalgm	SceneDecomp	wcsp	199	multi	no	508790
evalgm/CVPR/SceneDecomp/6000156.wcsp	evalgm	SceneDecomp	wcsp	197	multi	no	505003
evalgm/CVPR/SceneDecomp/6000157.wcsp	evalgm	SceneDecomp	wcsp	180	multi	no	459920
evalgm/CVPR/SceneDecomp/6000158.wcsp	evalgm	SceneDecomp	wcsp	190	multi	no	485860
evalgm/CVPR/SceneDecomp/6000159.wcsp	evalgm	SceneDecomp	wcsp	177	multi	no	452351
evalgm/CVPR/SceneDecomp/6000160.wcsp	evalgm	SceneDecomp	wcsp	187	multi	no	475400
evalgm/CVPR/SceneDecomp/6000161.wcsp	evalgm	SceneDecomp	wcsp	178	multi	no	452575
evalgm/CVPR/SceneDecomp/6000162.wcsp	evalgm	SceneDecomp	wcsp	189	multi	no	513609
evalgm/CVPR/SceneDecomp/6000163.wcsp	evalgm	SceneDecomp	wcsp	180	multi	no	458059
evalgm/CVPR/SceneDecomp/6000164.wcsp	evalgm	SceneDecomp	wcsp	174	multi	no	442148
evalgm/CVPR/SceneDecomp/6000165.wcsp	evalgm	SceneDecomp	wcsp	187	multi	no	480290
evalgm/CVPR/SceneDecomp/6000166.wcsp	evalgm	SceneDecomp	wcsp	191	multi	no	486936
evalgm/CVPR/SceneDecomp/6000167.wcsp	evalgm	SceneDecomp	wcsp	177	multi	no	483608
evalgm/CVPR/SceneDecomp/6000168.wcsp	evalgm	SceneDecomp	wcsp	190	multi	no	485967
evalgm/CVPR/SceneDecomp/6000169.wcsp	evalgm	SceneDecomp	wcsp	190	multi	no	487415
evalgm/CVPR/SceneDecomp/6000170.wcsp	evalgm	SceneDecomp	wcsp	174	multi	no	447614
evalgm/CVPR/SceneDecomp/6000171.wcsp	evalgm	SceneDecomp	wcsp	177	multi	no	451766
evalgm/CVPR/SceneDecomp/6000172.wcsp	evalgm	SceneDecomp	wcsp	179	multi	no	488843
evalgm/CVPR/SceneDecomp/6000173.wcsp	evalgm	SceneDecomp	wcsp	185	multi	no	469603
evalgm/CVPR/SceneDecomp/6000174.wcsp	evalgm	SceneDecomp	wcsp	193	multi	no	490478
evalgm/CVPR/SceneDecomp/6000175.wcsp	evalgm	SceneDecomp	wcsp	186	multi	no	474367
evalgm/CVPR/SceneDecomp/6000176.wcsp	evalgm	SceneDecomp	wcsp	196	multi	no	501814
evalgm/CVPR/SceneDecomp/6000177.wcsp	evalgm	SceneDecomp	wcsp	174	multi	no	442265
evalgm/CVPR/SceneDecomp/6000178.wcsp	evalgm	SceneDecomp	wcsp	191	multi	no	489676
evalgm/CVPR/SceneDecomp/6000179.wcsp	evalgm	SceneDecomp	wcsp	182	multi	no	464789
evalgm/CVPR/SceneDecomp/6000180.wcsp	evalgm	SceneDecomp	wcsp	186	multi	no	468314
evalgm/CVPR/SceneDecomp/6000181.wcsp	evalgm	SceneDecomp	wcsp	189	multi	no	480949
evalgm/CVPR/SceneDecomp/6000182.wcsp	evalgm	SceneDecomp	wcsp	188	multi	no	513117
evalgm/CVPR/SceneDecomp/6000183.wcsp	evalgm	SceneDecomp	wcsp	183	multi	no	465891
evalgm/CVPR/SceneDecomp/6000184.wcsp	evalgm	SceneDecomp	wcsp	198	multi	no	505993
evalgm/CVPR/SceneDecomp/6000185.wcsp	evalgm	SceneDecomp	wcsp	198	multi	no	541605
evalgm/CVPR/SceneDecomp/6000186.wcsp	evalgm	SceneDecomp	wcsp	196	multi	no	536266
evalgm/CVPR/SceneDecomp/6000187.wcsp	evalgm	SceneDecomp	wcsp	202	multi	no	512804
evalgm/CVPR/SceneDecomp/6000188.wcsp	evalgm	SceneDecomp	wcsp	185	multi	no	471354
evalgm/CVPR/SceneDecomp/6000189.wcsp	evalgm	SceneDecomp	wcsp	182	multi	no	493226
evalgm/CVPR/SceneDecomp/6000190.wcsp	evalgm	SceneDecomp	wcsp	182	multi	no	462935
evalgm/CVPR/SceneDecomp/6000191.wcsp	evalgm	SceneDecomp	wcsp	187	multi	no	477411
evalgm/CVPR/SceneDecomp/6000192.wcsp	evalgm	SceneDecomp	wcsp	183	multi	no	489806
evalgm/CVPR/SceneDecomp/6000193.wcsp	evalgm	SceneDecomp	wcsp	190	multi	no	514092
evalgm/CVPR/SceneDecomp/6000194.wcsp	evalgm	SceneDecomp	wcsp	186	multi	no	472666
evalgm/CVPR/SceneDecomp/6000195.wcsp	evalgm	SceneDecomp	wcsp	198	multi	no	539025
evalgm/CVPR/SceneDecomp/6000196.wcsp	evalgm	SceneDecomp	wcsp	184	multi	no	469849
evalgm/CVPR/SceneDecomp/6000197.wcsp	evalgm	SceneDecomp	wcsp	203	multi	no	523617
evalgm/CVPR/SceneDecomp/6000198.wcsp	evalgm	SceneDecomp	wcsp	197	multi	no	496405
evalgm/CVPR/SceneDecomp/6000199.wcsp	evalgm	SceneDecomp	wcsp	202	multi	no	508260
evalgm/CVPR/SceneDecomp/6000200.wcsp	evalgm	SceneDecomp	wcsp	185	multi	no	502533
evalgm/CVPR/SceneDecomp/6000201.wcsp	evalgm	SceneDecomp	wcsp	206	multi	no	525722
evalgm/CVPR/SceneDecomp/6000202.wcsp	evalgm	SceneDecomp	wcsp	188	multi	no	478199
evalgm/CVPR/SceneDecomp/6000203.wcsp	evalgm	SceneDecomp	wcsp	194	multi	no	496038
evalgm/CVPR/SceneDecomp/6000204.wcsp	evalgm	SceneDecomp	wcsp	191	multi	no	486908
evalgm/CVPR/SceneDecomp/6000205.wcsp	evalgm	SceneDecomp	wcsp	192	multi	no	494320
evalgm/CVPR/SceneDecomp/6000206.wcsp	evalgm	SceneDecomp	wcsp	192	multi	no	487741
evalgm/CVPR/SceneDecomp/6000207.wcsp	evalgm	SceneDecomp	wcsp	178	multi	no	484018
evalgm/CVPR/SceneDecomp/6000208.wcsp	evalgm	SceneDecomp	wcsp	183	multi	no	492471
evalgm/CVPR/SceneDecomp/6000209.wcsp	evalgm	SceneDecomp	wcsp	186	multi	no	474632
evalgm/CVPR/SceneDecomp/6000210.wcsp	evalgm	SceneDecomp	wcsp	203	multi	no	523466
evalgm/CVPR/SceneDecomp/6000211.wcsp	evalgm	SceneDecomp	wcsp	186	multi	no	505034
evalgm/CVPR/SceneDecomp/6000212.wcsp	evalgm	SceneDecomp	wcsp	189	multi	no	479081
evalgm/CVPR/SceneDecomp/6000213.wcsp	evalgm	SceneDecomp	wcsp	190	multi	no	484007
evalgm/CVPR/SceneDecomp/6000214.wcsp	evalgm	SceneDecomp	wcsp	190	multi	no	517361
evalgm/CVPR/SceneDecomp/6000215.wcsp	evalgm	SceneDecomp	wcsp	189	multi	no	481784
evalgm/CVPR/SceneDecomp/6000216.wcsp	evalgm	SceneDecomp	wcsp	188	multi	no	475391
evalgm/CVPR/SceneDecomp/6000217.wcsp	evalgm	SceneDecomp	wcsp	189	multi	no	484857
evalgm/CVPR/SceneDecomp/6000218.wcsp	evalgm	SceneDecomp	wcsp	195	multi	no	530445
evalgm/CVPR/SceneDecomp/6000219.wcsp	evalgm	SceneDecomp	wcsp	187	multi	no	477439
evalgm/CVPR/SceneDecomp/6000220.wcsp	evalgm	SceneDecomp	wcsp	191	multi	no	525531
evalgm/CVPR/SceneDecomp/6000221.wcsp	evalgm	SceneDecomp	wcsp	200	multi	no	515329
evalgm/CVPR/SceneDecomp/6000222.wcsp	evalgm	SceneDecomp	wcsp	192	multi	no	529890
evalgm/CVPR/SceneDecomp/6000223.wcsp	evalgm	SceneDecomp	wcsp	189	multi	no	480299
evalgm/CVPR/SceneDecomp/6000224.wcsp	evalgm	SceneDecomp	wcsp	192	multi	no	490551
evalgm/CVPR/SceneDecomp/6000225.wcsp	evalgm	SceneDecomp	wcsp	193	multi	no	496952
evalgm/CVPR/SceneDecomp/6000226.wcsp	evalgm	SceneDecomp	wcsp	188	multi	no	479130
evalgm/CVPR/SceneDecomp/6000227.wcsp	evalgm	SceneDecomp	wcsp	191	multi	no	486770
evalgm/CVPR/SceneDecomp/6000228.wcsp	evalgm	SceneDecomp	wcsp	182	multi	no	463242
evalgm/CVPR/SceneDecomp/6000229.wcsp	evalgm	SceneDecomp	wcsp	194	multi	no	494681
evalgm/CVPR/SceneDecomp/6000230.wcsp	evalgm	SceneDecomp	wcsp	189	multi	no	516944
evalgm/CVPR/SceneDecomp/6000231.wcsp	evalgm	SceneDecomp	wcsp	189	multi	no	478267
evalgm/CVPR/SceneDecomp/6000232.wcsp	evalgm	SceneDecomp	wcsp	173	multi	no	474518
evalgm/CVPR/SceneDecomp/6000233.wcsp	evalgm	SceneDecomp	wcsp	191	multi	no	487954
evalgm/CVPR/SceneDecomp/6000234.wcsp	evalgm	SceneDecomp	wcsp	186	multi	no	473678
evalgm/CVPR/SceneDecomp/6000235.wcsp	evalgm	SceneDecomp	wcsp	174	multi	no	441974
evalgm/CVPR/SceneDecomp/6000236.wcsp	evalgm	SceneDecomp	wcsp	184	multi	no	499349
evalgm/CVPR/SceneDecomp/6000237.wcsp	evalgm	SceneDecomp	wcsp	196	multi	no	504824
evalgm/CVPR/SceneDecomp/6000238.wcsp	evalgm	SceneDecomp	wcsp	187	multi	no	504362
evalgm/CVPR/SceneDecomp/6000239.wcsp	evalgm	SceneDecomp	wcsp	184	multi	no	500210
evalgm/CVPR/SceneDecomp/6000240.wcsp	evalgm	SceneDecomp	wcsp	187	multi	no	479194
evalgm/CVPR/SceneDecomp/6000241.wcsp	evalgm	SceneDecomp	wcsp	192	multi	no	528903
evalgm/CVPR/SceneDecomp/6000242.wcsp	evalgm	SceneDecomp	wcsp	185	multi	no	504416
evalgm/CVPR/SceneDecomp/6000243.wcsp	evalgm	SceneDecomp	wcsp	196	multi	no	503861
evalgm/CVPR/SceneDecomp/6000244.wcsp	evalgm	SceneDecomp	wcsp	192	multi	no	492381
evalgm/CVPR/SceneDecomp/6000245.wcsp	evalgm	SceneDecomp	wcsp	182	multi	no	479930
evalgm/CVPR/SceneDecomp/6000246.wcsp	evalgm	SceneDecomp	wcsp	191	multi	no	485821
evalgm/CVPR/SceneDecomp/6000247.wcsp	evalgm	SceneDecomp	wcsp	193	multi	no	495510
evalgm/CVPR/SceneDecomp/6000248.wcsp	evalgm	SceneDecomp	wcsp	193	multi	no	490610
evalgm/CVPR/SceneDecomp/6000249.wcsp	evalgm	SceneDecomp	wcsp	191	multi	no	489189
evalgm/CVPR/SceneDecomp/6000250.wcsp	evalgm	SceneDecomp	wcsp	187	multi	no	507249
evalgm/CVPR/SceneDecomp/6000251.wcsp	evalgm	SceneDecomp	wcsp	193	multi	no	493413
evalgm/CVPR/SceneDecomp/6000252.wcsp	evalgm	SceneDecomp	wcsp	187	multi	no	506495
evalgm/CVPR/SceneDecomp/6000253.wcsp	evalgm	SceneDecomp	wcsp	190	multi	no	514605
evalgm/CVPR/SceneDecomp/6000254.wcsp	evalgm	SceneDecomp	wcsp	195	multi	no	503818
evalgm/CVPR/SceneDecomp/6000255.wcsp	evalgm	SceneDecomp	wcsp	189	multi	no	479603
evalgm/CVPR/SceneDecomp/6000256.wcsp	evalgm	SceneDecomp	wcsp	194	multi	no	535388
evalgm/CVPR/SceneDecomp/6000257.wcsp	evalgm	SceneDecomp	wcsp	187	multi	no	506046
evalgm/CVPR/SceneDecomp/6000258.wcsp	evalgm	SceneDecomp	wcsp	191	multi	no	488626
evalgm/CVPR/SceneDecomp/6000259.wcsp	evalgm	SceneDecomp	wcsp	190	multi	no	516247
evalgm/CVPR/SceneDecomp/6000260.wcsp	evalgm	SceneDecomp	wcsp	191	multi	no	523227
evalgm/CVPR/SceneDecomp/6000261.wcsp	evalgm	SceneDecomp	wcsp	198	multi	no	512424
evalgm/CVPR/SceneDecomp/6000262.wcsp	evalgm	SceneDecomp	wcsp	177	multi	no	480742
evalgm/CVPR/SceneDecomp/6000263.wcsp	evalgm	SceneDecomp	wcsp	200	multi	no	515137
evalgm/CVPR/SceneDecomp/6000264.wcsp	evalgm	SceneDecomp	wcsp	204	multi	no	560549
evalgm/CVPR/SceneDecomp/6000265.wcsp	evalgm	SceneDecomp	wcsp	182	multi	no	493139
evalgm/CVPR/SceneDecomp/6000266.wcsp	evalgm	SceneDecomp	wcsp	205	multi	no	525346
evalgm/CVPR/SceneDecomp/6000267.wcsp	evalgm	SceneDecomp	wcsp	188	multi	no	478409
evalgm/CVPR/SceneDecomp/6000268.wcsp	evalgm	SceneDecomp	wcsp	182	multi	no	460484
evalgm/CVPR/SceneDecomp/6000269.wcsp	evalgm	SceneDecomp	wcsp	192	multi	no	529385
evalgm/CVPR/SceneDecomp/6000270.wcsp	evalgm	SceneDecomp	wcsp	190	multi	no	486534
evalgm/CVPR/SceneDecomp/6000271.wcsp	evalgm	SceneDecomp	wcsp	189	multi	no	483683
evalgm/CVPR/SceneDecomp/6000272.wcsp	evalgm	SceneDecomp	wcsp	189	multi	no	486624
evalgm/CVPR/SceneDecomp/6000273.wcsp	evalgm	SceneDecomp	wcsp	196	multi	no	537416
evalgm/CVPR/SceneDecomp/6000274.wcsp	evalgm	SceneDecomp	wcsp	186	multi	no	475296
evalgm/CVPR/SceneDecomp/6000275.wcsp	evalgm	SceneDecomp	wcsp	187	multi	no	473661
evalgm/CVPR/SceneDecomp/6000276.wcsp	evalgm	SceneDecomp	wcsp	182	multi	no	496714
evalgm/CVPR/SceneDecomp/6000277.wcsp	evalgm	SceneDecomp	wcsp	182	multi	no	494976
evalgm/CVPR/SceneDecomp/6000278.wcsp	evalgm	SceneDecomp	wcsp	180	multi	no	457239
evalgm/CVPR/SceneDecomp/6000279.wcsp	evalgm	SceneDecomp	wcsp	189	multi	no	516932
evalgm/CVPR/SceneDecomp/6000280.wcsp	evalgm	SceneDecomp	wcsp	185	multi	no	502393
evalgm/CVPR/SceneDecomp/6000281.wcsp	evalgm	SceneDecomp	wcsp	190	multi	no	486584
evalgm/CVPR/SceneDecomp/6000282.wcsp	evalgm	SceneDecomp	wcsp	192	multi	no	521977
evalgm/CVPR/SceneDecomp/6000283.wcsp	evalgm	SceneDecomp	wcsp	186	multi	no	509676
evalgm/CVPR/SceneDecomp/6000284.wcsp	evalgm	SceneDecomp	wcsp	191	multi	no	489645
evalgm/CVPR/SceneDecomp/6000285.wcsp	evalgm	SceneDecomp	wcsp	184	multi	no	500333
evalgm/CVPR/SceneDecomp/6000286.wcsp	evalgm	SceneDecomp	wcsp	180	multi	no	461129
evalgm/CVPR/SceneDecomp/6000287.wcsp	evalgm	SceneDecomp	wcsp	189	multi	no	484717
evalgm/CVPR/SceneDecomp/6000288.wcsp	evalgm	SceneDecomp	wcsp	189	multi	no	513134
evalgm/CVPR/SceneDecomp/6000289.wcsp	evalgm	SceneDecomp	wcsp	194	multi	no	534386
evalgm/CVPR/SceneDecomp/6000290.wcsp	evalgm	SceneDecomp	wcsp	191	multi	no	524129
evalgm/CVPR/SceneDecomp/6000291.wcsp	evalgm	SceneDecomp	wcsp	185	multi	no	501725
evalgm/CVPR/SceneDecomp/6000292.wcsp	evalgm	SceneDecomp	wcsp	205	multi	no	526683
evalgm/CVPR/SceneDecomp/6000293.wcsp	evalgm	SceneDecomp	wcsp	180	multi	no	489001
evalgm/CVPR/SceneDecomp/6000294.wcsp	evalgm	SceneDecomp	wcsp	185	multi	no	474952
evalgm/CVPR/SceneDecomp/6000295.wcsp	evalgm	SceneDecomp	wcsp	183	multi	no	464855
evalgm/CVPR/SceneDecomp/6000296.wcsp	evalgm	SceneDecomp	wcsp	199	multi	no	514303
evalgm/CVPR/SceneDecomp/6000297.wcsp	evalgm	SceneDecomp	wcsp	185	multi	no	470715
evalgm/CVPR/SceneDecomp/6000298.wcsp	evalgm	SceneDecomp	wcsp	187	multi	no	512924
evalgm/CVPR/SceneDecomp/6000299.wcsp	evalgm	SceneDecomp	wcsp	189	multi	no	488891
evalgm/CVPR/SceneDecomp/6000300.wcsp	evalgm	SceneDecomp	wcsp	189	multi	no	521217
evalgm/CVPR/SceneDecomp/6000301.wcsp	evalgm	SceneDecomp	wcsp	191	multi	no	515238
evalgm/CVPR/SceneDecomp/6000302.wcsp	evalgm	SceneDecomp	wcsp	187	multi	no	477330
evalgm/CVPR/SceneDecomp/6000303.wcsp	evalgm	SceneDecomp	wcsp	193	multi	no	489768
evalgm/CVPR/SceneDecomp/6000304.wcsp	evalgm	SceneDecomp	wcsp	185	multi	no	503632
evalgm/CVPR/SceneDecomp/6000305.wcsp	evalgm	SceneDecomp	wcsp	194	multi	no	527521
evalgm/CVPR/SceneDecomp/6000306.wcsp	evalgm	SceneDecomp	wcsp	182	multi	no	489186
evalgm/CVPR/SceneDecomp/6000307.wcsp	evalgm	SceneDecomp	wcsp	188	multi	no	483619
evalgm/CVPR/SceneDecomp/6000308.wcsp	evalgm	SceneDecomp	wcsp	185	multi	no	474199
evalgm/CVPR/SceneDecomp/6000309.wcsp	evalgm	SceneDecomp	wcsp	191	multi	no	522030
evalgm/CVPR/SceneDecomp/6000310.wcsp	evalgm	SceneDecomp	wcsp	174	multi	no	440143
evalgm/CVPR/SceneDecomp/6000311.wcsp	evalgm	SceneDecomp	wcsp	186	multi	no	472545
evalgm/CVPR/SceneDecomp/6000312.wcsp	evalgm	SceneDecomp	wcsp	181	multi	no	457536
evalgm/CVPR/SceneDecomp/6000313.wcsp	evalgm	SceneDecomp	wcsp	174	multi	no	441141
evalgm/CVPR/SceneDecomp/6000314.wcsp	evalgm	SceneDecomp	wcsp	177	multi	no	451582
evalgm/CVPR/SceneDecomp/6000315.wcsp	evalgm	SceneDecomp	wcsp	190	multi	no	482918
evalgm/CVPR/SceneDecomp/6000316.wcsp	evalgm	SceneDecomp	wcsp	191	multi	no	525026
evalgm/CVPR/SceneDecomp/6000317.wcsp	evalgm	SceneDecomp	wcsp	191	multi	no	492983
evalgm/CVPR/SceneDecomp/6000318.wcsp	evalgm	SceneDecomp	wcsp	160	multi	no	402103
evalgm/CVPR/SceneDecomp/6000319.wcsp	evalgm	SceneDecomp	wcsp	188	multi	no	513505
evalgm/CVPR/SceneDecomp/6000320.wcsp	evalgm	SceneDecomp	wcsp	201	multi	no	551571
evalgm/CVPR/SceneDecomp/6000321.wcsp	evalgm	SceneDecomp	wcsp	201	multi	no	517767
evalgm/CVPR/SceneDecomp/6000322.wcsp	evalgm	SceneDecomp	wcsp	179	multi	no	488797
evalgm/CVPR/SceneDecomp/6000323.wcsp	evalgm	SceneDecomp	wcsp	188	multi	no	514010
evalgm/CVPR/SceneDecomp/6000324.wcsp	evalgm	SceneDecomp	wcsp	184	multi	no	500645
evalgm/CVPR/SceneDecomp/6000325.wcsp	evalgm	SceneDecomp	wcsp	181	multi	no	492814
evalgm/CVPR/SceneDecomp/6000326.wcsp	evalgm	SceneDecomp	wcsp	182	multi	no	495235
evalgm/CVPR/SceneDecomp/6000327.wcsp	evalgm	SceneDecomp	wcsp	192	multi	no	518913
evalgm/CVPR/SceneDecomp/6000328.wcsp	evalgm	SceneDecomp	wcsp	182	multi	no	462039
evalgm/CVPR/SceneDecomp/6000329.wcsp	evalgm	SceneDecomp	wcsp	188	multi	no	510999
evalgm/CVPR/SceneDecomp/6000330.wcsp	evalgm	SceneDecomp	wcsp	182	multi	no	493895
evalgm/CVPR/SceneDecomp/6000331.wcsp	evalgm	SceneDecomp	wcsp	191	multi	no	489376
evalgm/CVPR/SceneDecomp/6000332.wcsp	evalgm	SceneDecomp	wcsp	190	multi	no	482998
evalgm/CVPR/SceneDecomp/6000333.wcsp	evalgm	SceneDecomp	wcsp	185	multi	no	469818
evalgm/CVPR/SceneDecomp/6000334.wcsp	evalgm	SceneDecomp	wcsp	187	multi	no	476325
evalgm/CVPR/SceneDecomp/6000335.wcsp	evalgm	SceneDecomp	wcsp	183	multi	no	499569
evalgm/CVPR/SceneDecomp/6000336.wcsp	evalgm	SceneDecomp	wcsp	196	multi	no	498990
evalgm/CVPR/SceneDecomp/6000337.wcsp	evalgm	SceneDecomp	wcsp	192	multi	no	488990
evalgm/CVPR/SceneDecomp/6000338.wcsp	evalgm	SceneDecomp	wcsp	196	multi	no	499000
evalgm/CVPR/SceneDecomp/6000339.wcsp	evalgm	SceneDecomp	wcsp	191	multi	no	490362
evalgm/CVPR/SceneDecomp/6000340.wcsp	evalgm	SceneDecomp	wcsp	187	multi	no	473636
evalgm/CVPR/SceneDecomp/6000341.wcsp	evalgm	SceneDecomp	wcsp	181	multi	no	460427
evalgm/CVPR/SceneDecomp/6000342.wcsp	evalgm	SceneDecomp	wcsp	189	multi	no	484823
evalgm/CVPR/SceneDecomp/6000343.wcsp	evalgm	SceneDecomp	wcsp	205	multi	no	528602
evalgm/CVPR/SceneDecomp/6000344.wcsp	evalgm	SceneDecomp	wcsp	193	multi	no	494588
evalgm/CVPR/SceneDecomp/6000345.wcsp	evalgm	SceneDecomp	wcsp	197	multi	no	502171
evalgm/CVPR/SceneDecomp/6000346.wcsp	evalgm	SceneDecomp	wcsp	189	multi	no	517404
evalgm/CVPR/SceneDecomp/6000347.wcsp	evalgm	SceneDecomp	wcsp	186	multi	no	471820
evalgm/CVPR/SceneDecomp/6000348.wcsp	evalgm	SceneDecomp	wcsp	187	multi	no	503070
evalgm/CVPR/SceneDecomp/6000349.wcsp	evalgm	SceneDecomp	wcsp	177	multi	no	452535
evalgm/CVPR/SceneDecomp/6000350.wcsp	evalgm	SceneDecomp	wcsp	170	multi	no	431424
evalgm/CVPR/SceneDecomp/6000351.wcsp	evalgm	SceneDecomp	wcsp	183	multi	no	462307
evalgm/CVPR/SceneDecomp/6000352.wcsp	evalgm	SceneDecomp	wcsp	191	multi	no	520470
evalgm/CVPR/SceneDecomp/6000353.wcsp	evalgm	SceneDecomp	wcsp	194	multi	no	527031
evalgm/CVPR/SceneDecomp/6000354.wcsp	evalgm	SceneDecomp	wcsp	189	multi	no	481651
evalgm/CVPR/SceneDecomp/6000355.wcsp	evalgm	SceneDecomp	wcsp	190	multi	no	516351
evalgm/CVPR/SceneDecomp/8000811.wcsp	evalgm	SceneDecomp	wcsp	162	multi	no	435133
evalgm/CVPR/SceneDecomp/8001155.wcsp	evalgm	SceneDecomp	wcsp	191	multi	no	524060
evalgm/CVPR/SceneDecomp/8001974.wcsp	evalgm	SceneDecomp	wcsp	189	multi	no	484715
evalgm/CVPR/SceneDecomp/8002274.wcsp	evalgm	SceneDecomp	wcsp	168	multi	no	451455
evalgm/CVPR/SceneDecomp/8002764.wcsp	evalgm	SceneDecomp	wcsp	159	multi	no	427934
evalgm/CVPR/SceneDecomp/8003131.wcsp	evalgm	SceneDecomp	wcsp	171	multi	no	434256
evalgm/CVPR/SceneDecomp/8003836.wcsp	evalgm	SceneDecomp	wcsp	187	multi	no	509422
evalgm/CVPR/SceneDecomp/8003952.wcsp	evalgm	SceneDecomp	wcsp	162	multi	no	407799
evalgm/CVPR/SceneDecomp/8004573.wcsp	evalgm	SceneDecomp	wcsp	159	multi	no	403034
evalgm/CVPR/SceneDecomp/8005616.wcsp	evalgm	SceneDecomp	wcsp	163	multi	no	439266
evalgm/CVPR/SceneDecomp/8006160.wcsp	evalgm	SceneDecomp	wcsp	174	multi	no	468744
evalgm/CVPR/SceneDecomp/8006302.wcsp	evalgm	SceneDecomp	wcsp	186	multi	no	474329
evalgm/CVPR/SceneDecomp/8008099.wcsp	evalgm	SceneDecomp	wcsp	161	multi	no	404177
evalgm/CVPR/SceneDecomp/8008545.wcsp	evalgm	SceneDecomp	wcsp	182	multi	no	494082
evalgm/CVPR/SceneDecomp/8008998.wcsp	evalgm	SceneDecomp	wcsp	174	multi	no	472714
evalgm/CVPR/SceneDecomp/9000001.wcsp	evalgm	SceneDecomp	wcsp	186	multi	no	476296
evalgm/CVPR/SceneDecomp/9000002.wcsp	evalgm	SceneDecomp	wcsp	181	multi	no	492185
evalgm/CVPR/SceneDecomp/9000003.wcsp	evalgm	SceneDecomp	wcsp	167	multi	no	423151
evalgm/CVPR/SceneDecomp/9000029.wcsp	evalgm	SceneDecomp	wcsp	180	multi	no	489060
evalgm/CVPR/SceneDecomp/9000127.wcsp	evalgm	SceneDecomp	wcsp	175	multi	no	444785
evalgm/CVPR/SceneDecomp/9000136.wcsp	evalgm	SceneDecomp	wcsp	197	multi	no	534991
evalgm/CVPR/SceneDecomp/9000210.wcsp	evalgm	SceneDecomp	wcsp	180	multi	no	459313
evalgm/CVPR/SceneDecomp/9000288.wcsp	evalgm	SceneDecomp	wcsp	186	multi	no	475548
evalgm/CVPR/SceneDecomp/9000395.wcsp	evalgm	SceneDecomp	wcsp	178	multi	no	489301
evalgm/CVPR/SceneDecomp/9000747.wcsp	evalgm	SceneDecomp	wcsp	189	multi	no	479445
evalgm/CVPR/SceneDecomp/9000868.wcsp	evalgm	SceneDecomp	wcsp	190	multi	no	486549
evalgm/CVPR/SceneDecomp/9000875.wcsp	evalgm	SceneDecomp	wcsp	193	multi	no	526348
evalgm/CVPR/SceneDecomp/9000928.wcsp	evalgm	SceneDecomp	wcsp	184	multi	no	468785
evalgm/CVPR/SceneDecomp/9000933.wcsp	evalgm	SceneDecomp	wcsp	187	multi	no	479111
evalgm/CVPR/SceneDecomp/9000989.wcsp	evalgm	SceneDecomp	wcsp	195	multi	no	494369
evalgm/CVPR/SceneDecomp/9001001.wcsp	evalgm	SceneDecomp	wcsp	198	multi	no	540948
evalgm/CVPR/SceneDecomp/9001034.wcsp	evalgm	SceneDecomp	wcsp	175	multi	no	449298
evalgm/CVPR/SceneDecomp/9001071.wcsp	evalgm	SceneDecomp	wcsp	171	multi	no	464050
evalgm/CVPR/SceneDecomp/9001184.wcsp	evalgm	SceneDecomp	wcsp	190	multi	no	485102
evalgm/CVPR/SceneDecomp/9001300.wcsp	evalgm	SceneDecomp	wcsp	182	multi	no	495227
evalgm/CVPR/SceneDecomp/9001317.wcsp	evalgm	SceneDecomp	wcsp	184	multi	no	471205
evalgm/CVPR/SceneDecomp/9001619.wcsp	evalgm	SceneDecomp	wcsp	197	multi	no	502975
evalgm/CVPR/SceneDecomp/9001713.wcsp	evalgm	SceneDecomp	wcsp	188	multi	no	511915
evalgm/CVPR/SceneDecomp/9001991.wcsp	evalgm	SceneDecomp	wcsp	186	multi	no	512025
evalgm/CVPR/SceneDecomp/9002004.wcsp	evalgm	SceneDecomp	wcsp	160	multi	no	431161
evalgm/CVPR/SceneDecomp/9002021.wcsp	evalgm	SceneDecomp	wcsp	184	multi	no	469434
evalgm/CVPR/SceneDecomp/9002090.wcsp	evalgm	SceneDecomp	wcsp	192	multi	no	523332
evalgm/CVPR/SceneDecomp/9002114.wcsp	evalgm	SceneDecomp	wcsp	179	multi	no	452006
evalgm/CVPR/SceneDecomp/9002474.wcsp	evalgm	SceneDecomp	wcsp	184	multi	no	472359
evalgm/CVPR/SceneDecomp/9002577.wcsp	evalgm	SceneDecomp	wcsp	179	multi	no	480981
evalgm/CVPR/SceneDecomp/9002827.wcsp	evalgm	SceneDecomp	wcsp	165	multi	no	415526
evalgm/CVPR/SceneDecomp/9002861.wcsp	evalgm	SceneDecomp	wcsp	195	multi	no	499859
evalgm/CVPR/SceneDecomp/9002972.wcsp	evalgm	SceneDecomp	wcsp	175	multi	no	445589
evalgm/CVPR/SceneDecomp/9003116.wcsp	evalgm	SceneDecomp	wcsp	182	multi	no	466417
evalgm/CVPR/SceneDecomp/9003135.wcsp	evalgm	SceneDecomp	wcsp	196	multi	no	501933
evalgm/CVPR/SceneDecomp/9003234.wcsp	evalgm	SceneDecomp	wcsp	184	multi	no	468616
evalgm/CVPR/SceneDecomp/9003250.wcsp	evalgm	SceneDecomp	wcsp	172	multi	no	467692
evalgm/CVPR/SceneDecomp/9003301.wcsp	evalgm	SceneDecomp	wcsp	184	multi	no	465724
evalgm/CVPR/SceneDecomp/9003333.wcsp	evalgm	SceneDecomp	wcsp	189	multi	no	479179
evalgm/CVPR/SceneDecomp/9003339.wcsp	evalgm	SceneDecomp	wcsp	190	multi	no	486012
evalgm/CVPR/SceneDecomp/9003378.wcsp	evalgm	SceneDecomp	wcsp	181	multi	no	460988
evalgm/CVPR/SceneDecomp/9003423.wcsp	evalgm	SceneDecomp	wcsp	177	multi	no	450571
evalgm/CVPR/SceneDecomp/9003585.wcsp	evalgm	SceneDecomp	wcsp	159	multi	no	400392
evalgm/CVPR/SceneDecomp/9003635.wcsp	evalgm	SceneDecomp	wcsp	182	multi	no	466824
evalgm/CVPR/SceneDecomp/9003836.wcsp	evalgm	SceneDecomp	wcsp	186	multi	no	475999
evalgm/CVPR/SceneDecomp/9004060.wcsp	evalgm	SceneDecomp	wcsp	188	multi	no	508052
evalgm/CVPR/SceneDecomp/9004066.wcsp	evalgm	SceneDecomp	wcsp	184	multi	no	502571
evalgm/CVPR/SceneDecomp/9004070.wcsp	evalgm	SceneDecomp	wcsp	180	multi	no	489653
evalgm/CVPR/SceneDecomp/9004199.wcsp	evalgm	SceneDecomp	wcsp	179	multi	no	459034
evalgm/CVPR/SceneDecomp/9004242.wcsp	evalgm	SceneDecomp	wcsp	186	multi	no	474483
evalgm/CVPR/SceneDecomp/9004294.wcsp	evalgm	SceneDecomp	wcsp	179	multi	no	453890
evalgm/CVPR/SceneDecomp/9004353.wcsp	evalgm	SceneDecomp	wcsp	194	multi	no	494356
evalgm/CVPR/SceneDecomp/9004368.wcsp	evalgm	SceneDecomp	wcsp	175	multi	no	444015
evalgm/CVPR/SceneDecomp/9004383.wcsp	evalgm	SceneDecomp	wcsp	187	multi	no	505423
evalgm/CVPR/SceneDecomp/9004427.wcsp	evalgm	SceneDecomp	wcsp	186	multi	no	508806
evalgm/CVPR/SceneDecomp/9004520.wcsp	evalgm	SceneDecomp	wcsp	180	multi	no	485201
evalgm/CVPR/SceneDecomp/9004581.wcsp	evalgm	SceneDecomp	wcsp	168	multi	no	456269
evalgm/CVPR/SceneDecomp/9004766.wcsp	evalgm	SceneDecomp	wcsp	166	multi	no	419316
evalgm/CVPR/SceneDecomp/9004879.wcsp	evalgm	SceneDecomp	wcsp	182	multi	no	462953
evalgm/CVPR/SceneDecomp/9004965.wcsp	evalgm	SceneDecomp	wcsp	155	multi	no	389848
evalgm/CVPR/SceneDecomp/9004971.wcsp	evalgm	SceneDecomp	wcsp	177	multi	no	454102
evalgm/CVPR/SceneDecomp/9005011.wcsp	evalgm	SceneDecomp	wcsp	193	multi	no	522720
evalgm/CVPR/SceneDecomp/9005105.wcsp	evalgm	SceneDecomp	wcsp	187	multi	no	480059
evalgm/CVPR/SceneDecomp/9005245.wcsp	evalgm	SceneDecomp	wcsp	178	multi	no	482000
evalgm/CVPR/SceneDecomp/9005273.wcsp	evalgm	SceneDecomp	wcsp	162	multi	no	406063
evalgm/CVPR/SceneDecomp/9005294.wcsp	evalgm	SceneDecomp	wcsp	191	multi	no	521561
evalgm/MaxCSP/BlackHole-13/BlackHole-4-13-e-0_ext_1000.wcsp	evalgm	BlackHole-13	wcsp	205	multi	no	20537511
evalgm/MaxCSP/BlackHole-13/BlackHole-4-13-e-1_ext_1000.wcsp	evalgm	BlackHole-13	wcsp	205	multi	no	20537511
evalgm/MaxCSP/BlackHole-13/BlackHole-4-13-e-2_ext_1000.wcsp	evalgm	BlackHole-13	wcsp	205	multi	no	20537516
evalgm/MaxCSP/BlackHole-13/BlackHole-4-13-e-3_ext_1000.wcsp	evalgm	BlackHole-13	wcsp	205	multi	no	20537515
evalgm/MaxCSP/BlackHole-13/BlackHole-4-13-m-0_ext_1000.wcsp	evalgm	BlackHole-13	wcsp	205	multi	no	20537513
evalgm/MaxCSP/BlackHole-13/BlackHole-4-13-m-1_ext_1000.wcsp	evalgm	BlackHole-13	wcsp	205	multi	no	20537514
evalgm/MaxCSP/BlackHole-13/BlackHole-4-13-m-2_ext_1000.wcsp	evalgm	BlackHole-13	wcsp	205	multi	no	20537512
evalgm/MaxCSP/BlackHole-4/BlackHole-4-4-e-0_ext_1000.wcsp	evalgm	BlackHole-4	wcsp	61	multi	no	29695
evalgm/MaxCSP/BlackHole-4/BlackHole-4-4-e-1_ext_1000.wcsp	evalgm	BlackHole-4	wcsp	61	multi	no	29696
evalgm/MaxCSP/BlackHole-4/BlackHole-4-4-e-2_ext_1000.wcsp	evalgm	BlackHole-4	wcsp	61	multi	no	29695
evalgm/MaxCSP/BlackHole-4/BlackHole-4-4-e-3_ext_1000.wcsp	evalgm	BlackHole-4	wcsp	61	multi	no	29696
evalgm/MaxCSP/BlackHole-4/BlackHole-4-4-e-4_ext_1000.wcsp	evalgm	BlackHole-4	wcsp	61	multi	no	29696
evalgm/MaxCSP/BlackHole-4/BlackHole-4-4-e-5_ext_1000.wcsp	evalgm	BlackHole-4	wcsp	61	multi	no	29697
evalgm/MaxCSP/BlackHole-4/BlackHole-4-4-e-6_ext_1000.wcsp	evalgm	BlackHole-4	wcsp	61	multi	no	29695
evalgm/MaxCSP/BlackHole-4/BlackHole-4-4-e-7_ext_1000.wcsp	evalgm	BlackHole-4	wcsp	61	multi	no	29696
evalgm/MaxCSP/BlackHole-4/BlackHole-4-4-e-8_ext_1000.wcsp	evalgm	BlackHole-4	wcsp	61	multi	no	29695
evalgm/MaxCSP/BlackHole-4/BlackHole-4-4-e-9_ext_1000.wcsp	evalgm	BlackHole-4	wcsp	61	multi	no	29697
evalgm/MaxCSP/BlackHole-7/BlackHole-4-7-e-0_ext_1000.wcsp	evalgm	BlackHole-7	wcsp	109	multi	no	1588004
evalgm/MaxCSP/BlackHole-7/BlackHole-4-7-e-1_ext_1000.wcsp	evalgm	BlackHole-7	wcsp	109	multi	no	1588003
evalgm/MaxCSP/BlackHole-7/BlackHole-4-7-e-2_ext_1000.wcsp	evalgm	BlackHole-7	wcsp	109	multi	no	1588002
evalgm/MaxCSP/BlackHole-7/BlackHole-4-7-e-3_ext_1000.wcsp	evalgm	BlackHole-7	wcsp	109	multi	no	1588004
evalgm/MaxCSP/BlackHole-7/BlackHole-4-7-e-4_ext_1000.wcsp	evalgm	BlackHole-7	wcsp	109	multi	no	1588002
evalgm/MaxCSP/BlackHole-7/BlackHole-4-7-e-5_ext_1000.wcsp	evalgm	BlackHole-7	wcsp	109	multi	no	1588003
evalgm/MaxCSP/BlackHole-7/BlackHole-4-7-e-6_ext_1000.wcsp	evalgm	BlackHole-7	wcsp	109	multi	no	1588004
evalgm/MaxCSP/BlackHole-7/BlackHole-4-7-e-7_ext_1000.wcsp	evalgm	BlackHole-7	wcsp	109	multi	no	1588003
evalgm/MaxCSP/BlackHole-7/BlackHole-4-7-e-8_ext_1000.wcsp	evalgm	BlackHole-7	wcsp	109	multi	no	1588004
evalgm/MaxCSP/BlackHole-7/BlackHole-4-7-e-9_ext_1000.wcsp	evalgm	BlackHole-7	wcsp	109	multi	no	1588002
evalgm/MaxCSP/BlackHole-7/BlackHole-4-7-h-0_ext_1000.wcsp	evalgm	BlackHole-7	wcsp	109	multi	no	1588004
evalgm/MaxCSP/BlackHole-7/BlackHole-4-7-h-1_ext_1000.wcsp	evalgm	BlackHole-7	wcsp	109	multi	no	1588004
evalgm/MaxCSP/BlackHole-7/BlackHole-4-7-h-2_ext_1000.wcsp	evalgm	BlackHole-7	wcsp	109	multi	no	1588004
evalgm/MaxCSP/BlackHole-7/BlackHole-4-7-h-3_ext_1000.wcsp	evalgm	BlackHole-7	wcsp	109	multi	no	1588003
evalgm/MaxCSP/BlackHole-7/BlackHole-4-7-h-4_ext_1000.wcsp	evalgm	BlackHole-7	wcsp	109	multi	no	1588003
evalgm/MaxCSP/BlackHole-7/BlackHole-4-7-h-5_ext_1000.wcsp	evalgm	BlackHole-7	wcsp	109	multi	no	1588002
evalgm/MaxCSP/BlackHole-7/BlackHole-4-7-h-6_ext_1000.wcsp	evalgm	BlackHole-7	wcsp	109	multi	no	1588002
evalgm/MaxCSP/BlackHole-7/BlackHole-4-7-h-7_ext_1000.wcsp	evalgm	BlackHole-7	wcsp	109	multi	no	1588002
evalgm/MaxCSP/BlackHole-7/BlackHole-4-7-h-8_ext_1000.wcsp	evalgm	BlackHole-7	wcsp	109	multi	no	1588002
evalgm/MaxCSP/BlackHole-7/BlackHole-4-7-h-9_ext_1000.wcsp	evalgm	BlackHole-7	wcsp	109	multi	no	1588003
evalgm/MaxCSP/Coloring/dsjc-125-1-4-ext_1000.wcsp	evalgm	Coloring	wcsp	125	multi	no	83819
evalgm/MaxCSP/Coloring/dsjc-125-1-5-ext_1000.wcsp	evalgm	Coloring	wcsp	125	multi	no	124063
evalgm/MaxCSP/Coloring/geom-30a-3-ext_1000.wcsp	evalgm	Coloring	wcsp	30	multi	no	5981
evalgm/MaxCSP/Coloring/geom-30a-4-ext_1000.wcsp	evalgm	Coloring	wcsp	30	multi	no	9584
evalgm/MaxCSP/Coloring/geom-30a-5-ext_1000.wcsp	evalgm	Coloring	wcsp	30	multi	no	14078
evalgm/MaxCSP/Coloring/geom-30a-6-ext_1000.wcsp	evalgm	Coloring	wcsp	30	multi	no	19544
evalgm/MaxCSP/Coloring/geom-40-2-ext_1000.wcsp	evalgm	Coloring	wcsp	40	boolean	yes	3540
evalgm/MaxCSP/Coloring/geom-40-3-ext_1000.wcsp	evalgm	Coloring	wcsp	40	multi	no	6040
evalgm/MaxCSP/Coloring/geom-40-4-ext_1000.wcsp	evalgm	Coloring	wcsp	40	multi	no	9554
evalgm/MaxCSP/Coloring/geom-40-5-ext_1000.wcsp	evalgm	Coloring	wcsp	40	multi	no	13926
evalgm/MaxCSP/Coloring/geom-40-6-ext_1000.wcsp	evalgm	Coloring	wcsp	40	multi	no	19234
evalgm/MaxCSP/Coloring/le-450-5a-2-ext_1000.wcsp	evalgm	Coloring	wcsp	450	boolean	yes	223310
evalgm/MaxCSP/Coloring/le-450-5a-3-ext_1000.wcsp	evalgm	Coloring	wcsp	450	multi	no	396530
evalgm/MaxCSP/Coloring/le-450-5a-4-ext_1000.wcsp	evalgm	Coloring	wcsp	450	multi	no	644032
evalgm/MaxCSP/Coloring/le-450-5a-5-ext_1000.wcsp	evalgm	Coloring	wcsp	450	multi	no	954388
evalgm/MaxCSP/Coloring/myciel-5g-3-ext_1000.wcsp	evalgm	Coloring	wcsp	47	multi	no	16526
evalgm/MaxCSP/Coloring/myciel-5g-4-ext_1000.wcsp	evalgm	Coloring	wcsp	47	multi	no	26862
evalgm/MaxCSP/Coloring/myciel-5g-5-ext_1000.wcsp	evalgm	Coloring	wcsp	47	multi	no	39794
evalgm/MaxCSP/Coloring/myciel-5g-6-ext_1000.wcsp	evalgm	Coloring	wcsp	47	multi	no	55558
evalgm/MaxCSP/Coloring/queens-5-5-3-ext_1000.wcsp	evalgm	Coloring	wcsp	25	multi	no	11018
evalgm/MaxCSP/Coloring/queens-5-5-4-ext_1000.wcsp	evalgm	Coloring	wcsp	25	multi	no	17998
evalgm/MaxCSP/Coloring/queens-5-5-5-ext_1000.wcsp	evalgm	Coloring	wcsp	25	multi	no	26738
evalgm/MaxCSP/Composed-25-1-25/composed-25-1-25-0_ext_1000.wcsp	evalgm	Composed-25-1-25	wcsp	33	multi	no	149330
evalgm/MaxCSP/Composed-25-1-25/composed-25-1-25-1_ext_1000.wcsp	evalgm	Composed-25-1-25	wcsp	33	multi	no	145665
evalgm/MaxCSP/Composed-25-1-25/composed-25-1-25-2_ext_1000.wcsp	evalgm	Composed-25-1-25	wcsp	33	multi	no	151838
evalgm/MaxCSP/Composed-25-1-25/composed-25-1-25-3_ext_1000.wcsp	evalgm	Composed-25-1-25	wcsp	33	multi	no	148456
evalgm/MaxCSP/Composed-25-1-25/composed-25-1-25-4_ext_1000.wcsp	evalgm	Composed-25-1-25	wcsp	33	multi	no	152681
evalgm/MaxCSP/Composed-25-1-25/composed-25-1-25-5_ext_1000.wcsp	evalgm	Composed-25-1-25	wcsp	33	multi	no	148112
evalgm/MaxCSP/Composed-25-1-25/composed-25-1-25-6_ext_1000.wcsp	evalgm	Composed-25-1-25	wcsp	33	multi	no	148610
evalgm/MaxCSP/Composed-25-1-25/composed-25-1-25-7_ext_1000.wcsp	evalgm	Composed-25-1-25	wcsp	33	multi	no	151417
evalgm/MaxCSP/Composed-25-1-25/composed-25-1-25-8_ext_1000.wcsp	evalgm	Composed-25-1-25	wcsp	33	multi	no	149428
evalgm/MaxCSP/Composed-25-1-25/composed-25-1-25-9_ext_1000.wcsp	evalgm	Composed-25-1-25	wcsp	33	multi	no	151736
evalgm/MaxCSP/Composed-25-1-2/composed-25-1-2-0_ext_1000.wcsp	evalgm	Composed-25-1-2	wcsp	33	multi	no	136125
evalgm/MaxCSP/Composed-25-1-2/composed-25-1-2-1_ext_1000.wcsp	evalgm	Composed-25-1-2	wcsp	33	multi	no	134273
evalgm/MaxCSP/Composed-25-1-2/composed-25-1-2-2_ext_1000.wcsp	evalgm	Composed-25-1-2	wcsp	33	multi	no	138210
evalgm/MaxCSP/Composed-25-1-2/composed-25-1-2-3_ext_1000.wcsp	evalgm	Composed-25-1-2	wcsp	33	multi	no	135986
evalgm/MaxCSP/Composed-25-1-2/composed-25-1-2-4_ext_1000.wcsp	evalgm	Composed-25-1-2	wcsp	33	multi	no	138753
evalgm/MaxCSP/Composed-25-1-2/composed-25-1-2-5_ext_1000.wcsp	evalgm	Composed-25-1-2	wcsp	33	multi	no	135820
evalgm/MaxCSP/Composed-25-1-2/composed-25-1-2-6_ext_1000.wcsp	evalgm	Composed-25-1-2	wcsp	33	multi	no	136316
evalgm/MaxCSP/Composed-25-1-2/composed-25-1-2-7_ext_1000.wcsp	evalgm	Composed-25-1-2	wcsp	33	multi	no	138035
evalgm/MaxCSP/Composed-25-1-2/composed-25-1-2-8_ext_1000.wcsp	evalgm	Composed-25-1-2	wcsp	33	multi	no	136591
evalgm/MaxCSP/Composed-25-1-2/composed-25-1-2-9_ext_1000.wcsp	evalgm	Composed-25-1-2	wcsp	33	multi	no	138050
evalgm/MaxCSP/Composed-25-1-40/composed-25-1-40-0_ext_1000.wcsp	evalgm	Composed-25-1-40	wcsp	33	multi	no	157747
evalgm/MaxCSP/Composed-25-1-40/composed-25-1-40-1_ext_1000.wcsp	evalgm	Composed-25-1-40	wcsp	33	multi	no	153535
evalgm/MaxCSP/Composed-25-1-40/composed-25-1-40-2_ext_1000.wcsp	evalgm	Composed-25-1-40	wcsp	33	multi	no	160497
evalgm/MaxCSP/Composed-25-1-40/composed-25-1-40-3_ext_1000.wcsp	evalgm	Composed-25-1-40	wcsp	33	multi	no	156568
evalgm/MaxCSP/Composed-25-1-40/composed-25-1-40-4_ext_1000.wcsp	evalgm	Composed-25-1-40	wcsp	33	multi	no	161641
evalgm/MaxCSP/Composed-25-1-40/composed-25-1-40-5_ext_1000.wcsp	evalgm	Composed-25-1-40	wcsp	33	multi	no	156404
evalgm/MaxCSP/Composed-25-1-40/composed-25-1-40-6_ext_1000.wcsp	evalgm	Composed-25-1-40	wcsp	33	multi	no	156723
evalgm/MaxCSP/Composed-25-1-40/composed-25-1-40-7_ext_1000.wcsp	evalgm	Composed-25-1-40	wcsp	33	multi	no	159953
evalgm/MaxCSP/Composed-25-1-40/composed-25-1-40-8_ext_1000.wcsp	evalgm	Composed-25-1-40	wcsp	33	multi	no	157840
evalgm/MaxCSP/Composed-25-1-40/composed-25-1-40-9_ext_1000.wcsp	evalgm	Composed-25-1-40	wcsp	33	multi	no	160639
evalgm/MaxCSP/Composed-25-1-80/composed-25-1-80-0_ext_1000.wcsp	evalgm	Composed-25-1-80	wcsp	33	multi	no	180224
evalgm/MaxCSP/Composed-25-1-80/composed-25-1-80-1_ext_1000.wcsp	evalgm	Composed-25-1-80	wcsp	33	multi	no	173610
evalgm/MaxCSP/Composed-25-1-80/composed-25-1-80-2_ext_1000.wcsp	evalgm	Composed-25-1-80	wcsp	33	multi	no	184675
evalgm/MaxCSP/Composed-25-1-80/composed-25-1-80-3_ext_1000.wcsp	evalgm	Composed-25-1-80	wcsp	33	multi	no	178195
evalgm/MaxCSP/Composed-25-1-80/composed-25-1-80-4_ext_1000.wcsp	evalgm	Composed-25-1-80	wcsp	33	multi	no	186061
evalgm/MaxCSP/Composed-25-1-80/composed-25-1-80-5_ext_1000.wcsp	evalgm	Composed-25-1-80	wcsp	33	multi	no	177857
evalgm/MaxCSP/Composed-25-1-80/composed-25-1-80-6_ext_1000.wcsp	evalgm	Composed-25-1-80	wcsp	33	multi	no	178967
evalgm/MaxCSP/Composed-25-1-80/composed-25-1-80-7_ext_1000.wcsp	evalgm	Composed-25-1-80	wcsp	33	multi	no	183644
evalgm/MaxCSP/Composed-25-1-80/composed-25-1-80-8_ext_1000.wcsp	evalgm	Composed-25-1-80	wcsp	33	multi	no	179961
evalgm/MaxCSP/Composed-25-1-80/composed-25-1-80-9_ext_1000.wcsp	evalgm	Composed-25-1-80	wcsp	33	multi	no	184272
evalgm/MaxCSP/Composed-75-1-25/composed-75-1-25-0_ext_1000.wcsp	evalgm	Composed-75-1-25	wcsp	83	multi	no	395515
evalgm/MaxCSP/Composed-75-1-25/composed-75-1-25-1_ext_1000.wcsp	evalgm	Composed-75-1-25	wcsp	83	multi	no	398321
evalgm/MaxCSP/Composed-75-1-25/composed-75-1-25-2_ext_1000.wcsp	evalgm	Composed-75-1-25	wcsp	83	multi	no	398800
evalgm/MaxCSP/Composed-75-1-25/composed-75-1-25-3_ext_1000.wcsp	evalgm	Composed-75-1-25	wcsp	83	multi	no	399220
evalgm/MaxCSP/Composed-75-1-25/composed-75-1-25-4_ext_1000.wcsp	evalgm	Composed-75-1-25	wcsp	83	multi	no	391214
evalgm/MaxCSP/Composed-75-1-25/composed-75-1-25-5_ext_1000.wcsp	evalgm	Composed-75-1-25	wcsp	83	multi	no	398483
evalgm/MaxCSP/Composed-75-1-25/composed-75-1-25-6_ext_1000.wcsp	evalgm	Composed-75-1-25	wcsp	83	multi	no	400574
evalgm/MaxCSP/Composed-75-1-25/composed-75-1-25-7_ext_1000.wcsp	evalgm	Composed-75-1-25	wcsp	83	multi	no	396408
evalgm/MaxCSP/Composed-75-1-25/composed-75-1-25-8_ext_1000.wcsp	evalgm	Composed-75-1-25	wcsp	83	multi	no	397214
evalgm/MaxCSP/Composed-75-1-25/composed-75-1-25-9_ext_1000.wcsp	evalgm	Composed-75-1-25	wcsp	83	multi	no	398696
evalgm/MaxCSP/Composed-75-1-2/composed-75-1-2-0_ext_1000.wcsp	evalgm	Composed-75-1-2	wcsp	83	multi	no	383155
evalgm/MaxCSP/Composed-75-1-2/composed-75-1-2-1_ext_1000.wcsp	evalgm	Composed-75-1-2	wcsp	83	multi	no	385418
evalgm/MaxCSP/Composed-75-1-2/composed-75-1-2-2_ext_1000.wcsp	evalgm	Composed-75-1-2	wcsp	83	multi	no	385534
evalgm/MaxCSP/Composed-75-1-2/composed-75-1-2-3_ext_1000.wcsp	evalgm	Composed-75-1-2	wcsp	83	multi	no	385830
evalgm/MaxCSP/Composed-75-1-2/composed-75-1-2-4_ext_1000.wcsp	evalgm	Composed-75-1-2	wcsp	83	multi	no	381017
evalgm/MaxCSP/Composed-75-1-2/composed-75-1-2-5_ext_1000.wcsp	evalgm	Composed-75-1-2	wcsp	83	multi	no	385522
evalgm/MaxCSP/Composed-75-1-2/composed-75-1-2-6_ext_1000.wcsp	evalgm	Composed-75-1-2	wcsp	83	multi	no	386635
evalgm/MaxCSP/Composed-75-1-2/composed-75-1-2-7_ext_1000.wcsp	evalgm	Composed-75-1-2	wcsp	83	multi	no	383870
evalgm/MaxCSP/Composed-75-1-2/composed-75-1-2-8_ext_1000.wcsp	evalgm	Composed-75-1-2	wcsp	83	multi	no	384431
evalgm/MaxCSP/Composed-75-1-2/composed-75-1-2-9_ext_1000.wcsp	evalgm	Composed-75-1-2	wcsp	83	multi	no	385793
evalgm/MaxCSP/Composed-75-1-40/composed-75-1-40-0_ext_1000.wcsp	evalgm	Composed-75-1-40	wcsp	83	multi	no	402966
evalgm/MaxCSP/Composed-75-1-40/composed-75-1-40-1_ext_1000.wcsp	evalgm	Composed-75-1-40	wcsp	83	multi	no	406920
evalgm/MaxCSP/Composed-75-1-40/composed-75-1-40-2_ext_1000.wcsp	evalgm	Composed-75-1-40	wcsp	83	multi	no	407397
evalgm/MaxCSP/Composed-75-1-40/composed-75-1-40-3_ext_1000.wcsp	evalgm	Composed-75-1-40	wcsp	83	multi	no	407758
evalgm/MaxCSP/Composed-75-1-40/composed-75-1-40-4_ext_1000.wcsp	evalgm	Composed-75-1-40	wcsp	83	multi	no	398070
evalgm/MaxCSP/Composed-75-1-40/composed-75-1-40-5_ext_1000.wcsp	evalgm	Composed-75-1-40	wcsp	83	multi	no	407085
evalgm/MaxCSP/Composed-75-1-40/composed-75-1-40-6_ext_1000.wcsp	evalgm	Composed-75-1-40	wcsp	83	multi	no	409661
evalgm/MaxCSP/Composed-75-1-40/composed-75-1-40-7_ext_1000.wcsp	evalgm	Composed-75-1-40	wcsp	83	multi	no	404223
evalgm/MaxCSP/Composed-75-1-40/composed-75-1-40-8_ext_1000.wcsp	evalgm	Composed-75-1-40	wcsp	83	multi	no	405511
evalgm/MaxCSP/Composed-75-1-40/composed-75-1-40-9_ext_1000.wcsp	evalgm	Composed-75-1-40	wcsp	83	multi	no	407173
evalgm/MaxCSP/Composed-75-1-80/composed-75-1-80-0_ext_1000.wcsp	evalgm	Composed-75-1-80	wcsp	83	multi	no	423582
evalgm/MaxCSP/Composed-75-1-80/composed-75-1-80-1_ext_1000.wcsp	evalgm	Composed-75-1-80	wcsp	83	multi	no	430014
evalgm/MaxCSP/Composed-75-1-80/composed-75-1-80-2_ext_1000.wcsp	evalgm	Composed-75-1-80	wcsp	83	multi	no	430125
evalgm/MaxCSP/Composed-75-1-80/composed-75-1-80-3_ext_1000.wcsp	evalgm	Composed-75-1-80	wcsp	83	multi	no	430854
evalgm/MaxCSP/Composed-75-1-80/composed-75-1-80-4_ext_1000.wcsp	evalgm	Composed-75-1-80	wcsp	83	multi	no	417071
evalgm/MaxCSP/Composed-75-1-80/composed-75-1-80-5_ext_1000.wcsp	evalgm	Composed-75-1-80	wcsp	83	multi	no	430184
evalgm/MaxCSP/Composed-75-1-80/composed-75-1-80-6_ext_1000.wcsp	evalgm	Composed-75-1-80	wcsp	83	multi	no	433602
evalgm/MaxCSP/Composed-75-1-80/composed-75-1-80-7_ext_1000.wcsp	evalgm	Composed-75-1-80	wcsp	83	multi	no	425505
evalgm/MaxCSP/Composed-75-1-80/composed-75-1-80-8_ext_1000.wcsp	evalgm	Composed-75-1-80	wcsp	83	multi	no	427214
evalgm/MaxCSP/Composed-75-1-80/composed-75-1-80-9_ext_1000.wcsp	evalgm	Composed-75-1-80	wcsp	83	multi	no	430147
evalgm/MaxCSP/EHI-85/ehi-85-297-0_ext_1000.wcsp	evalgm	EHI-85	wcsp	297	multi	no	1269738
evalgm/MaxCSP/EHI-85/ehi-85-297-10_ext_1000.wcsp	evalgm	EHI-85	wcsp	297	multi	no	1273021
evalgm/MaxCSP/EHI-85/ehi-85-297-11_ext_1000.wcsp	evalgm	EHI-85	wcsp	297	multi	no	1269747
evalgm/MaxCSP/EHI-85/ehi-85-297-12_ext_1000.wcsp	evalgm	EHI-85	wcsp	297	multi	no	1267316
evalgm/MaxCSP/EHI-85/ehi-85-297-13_ext_1000.wcsp	evalgm	EHI-85	wcsp	297	multi	no	1270660
evalgm/MaxCSP/EHI-85/ehi-85-297-14_ext_1000.wcsp	evalgm	EHI-85	wcsp	297	multi	no	1275053
evalgm/MaxCSP/EHI-85/ehi-85-297-15_ext_1000.wcsp	evalgm	EHI-85	wcsp	297	multi	no	1281508
evalgm/MaxCSP/EHI-85/ehi-85-297-16_ext_1000.wcsp	evalgm	EHI-85	wcsp	297	multi	no	1274873
evalgm/MaxCSP/EHI-85/ehi-85-297-17_ext_1000.wcsp	evalgm	EHI-85	wcsp	297	multi	no	1270396
evalgm/MaxCSP/EHI-85/ehi-85-297-18_ext_1000.wcsp	evalgm	EHI-85	wcsp	297	multi	no	1277692
evalgm/MaxCSP/EHI-85/ehi-85-297-19_ext_1000.wcsp	evalgm	EHI-85	wcsp	297	multi	no	1260360
evalgm/MaxCSP/EHI-85/ehi-85-297-1_ext_1000.wcsp	evalgm	EHI-85	wcsp	297	multi	no	1279394
evalgm/MaxCSP/EHI-85/ehi-85-297-20_ext_1000.wcsp	evalgm	EHI-85	wcsp	297	multi	no	1277549
evalgm/MaxCSP/EHI-85/ehi-85-297-21_ext_1000.wcsp	evalgm	EHI-85	wcsp	297	multi	no	1271083
evalgm/MaxCSP/EHI-85/ehi-85-297-22_ext_1000.wcsp	evalgm	EHI-85	wcsp	297	multi	no	1259914
evalgm/MaxCSP/EHI-85/ehi-85-297-23_ext_1000.wcsp	evalgm	EHI-85	wcsp	297	multi	no	1265690
evalgm/MaxCSP/EHI-85/ehi-85-297-24_ext_1000.wcsp	evalgm	EHI-85	wcsp	297	multi	no	1277263
evalgm/MaxCSP/EHI-85/ehi-85-297-25_ext_1000.wcsp	evalgm	EHI-85	wcsp	297	multi	no	1272948
evalgm/MaxCSP/EHI-85/ehi-85-297-26_ext_1000.wcsp	evalgm	EHI-85	wcsp	297	multi	no	1274424
evalgm/MaxCSP/EHI-85/ehi-85-297-27_ext_1000.wcsp	evalgm	EHI-85	wcsp	297	multi	no	1274491
evalgm/MaxCSP/EHI-85/ehi-85-297-28_ext_1000.wcsp	evalgm	EHI-85	wcsp	297	multi	no	1259537
evalgm/MaxCSP/EHI-85/ehi-85-297-29_ext_1000.wcsp	evalgm	EHI-85	wcsp	297	multi	no	1266087
evalgm/MaxCSP/EHI-85/ehi-85-297-2_ext_1000.wcsp	evalgm	EHI-85	wcsp	297	multi	no	1278190
evalgm/MaxCSP/EHI-85/ehi-85-297-30_ext_1000.wcsp	evalgm	EHI-85	wcsp	297	multi	no	1279979
evalgm/MaxCSP/EHI-85/ehi-85-297-31_ext_1000.wcsp	evalgm	EHI-85	wcsp	297	multi	no	1268317
evalgm/MaxCSP/EHI-85/ehi-85-297-32_ext_1000.wcsp	evalgm	EHI-85	wcsp	297	multi	no	1281280
evalgm/MaxCSP/EHI-85/ehi-85-297-33_ext_1000.wcsp	evalgm	EHI-85	wcsp	297	multi	no	1271857
evalgm/MaxCSP/EHI-85/ehi-85-297-34_ext_1000.wcsp	evalgm	EHI-85	wcsp	297	multi	no	1263588
evalgm/MaxCSP/EHI-85/ehi-85-297-35_ext_1000.wcsp	evalgm	EHI-85	wcsp	297	multi	no	1274510
evalgm/MaxCSP/EHI-85/ehi-85-297-36_ext_1000.wcsp	evalgm	EHI-85	wcsp	297	multi	no	1247964
evalgm/MaxCSP/EHI-85/ehi-85-297-37_ext_1000.wcsp	evalgm	EHI-85	wcsp	297	multi	no	1272855
evalgm/MaxCSP/EHI-85/ehi-85-297-38_ext_1000.wcsp	evalgm	EHI-85	wcsp	297	multi	no	1281888
evalgm/MaxCSP/EHI-85/ehi-85-297-39_ext_1000.wcsp	evalgm	EHI-85	wcsp	297	multi	no	1282114
evalgm/MaxCSP/EHI-85/ehi-85-297-3_ext_1000.wcsp	evalgm	EHI-85	wcsp	297	multi	no	1275140
evalgm/MaxCSP/EHI-85/ehi-85-297-40_ext_1000.wcsp	evalgm	EHI-85	wcsp	297	multi	no	1285112
evalgm/MaxCSP/EHI-85/ehi-85-297-41_ext_1000.wcsp	evalgm	EHI-85	wcsp	297	multi	no	1271708
evalgm/MaxCSP/EHI-85/ehi-85-297-42_ext_1000.wcsp	evalgm	EHI-85	wcsp	297	multi	no	1281158
evalgm/MaxCSP/EHI-85/ehi-85-297-43_ext_1000.wcsp	evalgm	EHI-85	wcsp	297	multi	no	1261904
evalgm/MaxCSP/EHI-85/ehi-85-297-44_ext_1000.wcsp	evalgm	EHI-85	wcsp	297	multi	no	1278358
evalgm/MaxCSP/EHI-85/ehi-85-297-45_ext_1000.wcsp	evalgm	EHI-85	wcsp	297	multi	no	1259772
evalgm/MaxCSP/EHI-85/ehi-85-297-46_ext_1000.wcsp	evalgm	EHI-85	wcsp	297	multi	no	1277877
evalgm/MaxCSP/EHI-85/ehi-85-297-47_ext_1000.wcsp	evalgm	EHI-85	wcsp	297	multi	no	1256379
evalgm/MaxCSP/EHI-85/ehi-85-297-48_ext_1000.wcsp	evalgm	EHI-85	wcsp	297	multi	no	1277645
evalgm/MaxCSP/EHI-85/ehi-85-297-49_ext_1000.wcsp	evalgm	EHI-85	wcsp	297	multi	no	1281146
evalgm/MaxCSP/EHI-85/ehi-85-297-4_ext_1000.wcsp	evalgm	EHI-85	wcsp	297	multi	no	1278164
evalgm/MaxCSP/EHI-85/ehi-85-297-50_ext_1000.wcsp	evalgm	EHI-85	wcsp	297	multi	no	1267995
evalgm/MaxCSP/EHI-85/ehi-85-297-51_ext_1000.wcsp	evalgm	EHI-85	wcsp	297	multi	no	1272722
evalgm/MaxCSP/EHI-85/ehi-85-297-52_ext_1000.wcsp	evalgm	EHI-85	wcsp	297	multi	no	1270996
evalgm/MaxCSP/EHI-85/ehi-85-297-53_ext_1000.wcsp	evalgm	EHI-85	wcsp	297	multi	no	1275338
evalgm/MaxCSP/EHI-85/ehi-85-297-54_ext_1000.wcsp	evalgm	EHI-85	wcsp	297	multi	no	1275637
evalgm/MaxCSP/EHI-85/ehi-85-297-55_ext_1000.wcsp	evalgm	EHI-85	wcsp	297	multi	no	1277741
evalgm/MaxCSP/EHI-85/ehi-85-297-56_ext_1000.wcsp	evalgm	EHI-85	wcsp	297	multi	no	1276332
evalgm/MaxCSP/EHI-85/ehi-85-297-57_ext_1000.wcsp	evalgm	EHI-85	wcsp	297	multi	no	1278069
evalgm/MaxCSP/EHI-85/ehi-85-297-58_ext_1000.wcsp	evalgm	EHI-85	wcsp	297	multi	no	1262682
evalgm/MaxCSP/EHI-85/ehi-85-297-59_ext_1000.wcsp	evalgm	EHI-85	wcsp	297	multi	no	1275706
evalgm/MaxCSP/EHI-85/ehi-85-297-5_ext_1000.wcsp	evalgm	EHI-85	wcsp	297	multi	no	1270841
evalgm/MaxCSP/EHI-85/ehi-85-297-60_ext_1000.wcsp	evalgm	EHI-85	wcsp	297	multi	no	1271852
evalgm/MaxCSP/EHI-85/ehi-85-297-61_ext_1000.wcsp	evalgm	EHI-85	wcsp	297	multi	no	1281892
evalgm/MaxCSP/EHI-85/ehi-85-297-62_ext_1000.wcsp	evalgm	EHI-85	wcsp	297	multi	no	1276647
evalgm/MaxCSP/EHI-85/ehi-85-297-63_ext_1000.wcsp	evalgm	EHI-85	wcsp	297	multi	no	1281875
evalgm/MaxCSP/EHI-85/ehi-85-297-64_ext_1000.wcsp	evalgm	EHI-85	wcsp	297	multi	no	1269583
evalgm/MaxCSP/EHI-85/ehi-85-297-65_ext_1000.wcsp	evalgm	EHI-85	wcsp	297	multi	no	1268355
evalgm/MaxCSP/EHI-85/ehi-85-297-66_ext_1000.wcsp	evalgm	EHI-85	wcsp	297	multi	no	1274123
evalgm/MaxCSP/EHI-85/ehi-85-297-67_ext_1000.wcsp	evalgm	EHI-85	wcsp	297	multi	no	1270648
evalgm/MaxCSP/EHI-85/ehi-85-297-68_ext_1000.wcsp	evalgm	EHI-85	wcsp	297	multi	no	1283735
evalgm/MaxCSP/EHI-85/ehi-85-297-69_ext_1000.wcsp	evalgm	EHI-85	wcsp	297	multi	no	1273485
evalgm/MaxCSP/EHI-85/ehi-85-297-6_ext_1000.wcsp	evalgm	EHI-85	wcsp	297	multi	no	1266026
evalgm/MaxCSP/EHI-85/ehi-85-297-70_ext_1000.wcsp	evalgm	EHI-85	wcsp	297	multi	no	1270853
evalgm/MaxCSP/EHI-85/ehi-85-297-71_ext_1000.wcsp	evalgm	EHI-85	wcsp	297	multi	no	1275230
evalgm/MaxCSP/EHI-85/ehi-85-297-72_ext_1000.wcsp	evalgm	EHI-85	wcsp	297	multi	no	1278184
evalgm/MaxCSP/EHI-85/ehi-85-297-73_ext_1000.wcsp	evalgm	EHI-85	wcsp	297	multi	no	1265783
evalgm/MaxCSP/EHI-85/ehi-85-297-74_ext_1000.wcsp	evalgm	EHI-85	wcsp	297	multi	no	1266892
evalgm/MaxCSP/EHI-85/ehi-85-297-75_ext_1000.wcsp	evalgm	EHI-85	wcsp	297	multi	no	1265578
evalgm/MaxCSP/EHI-85/ehi-85-297-76_ext_1000.wcsp	evalgm	EHI-85	wcsp	297	multi	no	1272844
evalgm/MaxCSP/EHI-85/ehi-85-297-77_ext_1000.wcsp	evalgm	EHI-85	wcsp	297	multi	no	1270978
evalgm/MaxCSP/EHI-85/ehi-85-297-78_ext_1000.wcsp	evalgm	EHI-85	wcsp	297	multi	no	1272515
evalgm/MaxCSP/EHI-85/ehi-85-297-79_ext_1000.wcsp	evalgm	EHI-85	wcsp	297	multi	no	1260334
evalgm/MaxCSP/EHI-85/ehi-85-297-7_ext_1000.wcsp	evalgm	EHI-85	wcsp	297	multi	no	1279138
evalgm/MaxCSP/EHI-85/ehi-85-297-80_ext_1000.wcsp	evalgm	EHI-85	wcsp	297	multi	no	1260977
evalgm/MaxCSP/EHI-85/ehi-85-297-81_ext_1000.wcsp	evalgm	EHI-85	wcsp	297	multi	no	1278444
evalgm/MaxCSP/EHI-85/ehi-85-297-82_ext_1000.wcsp	evalgm	EHI-85	wcsp	297	multi	no	1251674
evalgm/MaxCSP/EHI-85/ehi-85-297-83_ext_1000.wcsp	evalgm	EHI-85	wcsp	297	multi	no	1271085
evalgm/MaxCSP/EHI-85/ehi-85-297-84_ext_1000.wcsp	evalgm	EHI-85	wcsp	297	multi	no	1279099
evalgm/MaxCSP/EHI-85/ehi-85-297-85_ext_1000.wcsp	evalgm	EHI-85	wcsp	297	multi	no	1267626
evalgm/MaxCSP/EHI-85/ehi-85-297-86_ext_1000.wcsp	evalgm	EHI-85	wcsp	297	multi	no	1269507
evalgm/MaxCSP/EHI-85/ehi-85-297-87_ext_1000.wcsp	evalgm	EHI-85	wcsp	297	multi	no	1282231
evalgm/MaxCSP/EHI-85/ehi-85-297-88_ext_1000.wcsp	evalgm	EHI-85	wcsp	297	multi	no	1251047
evalgm/MaxCSP/EHI-85/ehi-85-297-89_ext_1000.wcsp	evalgm	EHI-85	wcsp	297	multi	no	1273059
evalgm/MaxCSP/EHI-85/ehi-85-297-8_ext_1000.wcsp	evalgm	EHI-85	wcsp	297	multi	no	1272782
evalgm/MaxCSP/EHI-85/ehi-85-297-90_ext_1000.wcsp	evalgm	EHI-85	wcsp	297	multi	no	1275554
evalgm/MaxCSP/EHI-85/ehi-85-297-91_ext_1000.wcsp	evalgm	EHI-85	wcsp	297	multi	no	1277800
evalgm/MaxCSP/EHI-85/ehi-85-297-92_ext_1000.wcsp	evalgm	EHI-85	wcsp	297	multi	no	1275640
evalgm/MaxCSP/EHI-85/ehi-85-297-93_ext_1000.wcsp	evalgm	EHI-85	wcsp	297	multi	no	1277257
evalgm/MaxCSP/EHI-85/ehi-85-297-94_ext_1000.wcsp	evalgm	EHI-85	wcsp	297	multi	no	1268290
evalgm/MaxCSP/EHI-85/ehi-85-297-95_ext_1000.wcsp	evalgm	EHI-85	wcsp	297	multi	no	1272404
evalgm/MaxCSP/EHI-85/ehi-85-297-96_ext_1000.wcsp	evalgm	EHI-85	wcsp	297	multi	no	1264020
evalgm/MaxCSP/EHI-85/ehi-85-297-97_ext_1000.wcsp	evalgm	EHI-85	wcsp	297	multi	no	1272178
evalgm/MaxCSP/EHI-85/ehi-85-297-98_ext_1000.wcsp	evalgm	EHI-85	wcsp	297	multi	no	1279192
evalgm/MaxCSP/EHI-85/ehi-85-297-99_ext_1000.wcsp	evalgm	EHI-85	wcsp	297	multi	no	1280330
evalgm/MaxCSP/EHI-85/ehi-85-297-9_ext_1000.wcsp	evalgm	EHI-85	wcsp	297	multi	no	1248384
evalgm/MaxCSP/EHI-90/ehi-90-315-0_ext_1000.wcsp	evalgm	EHI-90	wcsp	315	multi	no	1347514
evalgm/MaxCSP/EHI-90/ehi-90-315-10_ext_1000.wcsp	evalgm	EHI-90	wcsp	315	multi	no	1351040
evalgm/MaxCSP/EHI-90/ehi-90-315-11_ext_1000.wcsp	evalgm	EHI-90	wcsp	315	multi	no	1349708
evalgm/MaxCSP/EHI-90/ehi-90-315-12_ext_1000.wcsp	evalgm	EHI-90	wcsp	315	multi	no	1354281
evalgm/MaxCSP/EHI-90/ehi-90-315-13_ext_1000.wcsp	evalgm	EHI-90	wcsp	315	multi	no	1360577
evalgm/MaxCSP/EHI-90/ehi-90-315-14_ext_1000.wcsp	evalgm	EHI-90	wcsp	315	multi	no	1360334
evalgm/MaxCSP/EHI-90/ehi-90-315-15_ext_1000.wcsp	evalgm	EHI-90	wcsp	315	multi	no	1361116
evalgm/MaxCSP/EHI-90/ehi-90-315-16_ext_1000.wcsp	evalgm	EHI-90	wcsp	315	multi	no	1363857
evalgm/MaxCSP/EHI-90/ehi-90-315-17_ext_1000.wcsp	evalgm	EHI-90	wcsp	315	multi	no	1352875
evalgm/MaxCSP/EHI-90/ehi-90-315-18_ext_1000.wcsp	evalgm	EHI-90	wcsp	315	multi	no	1360805
evalgm/MaxCSP/EHI-90/ehi-90-315-19_ext_1000.wcsp	evalgm	EHI-90	wcsp	315	multi	no	1341868
evalgm/MaxCSP/EHI-90/ehi-90-315-1_ext_1000.wcsp	evalgm	EHI-90	wcsp	315	multi	no	1365386
evalgm/MaxCSP/EHI-90/ehi-90-315-20_ext_1000.wcsp	evalgm	EHI-90	wcsp	315	multi	no	1360460
evalgm/MaxCSP/EHI-90/ehi-90-315-21_ext_1000.wcsp	evalgm	EHI-90	wcsp	315	multi	no	1361574
evalgm/MaxCSP/EHI-90/ehi-90-315-22_ext_1000.wcsp	evalgm	EHI-90	wcsp	315	multi	no	1338683
evalgm/MaxCSP/EHI-90/ehi-90-315-23_ext_1000.wcsp	evalgm	EHI-90	wcsp	315	multi	no	1344914
evalgm/MaxCSP/EHI-90/ehi-90-315-24_ext_1000.wcsp	evalgm	EHI-90	wcsp	315	multi	no	1362321
evalgm/MaxCSP/EHI-90/ehi-90-315-25_ext_1000.wcsp	evalgm	EHI-90	wcsp	315	multi	no	1366553
evalgm/MaxCSP/EHI-90/ehi-90-315-26_ext_1000.wcsp	evalgm	EHI-90	wcsp	315	multi	no	1359859
evalgm/MaxCSP/EHI-90/ehi-90-315-27_ext_1000.wcsp	evalgm	EHI-90	wcsp	315	multi	no	1353057
evalgm/MaxCSP/EHI-90/ehi-90-315-28_ext_1000.wcsp	evalgm	EHI-90	wcsp	315	multi	no	1345600
evalgm/MaxCSP/EHI-90/ehi-90-315-29_ext_1000.wcsp	evalgm	EHI-90	wcsp	315	multi	no	1350657
evalgm/MaxCSP/EHI-90/ehi-90-315-2_ext_1000.wcsp	evalgm	EHI-90	wcsp	315	multi	no	1352949
evalgm/MaxCSP/EHI-90/ehi-90-315-30_ext_1000.wcsp	evalgm	EHI-90	wcsp	315	multi	no	1356444
evalgm/MaxCSP/EHI-90/ehi-90-315-31_ext_1000.wcsp	evalgm	EHI-90	wcsp	315	multi	no	1359203
evalgm/MaxCSP/EHI-90/ehi-90-315-32_ext_1000.wcsp	evalgm	EHI-90	wcsp	315	multi	no	1362958
evalgm/MaxCSP/EHI-90/ehi-90-315-33_ext_1000.wcsp	evalgm	EHI-90	wcsp	315	multi	no	1357691
evalgm/MaxCSP/EHI-90/ehi-90-315-34_ext_1000.wcsp	evalgm	EHI-90	wcsp	315	multi	no	1354322
evalgm/MaxCSP/EHI-90/ehi-90-315-35_ext_1000.wcsp	evalgm	EHI-90	wcsp	315	multi	no	1361896
evalgm/MaxCSP/EHI-90/ehi-90-315-36_ext_1000.wcsp	evalgm	EHI-90	wcsp	315	multi	no	1331870
evalgm/MaxCSP/EHI-90/ehi-90-315-37_ext_1000.wcsp	evalgm	EHI-90	wcsp	315	multi	no	1359253
evalgm/MaxCSP/EHI-90/ehi-90-315-38_ext_1000.wcsp	evalgm	EHI-90	wcsp	315	multi	no	1363566
evalgm/MaxCSP/EHI-90/ehi-90-315-39_ext_1000.wcsp	evalgm	EHI-90	wcsp	315	multi	no	1364497
evalgm/MaxCSP/EHI-90/ehi-90-315-3_ext_1000.wcsp	evalgm	EHI-90	wcsp	315	multi	no	1361709
evalgm/MaxCSP/EHI-90/ehi-90-315-40_ext_1000.wcsp	evalgm	EHI-90	wcsp	315	multi	no	1361213
evalgm/MaxCSP/EHI-90/ehi-90-315-41_ext_1000.wcsp	evalgm	EHI-90	wcsp	315	multi	no	1363538
evalgm/MaxCSP/EHI-90/ehi-90-315-42_ext_1000.wcsp	evalgm	EHI-90	wcsp	315	multi	no	1356835
evalgm/MaxCSP/EHI-90/ehi-90-315-43_ext_1000.wcsp	evalgm	EHI-90	wcsp	315	multi	no	1343168
evalgm/MaxCSP/EHI-90/ehi-90-315-44_ext_1000.wcsp	evalgm	EHI-90	wcsp	315	multi	no	1367075
evalgm/MaxCSP/EHI-90/ehi-90-315-45_ext_1000.wcsp	evalgm	EHI-90	wcsp	315	multi	no	1349485
evalgm/MaxCSP/EHI-90/ehi-90-315-46_ext_1000.wcsp	evalgm	EHI-90	wcsp	315	multi	no	1356156
evalgm/MaxCSP/EHI-90/ehi-90-315-47_ext_1000.wcsp	evalgm	EHI-90	wcsp	315	multi	no	1346548
evalgm/MaxCSP/EHI-90/ehi-90-315-48_ext_1000.wcsp	evalgm	EHI-90	wcsp	315	multi	no	1361998
evalgm/MaxCSP/EHI-90/ehi-90-315-49_ext_1000.wcsp	evalgm	EHI-90	wcsp	315	multi	no	1355282
evalgm/MaxCSP/EHI-90/ehi-90-315-4_ext_1000.wcsp	evalgm	EHI-90	wcsp	315	multi	no	1362019
evalgm/MaxCSP/EHI-90/ehi-90-315-50_ext_1000.wcsp	evalgm	EHI-90	wcsp	315	multi	no	1356350
evalgm/MaxCSP/EHI-90/ehi-90-315-51_ext_1000.wcsp	evalgm	EHI-90	wcsp	315	multi	no	1355315
evalgm/MaxCSP/EHI-90/ehi-90-315-52_ext_1000.wcsp	evalgm	EHI-90	wcsp	315	multi	no	1356925
evalgm/MaxCSP/EHI-90/ehi-90-315-53_ext_1000.wcsp	evalgm	EHI-90	wcsp	315	multi	no	1362058
evalgm/MaxCSP/EHI-90/ehi-90-315-54_ext_1000.wcsp	evalgm	EHI-90	wcsp	315	multi	no	1358244
evalgm/MaxCSP/EHI-90/ehi-90-315-55_ext_1000.wcsp	evalgm	EHI-90	wcsp	315	multi	no	1363230
evalgm/MaxCSP/EHI-90/ehi-90-315-56_ext_1000.wcsp	evalgm	EHI-90	wcsp	315	multi	no	1361138
evalgm/MaxCSP/EHI-90/ehi-90-315-57_ext_1000.wcsp	evalgm	EHI-90	wcsp	315	multi	no	1359191
evalgm/MaxCSP/EHI-90/ehi-90-315-58_ext_1000.wcsp	evalgm	EHI-90	wcsp	315	multi	no	1341914
evalgm/MaxCSP/EHI-90/ehi-90-315-59_ext_1000.wcsp	evalgm	EHI-90	wcsp	315	multi	no	1361166
evalgm/MaxCSP/EHI-90/ehi-90-315-5_ext_1000.wcsp	evalgm	EHI-90	wcsp	315	multi	no	1356810
evalgm/MaxCSP/EHI-90/ehi-90-315-60_ext_1000.wcsp	evalgm	EHI-90	wcsp	315	multi	no	1351770
evalgm/MaxCSP/EHI-90/ehi-90-315-61_ext_1000.wcsp	evalgm	EHI-90	wcsp	315	multi	no	1362802
evalgm/MaxCSP/EHI-90/ehi-90-315-62_ext_1000.wcsp	evalgm	EHI-90	wcsp	315	multi	no	1361406
evalgm/MaxCSP/EHI-90/ehi-90-315-63_ext_1000.wcsp	evalgm	EHI-90	wcsp	315	multi	no	1361077
evalgm/MaxCSP/EHI-90/ehi-90-315-64_ext_1000.wcsp	evalgm	EHI-90	wcsp	315	multi	no	1351680
evalgm/MaxCSP/EHI-90/ehi-90-315-65_ext_1000.wcsp	evalgm	EHI-90	wcsp	315	multi	no	1352451
evalgm/MaxCSP/EHI-90/ehi-90-315-66_ext_1000.wcsp	evalgm	EHI-90	wcsp	315	multi	no	1348349
evalgm/MaxCSP/EHI-90/ehi-90-315-67_ext_1000.wcsp	evalgm	EHI-90	wcsp	315	multi	no	1350635
evalgm/MaxCSP/EHI-90/ehi-90-315-68_ext_1000.wcsp	evalgm	EHI-90	wcsp	315	multi	no	1361375
evalgm/MaxCSP/EHI-90/ehi-90-315-69_ext_1000.wcsp	evalgm	EHI-90	wcsp	315	multi	no	1364794
evalgm/MaxCSP/EHI-90/ehi-90-315-6_ext_1000.wcsp	evalgm	EHI-90	wcsp	315	multi	no	1356494
evalgm/MaxCSP/EHI-90/ehi-90-315-70_ext_1000.wcsp	evalgm	EHI-90	wcsp	315	multi	no	1362282
evalgm/MaxCSP/EHI-90/ehi-90-315-71_ext_1000.wcsp	evalgm	EHI-90	wcsp	315	multi	no	1358667
evalgm/MaxCSP/EHI-90/ehi-90-315-72_ext_1000.wcsp	evalgm	EHI-90	wcsp	315	multi	no	1360566
evalgm/MaxCSP/EHI-90/ehi-90-315-73_ext_1000.wcsp	evalgm	EHI-90	wcsp	315	multi	no	1345794
evalgm/MaxCSP/EHI-90/ehi-90-315-74_ext_1000.wcsp	evalgm	EHI-90	wcsp	315	multi	no	1352487
evalgm/MaxCSP/EHI-90/ehi-90-315-75_ext_1000.wcsp	evalgm	EHI-90	wcsp	315	multi	no	1349171
evalgm/MaxCSP/EHI-90/ehi-90-315-76_ext_1000.wcsp	evalgm	EHI-90	wcsp	315	multi	no	1354151
evalgm/MaxCSP/EHI-90/ehi-90-315-77_ext_1000.wcsp	evalgm	EHI-90	wcsp	315	multi	no	1350950
evalgm/MaxCSP/EHI-90/ehi-90-315-78_ext_1000.wcsp	evalgm	EHI-90	wcsp	315	multi	no	1357516
evalgm/MaxCSP/EHI-90/ehi-90-315-79_ext_1000.wcsp	evalgm	EHI-90	wcsp	315	multi	no	1345636
evalgm/MaxCSP/EHI-90/ehi-90-315-7_ext_1000.wcsp	evalgm	EHI-90	wcsp	315	multi	no	1361418
evalgm/MaxCSP/EHI-90/ehi-90-315-80_ext_1000.wcsp	evalgm	EHI-90	wcsp	315	multi	no	1347213
evalgm/MaxCSP/EHI-90/ehi-90-315-81_ext_1000.wcsp	evalgm	EHI-90	wcsp	315	multi	no	1361224
evalgm/MaxCSP/EHI-90/ehi-90-315-82_ext_1000.wcsp	evalgm	EHI-90	wcsp	315	multi	no	1335958
evalgm/MaxCSP/EHI-90/ehi-90-315-83_ext_1000.wcsp	evalgm	EHI-90	wcsp	315	multi	no	1355534
evalgm/MaxCSP/EHI-90/ehi-90-315-84_ext_1000.wcsp	evalgm	EHI-90	wcsp	315	multi	no	1364487
evalgm/MaxCSP/EHI-90/ehi-90-315-85_ext_1000.wcsp	evalgm	EHI-90	wcsp	315	multi	no	1355779
evalgm/MaxCSP/EHI-90/ehi-90-315-86_ext_1000.wcsp	evalgm	EHI-90	wcsp	315	multi	no	1356635
evalgm/MaxCSP/EHI-90/ehi-90-315-87_ext_1000.wcsp	evalgm	EHI-90	wcsp	315	multi	no	1365761
evalgm/MaxCSP/EHI-90/ehi-90-315-88_ext_1000.wcsp	evalgm	EHI-90	wcsp	315	multi	no	1335756
evalgm/MaxCSP/EHI-90/ehi-90-315-89_ext_1000.wcsp	evalgm	EHI-90	wcsp	315	multi	no	1358089
evalgm/MaxCSP/EHI-90/ehi-90-315-8_ext_1000.wcsp	evalgm	EHI-90	wcsp	315	multi	no	1351380
evalgm/MaxCSP/EHI-90/ehi-90-315-90_ext_1000.wcsp	evalgm	EHI-90	wcsp	315	multi	no	1354050
evalgm/MaxCSP/EHI-90/ehi-90-315-91_ext_1000.wcsp	evalgm	EHI-90	wcsp	315	multi	no	1360255
evalgm/MaxCSP/EHI-90/ehi-90-315-92_ext_1000.wcsp	evalgm	EHI-90	wcsp	315	multi	no	1366043
evalgm/MaxCSP/EHI-90/ehi-90-315-93_ext_1000.wcsp	evalgm	EHI-90	wcsp	315	multi	no	1362039
evalgm/MaxCSP/EHI-90/ehi-90-315-94_ext_1000.wcsp	evalgm	EHI-90	wcsp	315	multi	no	1355154
evalgm/MaxCSP/EHI-90/ehi-90-315-95_ext_1000.wcsp	evalgm	EHI-90	wcsp	315	multi	no	1352133
evalgm/MaxCSP/EHI-90/ehi-90-315-96_ext_1000.wcsp	evalgm	EHI-90	wcsp	315	multi	no	1350643
evalgm/MaxCSP/EHI-90/ehi-90-315-97_ext_1000.wcsp	evalgm	EHI-90	wcsp	315	multi	no	1361723
evalgm/MaxCSP/EHI-90/ehi-90-315-98_ext_1000.wcsp	evalgm	EHI-90	wcsp	315	multi	no	1356836
evalgm/MaxCSP/EHI-90/ehi-90-315-99_ext_1000.wcsp	evalgm	EHI-90	wcsp	315	multi	no	1358937
evalgm/MaxCSP/EHI-90/ehi-90-315-9_ext_1000.wcsp	evalgm	EHI-90	wcsp	315	multi	no	1327970
evalgm/MaxCSP/Geometric/geo50-20-d4-75-100_ext_1000.wcsp	evalgm	Geometric	wcsp	50	multi	no	1110910
evalgm/MaxCSP/Geometric/geo50-20-d4-75-10_ext_1000.wcsp	evalgm	Geometric	wcsp	50	multi	no	1296600
evalgm/MaxCSP/Geometric/geo50-20-d4-75-11_ext_1000.wcsp	evalgm	Geometric	wcsp	50	multi	no	1212192
evalgm/MaxCSP/Geometric/geo50-20-d4-75-12_ext_1000.wcsp	evalgm	Geometric	wcsp	50	multi	no	1468269
evalgm/MaxCSP/Geometric/geo50-20-d4-75-13_ext_1000.wcsp	evalgm	Geometric	wcsp	50	multi	no	1209365
evalgm/MaxCSP/Geometric/geo50-20-d4-75-14_ext_1000.wcsp	evalgm	Geometric	wcsp	50	multi	no	1262822
evalgm/MaxCSP/Geometric/geo50-20-d4-75-15_ext_1000.wcsp	evalgm	Geometric	wcsp	50	multi	no	1234697
evalgm/MaxCSP/Geometric/geo50-20-d4-75-16_ext_1000.wcsp	evalgm	Geometric	wcsp	50	multi	no	1189703
evalgm/MaxCSP/Geometric/geo50-20-d4-75-17_ext_1000.wcsp	evalgm	Geometric	wcsp	50	multi	no	1158771
evalgm/MaxCSP/Geometric/geo50-20-d4-75-18_ext_1000.wcsp	evalgm	Geometric	wcsp	50	multi	no	1184058
evalgm/MaxCSP/Geometric/geo50-20-d4-75-19_ext_1000.wcsp	evalgm	Geometric	wcsp	50	multi	no	1406312
evalgm/MaxCSP/Geometric/geo50-20-d4-75-1_ext_1000.wcsp	evalgm	Geometric	wcsp	50	multi	no	1333163
evalgm/MaxCSP/Geometric/geo50-20-d4-75-20_ext_1000.wcsp	evalgm	Geometric	wcsp	50	multi	no	1234713
evalgm/MaxCSP/Geometric/geo50-20-d4-75-21_ext_1000.wcsp	evalgm	Geometric	wcsp	50	multi	no	1068698
evalgm/MaxCSP/Geometric/geo50-20-d4-75-22_ext_1000.wcsp	evalgm	Geometric	wcsp	50	multi	no	1229063
evalgm/MaxCSP/Geometric/geo50-20-d4-75-23_ext_1000.wcsp	evalgm	Geometric	wcsp	50	multi	no	1212174
evalgm/MaxCSP/Geometric/geo50-20-d4-75-24_ext_1000.wcsp	evalgm	Geometric	wcsp	50	multi	no	1110902
evalgm/MaxCSP/Geometric/geo50-20-d4-75-25_ext_1000.wcsp	evalgm	Geometric	wcsp	50	multi	no	1102463
evalgm/MaxCSP/Geometric/geo50-20-d4-75-26_ext_1000.wcsp	evalgm	Geometric	wcsp	50	multi	no	1127806
evalgm/MaxCSP/Geometric/geo50-20-d4-75-27_ext_1000.wcsp	evalgm	Geometric	wcsp	50	multi	no	1186873
evalgm/MaxCSP/Geometric/geo50-20-d4-75-28_ext_1000.wcsp	evalgm	Geometric	wcsp	50	multi	no	1305027
evalgm/MaxCSP/Geometric/geo50-20-d4-75-29_ext_1000.wcsp	evalgm	Geometric	wcsp	50	multi	no	1212203
evalgm/MaxCSP/Geometric/geo50-20-d4-75-2_ext_1000.wcsp	evalgm	Geometric	wcsp	50	multi	no	1316296
evalgm/MaxCSP/Geometric/geo50-20-d4-75-30_ext_1000.wcsp	evalgm	Geometric	wcsp	50	multi	no	1133428
evalgm/MaxCSP/Geometric/geo50-20-d4-75-31_ext_1000.wcsp	evalgm	Geometric	wcsp	50	multi	no	1065889
evalgm/MaxCSP/Geometric/geo50-20-d4-75-32_ext_1000.wcsp	evalgm	Geometric	wcsp	50	multi	no	1175622
evalgm/MaxCSP/Geometric/geo50-20-d4-75-33_ext_1000.wcsp	evalgm	Geometric	wcsp	50	multi	no	1161559
evalgm/MaxCSP/Geometric/geo50-20-d4-75-34_ext_1000.wcsp	evalgm	Geometric	wcsp	50	multi	no	1124970
evalgm/MaxCSP/Geometric/geo50-20-d4-75-35_ext_1000.wcsp	evalgm	Geometric	wcsp	50	multi	no	1279701
evalgm/MaxCSP/Geometric/geo50-20-d4-75-36_ext_1000.wcsp	evalgm	Geometric	wcsp	50	multi	no	958968
evalgm/MaxCSP/Geometric/geo50-20-d4-75-37_ext_1000.wcsp	evalgm	Geometric	wcsp	50	multi	no	1057427
evalgm/MaxCSP/Geometric/geo50-20-d4-75-38_ext_1000.wcsp	evalgm	Geometric	wcsp	50	multi	no	1209365
evalgm/MaxCSP/Geometric/geo50-20-d4-75-39_ext_1000.wcsp	evalgm	Geometric	wcsp	50	multi	no	1006799
evalgm/MaxCSP/Geometric/geo50-20-d4-75-3_ext_1000.wcsp	evalgm	Geometric	wcsp	50	multi	no	1113705
evalgm/MaxCSP/Geometric/geo50-20-d4-75-40_ext_1000.wcsp	evalgm	Geometric	wcsp	50	multi	no	1065870
evalgm/MaxCSP/Geometric/geo50-20-d4-75-41_ext_1000.wcsp	evalgm	Geometric	wcsp	50	multi	no	1324750
evalgm/MaxCSP/Geometric/geo50-20-d4-75-42_ext_1000.wcsp	evalgm	Geometric	wcsp	50	multi	no	1136220
evalgm/MaxCSP/Geometric/geo50-20-d4-75-43_ext_1000.wcsp	evalgm	Geometric	wcsp	50	multi	no	1220630
evalgm/MaxCSP/Geometric/geo50-20-d4-75-44_ext_1000.wcsp	evalgm	Geometric	wcsp	50	multi	no	1065879
evalgm/MaxCSP/Geometric/geo50-20-d4-75-45_ext_1000.wcsp	evalgm	Geometric	wcsp	50	multi	no	1130596
evalgm/MaxCSP/Geometric/geo50-20-d4-75-46_ext_1000.wcsp	evalgm	Geometric	wcsp	50	multi	no	1223446
evalgm/MaxCSP/Geometric/geo50-20-d4-75-47_ext_1000.wcsp	evalgm	Geometric	wcsp	50	multi	no	1082794
evalgm/MaxCSP/Geometric/geo50-20-d4-75-48_ext_1000.wcsp	evalgm	Geometric	wcsp	50	multi	no	1167169
evalgm/MaxCSP/Geometric/geo50-20-d4-75-49_ext_1000.wcsp	evalgm	Geometric	wcsp	50	multi	no	1200947
evalgm/MaxCSP/Geometric/geo50-20-d4-75-4_ext_1000.wcsp	evalgm	Geometric	wcsp	50	multi	no	1181230
evalgm/MaxCSP/Geometric/geo50-20-d4-75-50_ext_1000.wcsp	evalgm	Geometric	wcsp	50	multi	no	1195306
evalgm/MaxCSP/Geometric/geo50-20-d4-75-51_ext_1000.wcsp	evalgm	Geometric	wcsp	50	multi	no	1293791
evalgm/MaxCSP/Geometric/geo50-20-d4-75-52_ext_1000.wcsp	evalgm	Geometric	wcsp	50	multi	no	1364119
evalgm/MaxCSP/Geometric/geo50-20-d4-75-53_ext_1000.wcsp	evalgm	Geometric	wcsp	50	multi	no	1302206
evalgm/MaxCSP/Geometric/geo50-20-d4-75-54_ext_1000.wcsp	evalgm	Geometric	wcsp	50	multi	no	1164344
evalgm/MaxCSP/Geometric/geo50-20-d4-75-55_ext_1000.wcsp	evalgm	Geometric	wcsp	50	multi	no	1319061
evalgm/MaxCSP/Geometric/geo50-20-d4-75-56_ext_1000.wcsp	evalgm	Geometric	wcsp	50	multi	no	1268465
evalgm/MaxCSP/Geometric/geo50-20-d4-75-57_ext_1000.wcsp	evalgm	Geometric	wcsp	50	multi	no	1566730
evalgm/MaxCSP/Geometric/geo50-20-d4-75-58_ext_1000.wcsp	evalgm	Geometric	wcsp	50	multi	no	1288166
evalgm/MaxCSP/Geometric/geo50-20-d4-75-59_ext_1000.wcsp	evalgm	Geometric	wcsp	50	multi	no	1091246
evalgm/MaxCSP/Geometric/geo50-20-d4-75-5_ext_1000.wcsp	evalgm	Geometric	wcsp	50	multi	no	1040560
evalgm/MaxCSP/Geometric/geo50-20-d4-75-60_ext_1000.wcsp	evalgm	Geometric	wcsp	50	multi	no	1271278
evalgm/MaxCSP/Geometric/geo50-20-d4-75-61_ext_1000.wcsp	evalgm	Geometric	wcsp	50	multi	no	1051815
evalgm/MaxCSP/Geometric/geo50-20-d4-75-62_ext_1000.wcsp	evalgm	Geometric	wcsp	50	multi	no	1389437
evalgm/MaxCSP/Geometric/geo50-20-d4-75-63_ext_1000.wcsp	evalgm	Geometric	wcsp	50	multi	no	1327534
evalgm/MaxCSP/Geometric/geo50-20-d4-75-64_ext_1000.wcsp	evalgm	Geometric	wcsp	50	multi	no	1020868
evalgm/MaxCSP/Geometric/geo50-20-d4-75-65_ext_1000.wcsp	evalgm	Geometric	wcsp	50	multi	no	1169972
evalgm/MaxCSP/Geometric/geo50-20-d4-75-66_ext_1000.wcsp	evalgm	Geometric	wcsp	50	multi	no	1147476
evalgm/MaxCSP/Geometric/geo50-20-d4-75-67_ext_1000.wcsp	evalgm	Geometric	wcsp	50	multi	no	1305040
evalgm/MaxCSP/Geometric/geo50-20-d4-75-68_ext_1000.wcsp	evalgm	Geometric	wcsp	50	multi	no	1186862
evalgm/MaxCSP/Geometric/geo50-20-d4-75-69_ext_1000.wcsp	evalgm	Geometric	wcsp	50	multi	no	1054608
evalgm/MaxCSP/Geometric/geo50-20-d4-75-6_ext_1000.wcsp	evalgm	Geometric	wcsp	50	multi	no	1063053
evalgm/MaxCSP/Geometric/geo50-20-d4-75-70_ext_1000.wcsp	evalgm	Geometric	wcsp	50	multi	no	1274094
evalgm/MaxCSP/Geometric/geo50-20-d4-75-71_ext_1000.wcsp	evalgm	Geometric	wcsp	50	multi	no	1130593
evalgm/MaxCSP/Geometric/geo50-20-d4-75-72_ext_1000.wcsp	evalgm	Geometric	wcsp	50	multi	no	1147484
evalgm/MaxCSP/Geometric/geo50-20-d4-75-73_ext_1000.wcsp	evalgm	Geometric	wcsp	50	multi	no	1327566
evalgm/MaxCSP/Geometric/geo50-20-d4-75-74_ext_1000.wcsp	evalgm	Geometric	wcsp	50	multi	no	1164374
evalgm/MaxCSP/Geometric/geo50-20-d4-75-75_ext_1000.wcsp	evalgm	Geometric	wcsp	50	multi	no	1260036
evalgm/MaxCSP/Geometric/geo50-20-d4-75-76_ext_1000.wcsp	evalgm	Geometric	wcsp	50	multi	no	1032119
evalgm/MaxCSP/Geometric/geo50-20-d4-75-77_ext_1000.wcsp	evalgm	Geometric	wcsp	50	multi	no	1254390
evalgm/MaxCSP/Geometric/geo50-20-d4-75-78_ext_1000.wcsp	evalgm	Geometric	wcsp	50	multi	no	1096828
evalgm/MaxCSP/Geometric/geo50-20-d4-75-79_ext_1000.wcsp	evalgm	Geometric	wcsp	50	multi	no	1082787
evalgm/MaxCSP/Geometric/geo50-20-d4-75-7_ext_1000.wcsp	evalgm	Geometric	wcsp	50	multi	no	1330407
evalgm/MaxCSP/Geometric/geo50-20-d4-75-80_ext_1000.wcsp	evalgm	Geometric	wcsp	50	multi	no	1091209
evalgm/MaxCSP/Geometric/geo50-20-d4-75-81_ext_1000.wcsp	evalgm	Geometric	wcsp	50	multi	no	1133407
evalgm/MaxCSP/Geometric/geo50-20-d4-75-82_ext_1000.wcsp	evalgm	Geometric	wcsp	50	multi	no	1124957
evalgm/MaxCSP/Geometric/geo50-20-d4-75-83_ext_1000.wcsp	evalgm	Geometric	wcsp	50	multi	no	1215010
evalgm/MaxCSP/Geometric/geo50-20-d4-75-84_ext_1000.wcsp	evalgm	Geometric	wcsp	50	multi	no	1037748
evalgm/MaxCSP/Geometric/geo50-20-d4-75-85_ext_1000.wcsp	evalgm	Geometric	wcsp	50	multi	no	1181272
evalgm/MaxCSP/Geometric/geo50-20-d4-75-86_ext_1000.wcsp	evalgm	Geometric	wcsp	50	multi	no	1316321
evalgm/MaxCSP/Geometric/geo50-20-d4-75-87_ext_1000.wcsp	evalgm	Geometric	wcsp	50	multi	no	1245958
evalgm/MaxCSP/Geometric/geo50-20-d4-75-88_ext_1000.wcsp	evalgm	Geometric	wcsp	50	multi	no	1001157
evalgm/MaxCSP/Geometric/geo50-20-d4-75-89_ext_1000.wcsp	evalgm	Geometric	wcsp	50	multi	no	1248740
evalgm/MaxCSP/Geometric/geo50-20-d4-75-8_ext_1000.wcsp	evalgm	Geometric	wcsp	50	multi	no	1347252
evalgm/MaxCSP/Geometric/geo50-20-d4-75-90_ext_1000.wcsp	evalgm	Geometric	wcsp	50	multi	no	1338805
evalgm/MaxCSP/Geometric/geo50-20-d4-75-91_ext_1000.wcsp	evalgm	Geometric	wcsp	50	multi	no	1060286
evalgm/MaxCSP/Geometric/geo50-20-d4-75-92_ext_1000.wcsp	evalgm	Geometric	wcsp	50	multi	no	1161565
evalgm/MaxCSP/Geometric/geo50-20-d4-75-93_ext_1000.wcsp	evalgm	Geometric	wcsp	50	multi	no	1096825
evalgm/MaxCSP/Geometric/geo50-20-d4-75-94_ext_1000.wcsp	evalgm	Geometric	wcsp	50	multi	no	1400736
evalgm/MaxCSP/Geometric/geo50-20-d4-75-95_ext_1000.wcsp	evalgm	Geometric	wcsp	50	multi	no	1085583
evalgm/MaxCSP/Geometric/geo50-20-d4-75-96_ext_1000.wcsp	evalgm	Geometric	wcsp	50	multi	no	1212248
evalgm/MaxCSP/Geometric/geo50-20-d4-75-97_ext_1000.wcsp	evalgm	Geometric	wcsp	50	multi	no	1082796
evalgm/MaxCSP/Geometric/geo50-20-d4-75-98_ext_1000.wcsp	evalgm	Geometric	wcsp	50	multi	no	1065876
evalgm/MaxCSP/Geometric/geo50-20-d4-75-99_ext_1000.wcsp	evalgm	Geometric	wcsp	50	multi	no	1119336
evalgm/MaxCSP/Geometric/geo50-20-d4-75-9_ext_1000.wcsp	evalgm	Geometric	wcsp	50	multi	no	1274100
evalgm/MaxCSP/Langford/langford-2-4-ext_1000.wcsp	evalgm	Langford	wcsp	8	multi	no	3552
evalgm/MaxCSP/Langford/langford-3-11-ext_1000.wcsp	evalgm	Langford	wcsp	33	multi	no	1282971
evalgm/MaxCSP/Langford/langford-3-9-ext_1000.wcsp	evalgm	Langford	wcsp	27	multi	no	510790
evalgm/MaxCSP/Langford/slangford-3-11-ext_1000.wcsp	evalgm	Langford	wcsp	33	multi	no	1282971
evalgm/MaxCSP/QCP-10/qcp-10-67-0_ext_1000.wcsp	evalgm	QCP-10	wcsp	67	multi	no	55610
evalgm/MaxCSP/QCP-10/qcp-10-67-10_ext_1000.wcsp	evalgm	QCP-10	wcsp	67	multi	no	56083
evalgm/MaxCSP/QCP-10/qcp-10-67-11_ext_1000.wcsp	evalgm	QCP-10	wcsp	67	multi	no	59457
evalgm/MaxCSP/QCP-10/qcp-10-67-12_ext_1000.wcsp	evalgm	QCP-10	wcsp	67	multi	no	57258
evalgm/MaxCSP/QCP-10/qcp-10-67-13_ext_1000.wcsp	evalgm	QCP-10	wcsp	67	multi	no	55707
evalgm/MaxCSP/QCP-10/qcp-10-67-14_ext_1000.wcsp	evalgm	QCP-10	wcsp	67	multi	no	55713
evalgm/MaxCSP/QCP-10/qcp-10-67-1_ext_1000.wcsp	evalgm	QCP-10	wcsp	67	multi	no	58101
evalgm/MaxCSP/QCP-10/qcp-10-67-2_ext_1000.wcsp	evalgm	QCP-10	wcsp	67	multi	no	53237
evalgm/MaxCSP/QCP-10/qcp-10-67-3_ext_1000.wcsp	evalgm	QCP-10	wcsp	67	multi	no	54038
evalgm/MaxCSP/QCP-10/qcp-10-67-4_ext_1000.wcsp	evalgm	QCP-10	wcsp	67	multi	no	57070
evalgm/MaxCSP/QCP-10/qcp-10-67-5_ext_1000.wcsp	evalgm	QCP-10	wcsp	67	multi	no	53472
evalgm/MaxCSP/QCP-10/qcp-10-67-6_ext_1000.wcsp	evalgm	QCP-10	wcsp	67	multi	no	61526
evalgm/MaxCSP/QCP-10/qcp-10-67-7_ext_1000.wcsp	evalgm	QCP-10	wcsp	67	multi	no	57788
evalgm/MaxCSP/QCP-10/qcp-10-67-8_ext_1000.wcsp	evalgm	QCP-10	wcsp	67	multi	no	59225
evalgm/MaxCSP/QCP-10/qcp-10-67-9_ext_1000.wcsp	evalgm	QCP-10	wcsp	67	multi	no	60014
evalgm/MaxCSP/QCP-15/qcp-15-120-0_ext_1000.wcsp	evalgm	QCP-15	wcsp	120	multi	no	110983
evalgm/MaxCSP/QCP-15/qcp-15-120-10_ext_1000.wcsp	evalgm	QCP-15	wcsp	120	multi	no	104217
evalgm/MaxCSP/QCP-15/qcp-15-120-11_ext_1000.wcsp	evalgm	QCP-15	wcsp	120	multi	no	98621
evalgm/MaxCSP/QCP-15/qcp-15-120-12_ext_1000.wcsp	evalgm	QCP-15	wcsp	119	multi	no	106250
evalgm/MaxCSP/QCP-15/qcp-15-120-13_ext_1000.wcsp	evalgm	QCP-15	wcsp	120	multi	no	97841
evalgm/MaxCSP/QCP-15/qcp-15-120-14_ext_1000.wcsp	evalgm	QCP-15	wcsp	120	multi	no	101736
evalgm/MaxCSP/QCP-15/qcp-15-120-1_ext_1000.wcsp	evalgm	QCP-15	wcsp	120	multi	no	101192
evalgm/MaxCSP/QCP-15/qcp-15-120-2_ext_1000.wcsp	evalgm	QCP-15	wcsp	120	multi	no	108601
evalgm/MaxCSP/QCP-15/qcp-15-120-3_ext_1000.wcsp	evalgm	QCP-15	wcsp	120	multi	no	101285
evalgm/MaxCSP/QCP-15/qcp-15-120-4_ext_1000.wcsp	evalgm	QCP-15	wcsp	120	multi	no	105737
evalgm/MaxCSP/QCP-15/qcp-15-120-5_ext_1000.wcsp	evalgm	QCP-15	wcsp	120	multi	no	93037
evalgm/MaxCSP/QCP-15/qcp-15-120-6_ext_1000.wcsp	evalgm	QCP-15	wcsp	120	multi	no	99609
evalgm/MaxCSP/QCP-15/qcp-15-120-7_ext_1000.wcsp	evalgm	QCP-15	wcsp	120	multi	no	100487
evalgm/MaxCSP/QCP-15/qcp-15-120-8_ext_1000.wcsp	evalgm	QCP-15	wcsp	120	multi	no	105132
evalgm/MaxCSP/QCP-15/qcp-15-120-9_ext_1000.wcsp	evalgm	QCP-15	wcsp	120	multi	no	99381
evalgm/MaxCSP/QCP-20/qcp-20-187-0_ext_1000.wcsp	evalgm	QCP-20	wcsp	187	multi	no	202240
evalgm/MaxCSP/QCP-20/qcp-20-187-10_ext_1000.wcsp	evalgm	QCP-20	wcsp	187	multi	no	191991
evalgm/MaxCSP/QCP-20/qcp-20-187-11_ext_1000.wcsp	evalgm	QCP-20	wcsp	187	multi	no	204457
evalgm/MaxCSP/QCP-20/qcp-20-187-12_ext_1000.wcsp	evalgm	QCP-20	wcsp	187	multi	no	195520
evalgm/MaxCSP/QCP-20/qcp-20-187-13_ext_1000.wcsp	evalgm	QCP-20	wcsp	182	multi	no	177399
evalgm/MaxCSP/QCP-20/qcp-20-187-14_ext_1000.wcsp	evalgm	QCP-20	wcsp	186	multi	no	203132
evalgm/MaxCSP/QCP-20/qcp-20-187-1_ext_1000.wcsp	evalgm	QCP-20	wcsp	187	multi	no	213235
evalgm/MaxCSP/QCP-20/qcp-20-187-2_ext_1000.wcsp	evalgm	QCP-20	wcsp	187	multi	no	198248
evalgm/MaxCSP/QCP-20/qcp-20-187-3_ext_1000.wcsp	evalgm	QCP-20	wcsp	186	multi	no	199509
evalgm/MaxCSP/QCP-20/qcp-20-187-4_ext_1000.wcsp	evalgm	QCP-20	wcsp	186	multi	no	187923
evalgm/MaxCSP/QCP-20/qcp-20-187-5_ext_1000.wcsp	evalgm	QCP-20	wcsp	187	multi	no	212562
evalgm/MaxCSP/QCP-20/qcp-20-187-6_ext_1000.wcsp	evalgm	QCP-20	wcsp	186	multi	no	196757
evalgm/MaxCSP/QCP-20/qcp-20-187-7_ext_1000.wcsp	evalgm	QCP-20	wcsp	187	multi	no	197553
evalgm/MaxCSP/QCP-20/qcp-20-187-8_ext_1000.wcsp	evalgm	QCP-20	wcsp	187	multi	no	209791
evalgm/MaxCSP/QCP-20/qcp-20-187-9_ext_1000.wcsp	evalgm	QCP-20	wcsp	186	multi	no	195213
evalgm/MaxCSP/QCP-25/qcp-25-264-0_ext_1000.wcsp	evalgm	QCP-25	wcsp	258	multi	no	311819
evalgm/MaxCSP/QCP-25/qcp-25-264-10_ext_1000.wcsp	evalgm	QCP-25	wcsp	260	multi	no	338254
evalgm/MaxCSP/QCP-25/qcp-25-264-11_ext_1000.wcsp	evalgm	QCP-25	wcsp	264	multi	no	351474
evalgm/MaxCSP/QCP-25/qcp-25-264-12_ext_1000.wcsp	evalgm	QCP-25	wcsp	264	multi	no	371312
evalgm/MaxCSP/QCP-25/qcp-25-264-13_ext_1000.wcsp	evalgm	QCP-25	wcsp	264	multi	no	346486
evalgm/MaxCSP/QCP-25/qcp-25-264-14_ext_1000.wcsp	evalgm	QCP-25	wcsp	260	multi	no	310753
evalgm/MaxCSP/QCP-25/qcp-25-264-1_ext_1000.wcsp	evalgm	QCP-25	wcsp	263	multi	no	327226
evalgm/MaxCSP/QCP-25/qcp-25-264-2_ext_1000.wcsp	evalgm	QCP-25	wcsp	261	multi	no	318770
evalgm/MaxCSP/QCP-25/qcp-25-264-3_ext_1000.wcsp	evalgm	QCP-25	wcsp	261	multi	no	315653
evalgm/MaxCSP/QCP-25/qcp-25-264-4_ext_1000.wcsp	evalgm	QCP-25	wcsp	261	multi	no	313300
evalgm/MaxCSP/QCP-25/qcp-25-264-5_ext_1000.wcsp	evalgm	QCP-25	wcsp	263	multi	no	312686
evalgm/MaxCSP/QCP-25/qcp-25-264-6_ext_1000.wcsp	evalgm	QCP-25	wcsp	263	multi	no	334306
evalgm/MaxCSP/QCP-25/qcp-25-264-7_ext_1000.wcsp	evalgm	QCP-25	wcsp	263	multi	no	343166
evalgm/MaxCSP/QCP-25/qcp-25-264-8_ext_1000.wcsp	evalgm	QCP-25	wcsp	262	multi	no	312324
evalgm/MaxCSP/QCP-25/qcp-25-264-9_ext_1000.wcsp	evalgm	QCP-25	wcsp	261	multi	no	320208
evalgm/MRF/DBN/rus_100_200_1_1.wcsp	evalgm	DBN	wcsp	1094	domain1	yes	838044
evalgm/MRF/DBN/rus_100_200_2_1.wcsp	evalgm	DBN	wcsp	1094	domain1	yes	838040
evalgm/MRF/DBN/rus_100_200_3_1.wcsp	evalgm	DBN	wcsp	1094	domain1	yes	838043
evalgm/MRF/DBN/rus_100_200_3_3.wcsp	evalgm	DBN	wcsp	1094	domain1	yes	838034
evalgm/MRF/DBN/rus_100_200_4_3.wcsp	evalgm	DBN	wcsp	1094	domain1	yes	838035
evalgm/MRF/DBN/rus_100_200_5_3.wcsp	evalgm	DBN	wcsp	1094	domain1	yes	838036
evalgm/MRF/DBN/rus_100_200_6_1.wcsp	evalgm	DBN	wcsp	1094	domain1	yes	838022
evalgm/MRF/DBN/rus_100_200_7_1.wcsp	evalgm	DBN	wcsp	1094	domain1	yes	838037
evalgm/MRF/DBN/rus_20_40_0_1.wcsp	evalgm	DBN	wcsp	854	domain1	yes	60976
evalgm/MRF/DBN/rus_20_40_0_2.wcsp	evalgm	DBN	wcsp	854	domain1	yes	60981
evalgm/MRF/DBN/rus_20_40_0_3.wcsp	evalgm	DBN	wcsp	854	domain1	yes	60981
evalgm/MRF/DBN/rus_20_40_1_1.wcsp	evalgm	DBN	wcsp	854	domain1	yes	60987
evalgm/MRF/DBN/rus_20_40_1_2.wcsp	evalgm	DBN	wcsp	854	domain1	yes	60985
evalgm/MRF/DBN/rus_20_40_1_3.wcsp	evalgm	DBN	wcsp	854	domain1	yes	60983
evalgm/MRF/DBN/rus_20_40_2_1.wcsp	evalgm	DBN	wcsp	854	domain1	yes	60984
evalgm/MRF/DBN/rus_20_40_2_2.wcsp	evalgm	DBN	wcsp	854	domain1	yes	60982
evalgm/MRF/DBN/rus_20_40_2_3.wcsp	evalgm	DBN	wcsp	854	domain1	yes	60980
evalgm/MRF/DBN/rus_20_40_3_1.wcsp	evalgm	DBN	wcsp	854	domain1	yes	60984
evalgm/MRF/DBN/rus_20_40_3_2.wcsp	evalgm	DBN	wcsp	854	domain1	yes	60982
evalgm/MRF/DBN/rus_20_40_3_3.wcsp	evalgm	DBN	wcsp	854	domain1	yes	60985
evalgm/MRF/DBN/rus_20_40_4_1.wcsp	evalgm	DBN	wcsp	854	domain1	yes	60984
evalgm/MRF/DBN/rus_20_40_4_2.wcsp	evalgm	DBN	wcsp	854	domain1	yes	60984
evalgm/MRF/DBN/rus_20_40_4_3.wcsp	evalgm	DBN	wcsp	854	domain1	yes	60983
evalgm/MRF/DBN/rus_20_40_5_1.wcsp	evalgm	DBN	wcsp	854	domain1	yes	60985
evalgm/MRF/DBN/rus_20_40_5_2.wcsp	evalgm	DBN	wcsp	854	domain1	yes	60983
evalgm/MRF/DBN/rus_20_40_5_3.wcsp	evalgm	DBN	wcsp	854	domain1	yes	60982
evalgm/MRF/DBN/rus_20_40_6_1.wcsp	evalgm	DBN	wcsp	854	domain1	yes	60981
evalgm/MRF/DBN/rus_20_40_6_2.wcsp	evalgm	DBN	wcsp	854	domain1	yes	60987
evalgm/MRF/DBN/rus_20_40_6_3.wcsp	evalgm	DBN	wcsp	854	domain1	yes	60984
evalgm/MRF/DBN/rus_20_40_7_1.wcsp	evalgm	DBN	wcsp	854	domain1	yes	60983
evalgm/MRF/DBN/rus_20_40_7_2.wcsp	evalgm	DBN	wcsp	854	domain1	yes	60983
evalgm/MRF/DBN/rus_20_40_7_3.wcsp	evalgm	DBN	wcsp	854	domain1	yes	60984
evalgm/MRF/DBN/rus_20_40_8_1.wcsp	evalgm	DBN	wcsp	854	domain1	yes	60981
evalgm/MRF/DBN/rus_20_40_8_2.wcsp	evalgm	DBN	wcsp	854	domain1	yes	60986
evalgm/MRF/DBN/rus_20_40_8_3.wcsp	evalgm	DBN	wcsp	854	domain1	yes	60982
evalgm/MRF/DBN/rus_20_40_9_1.wcsp	evalgm	DBN	wcsp	854	domain1	yes	60984
evalgm/MRF/DBN/rus_20_40_9_2.wcsp	evalgm	DBN	wcsp	854	domain1	yes	60979
evalgm/MRF/DBN/rus_20_40_9_3.wcsp	evalgm	DBN	wcsp	854	domain1	yes	60983
evalgm/MRF/DBN/rus2_100_200_0_1.wcsp	evalgm	DBN	wcsp	1094	domain1	yes	897284
evalgm/MRF/DBN/rus2_100_200_1_1.wcsp	evalgm	DBN	wcsp	1094	domain1	yes	897266
evalgm/MRF/DBN/rus2_100_200_3_1.wcsp	evalgm	DBN	wcsp	1094	domain1	yes	897288
evalgm/MRF/DBN/rus2_100_200_3_3.wcsp	evalgm	DBN	wcsp	1094	domain1	yes	897273
evalgm/MRF/DBN/rus2_100_200_5_1.wcsp	evalgm	DBN	wcsp	1094	domain1	yes	897273
evalgm/MRF/DBN/rus2_100_200_5_2.wcsp	evalgm	DBN	wcsp	1094	domain1	yes	897255
evalgm/MRF/DBN/rus2_100_200_6_3.wcsp	evalgm	DBN	wcsp	1094	domain1	yes	897275
evalgm/MRF/DBN/rus2_100_200_7_1.wcsp	evalgm	DBN	wcsp	1094	domain1	yes	897264
evalgm/MRF/DBN/rus2_100_200_8_1.wcsp	evalgm	DBN	wcsp	1094	domain1	yes	897277
evalgm/MRF/DBN/rus2_100_200_9_1.wcsp	evalgm	DBN	wcsp	1094	domain1	yes	897250
evalgm/MRF/DBN/rus2_20_40_0_1.wcsp	evalgm	DBN	wcsp	854	domain1	yes	66897
evalgm/MRF/DBN/rus2_20_40_0_2.wcsp	evalgm	DBN	wcsp	854	domain1	yes	66898
evalgm/MRF/DBN/rus2_20_40_0_3.wcsp	evalgm	DBN	wcsp	854	domain1	yes	66901
evalgm/MRF/DBN/rus2_20_40_1_1.wcsp	evalgm	DBN	wcsp	854	domain1	yes	66895
evalgm/MRF/DBN/rus2_20_40_1_2.wcsp	evalgm	DBN	wcsp	854	domain1	yes	66897
evalgm/MRF/DBN/rus2_20_40_1_3.wcsp	evalgm	DBN	wcsp	854	domain1	yes	66894
evalgm/MRF/DBN/rus2_20_40_2_1.wcsp	evalgm	DBN	wcsp	854	domain1	yes	66900
evalgm/MRF/DBN/rus2_20_40_2_2.wcsp	evalgm	DBN	wcsp	854	domain1	yes	66900
evalgm/MRF/DBN/rus2_20_40_2_3.wcsp	evalgm	DBN	wcsp	854	domain1	yes	66899
evalgm/MRF/DBN/rus2_20_40_3_1.wcsp	evalgm	DBN	wcsp	854	domain1	yes	66896
evalgm/MRF/DBN/rus2_20_40_3_2.wcsp	evalgm	DBN	wcsp	854	domain1	yes	66899
evalgm/MRF/DBN/rus2_20_40_3_3.wcsp	evalgm	DBN	wcsp	854	domain1	yes	66896
evalgm/MRF/DBN/rus2_20_40_4_1.wcsp	evalgm	DBN	wcsp	854	domain1	yes	66900
evalgm/MRF/DBN/rus2_20_40_4_2.wcsp	evalgm	DBN	wcsp	854	domain1	yes	66898
evalgm/MRF/DBN/rus2_20_40_4_3.wcsp	evalgm	DBN	wcsp	854	domain1	yes	66897
evalgm/MRF/DBN/rus2_20_40_5_1.wcsp	evalgm	DBN	wcsp	854	domain1	yes	66898
evalgm/MRF/DBN/rus2_20_40_5_2.wcsp	evalgm	DBN	wcsp	854	domain1	yes	66893
evalgm/MRF/DBN/rus2_20_40_5_3.wcsp	evalgm	DBN	wcsp	854	domain1	yes	66900
evalgm/MRF/DBN/rus2_20_40_6_1.wcsp	evalgm	DBN	wcsp	854	domain1	yes	66897
evalgm/MRF/DBN/rus2_20_40_6_2.wcsp	evalgm	DBN	wcsp	854	domain1	yes	66896
evalgm/MRF/DBN/rus2_20_40_6_3.wcsp	evalgm	DBN	wcsp	854	domain1	yes	66896
evalgm/MRF/DBN/rus2_20_40_7_1.wcsp	evalgm	DBN	wcsp	854	domain1	yes	66894
evalgm/MRF/DBN/rus2_20_40_7_2.wcsp	evalgm	DBN	wcsp	854	domain1	yes	66897
evalgm/MRF/DBN/rus2_20_40_7_3.wcsp	evalgm	DBN	wcsp	854	domain1	yes	66896
evalgm/MRF/DBN/rus2_20_40_8_1.wcsp	evalgm	DBN	wcsp	854	domain1	yes	66894
evalgm/MRF/DBN/rus2_20_40_8_2.wcsp	evalgm	DBN	wcsp	854	domain1	yes	66897
evalgm/MRF/DBN/rus2_20_40_8_3.wcsp	evalgm	DBN	wcsp	854	domain1	yes	66895
evalgm/MRF/DBN/rus2_20_40_9_1.wcsp	evalgm	DBN	wcsp	854	domain1	yes	66895
evalgm/MRF/DBN/rus2_20_40_9_2.wcsp	evalgm	DBN	wcsp	854	domain1	yes	66891
evalgm/MRF/DBN/rus2_20_40_9_3.wcsp	evalgm	DBN	wcsp	854	domain1	yes	66892
evalgm/MRF/DBN/rus2_50_100_0_2.wcsp	evalgm	DBN	wcsp	944	domain1	yes	257680
evalgm/MRF/DBN/rus2_50_100_0_3.wcsp	evalgm	DBN	wcsp	944	domain1	yes	257686
evalgm/MRF/DBN/rus2_50_100_1_1.wcsp	evalgm	DBN	wcsp	944	domain1	yes	257676
evalgm/MRF/DBN/rus2_50_100_1_3.wcsp	evalgm	DBN	wcsp	944	domain1	yes	257668
evalgm/MRF/DBN/rus2_50_100_2_1.wcsp	evalgm	DBN	wcsp	944	domain1	yes	257682
evalgm/MRF/DBN/rus2_50_100_3_1.wcsp	evalgm	DBN	wcsp	944	domain1	yes	257681
evalgm/MRF/DBN/rus2_50_100_3_2.wcsp	evalgm	DBN	wcsp	944	domain1	yes	257680
evalgm/MRF/DBN/rus2_50_100_4_1.wcsp	evalgm	DBN	wcsp	944	domain1	yes	257672
evalgm/MRF/DBN/rus2_50_100_4_2.wcsp	evalgm	DBN	wcsp	944	domain1	yes	257678
evalgm/MRF/DBN/rus2_50_100_5_1.wcsp	evalgm	DBN	wcsp	944	domain1	yes	257674
evalgm/MRF/DBN/rus2_50_100_5_2.wcsp	evalgm	DBN	wcsp	944	domain1	yes	257670
evalgm/MRF/DBN/rus2_50_100_6_1.wcsp	evalgm	DBN	wcsp	944	domain1	yes	257682
evalgm/MRF/DBN/rus2_50_100_6_2.wcsp	evalgm	DBN	wcsp	944	domain1	yes	257673
evalgm/MRF/DBN/rus2_50_100_6_3.wcsp	evalgm	DBN	wcsp	944	domain1	yes	257682
evalgm/MRF/DBN/rus2_50_100_7_1.wcsp	evalgm	DBN	wcsp	944	domain1	yes	257673
evalgm/MRF/DBN/rus2_50_100_7_2.wcsp	evalgm	DBN	wcsp	944	domain1	yes	257675
evalgm/MRF/DBN/rus2_50_100_7_3.wcsp	evalgm	DBN	wcsp	944	domain1	yes	257678
evalgm/MRF/DBN/rus2_50_100_8_1.wcsp	evalgm	DBN	wcsp	944	domain1	yes	257678
evalgm/MRF/DBN/rus2_50_100_9_3.wcsp	evalgm	DBN	wcsp	944	domain1	yes	257677
evalgm/MRF/DBN/rus_50_100_2_3.wcsp	evalgm	DBN	wcsp	944	domain1	yes	237298
evalgm/MRF/DBN/rus_50_100_3_1.wcsp	evalgm	DBN	wcsp	944	domain1	yes	237307
evalgm/MRF/DBN/rus_50_100_3_2.wcsp	evalgm	DBN	wcsp	944	domain1	yes	237305
evalgm/MRF/DBN/rus_50_100_4_1.wcsp	evalgm	DBN	wcsp	944	domain1	yes	237303
evalgm/MRF/DBN/rus_50_100_4_3.wcsp	evalgm	DBN	wcsp	944	domain1	yes	237303
evalgm/MRF/DBN/rus_50_100_6_1.wcsp	evalgm	DBN	wcsp	944	domain1	yes	237297
evalgm/MRF/DBN/rus_50_100_6_2.wcsp	evalgm	DBN	wcsp	944	domain1	yes	237308
evalgm/MRF/DBN/rus_50_100_7_1.wcsp	evalgm	DBN	wcsp	944	domain1	yes	237302
evalgm/MRF/DBN/rus_50_100_7_2.wcsp	evalgm	DBN	wcsp	944	domain1	yes	237300
evalgm/MRF/DBN/rus_50_100_8_1.wcsp	evalgm	DBN	wcsp	944	domain1	yes	237302
evalgm/MRF/DBN/rus_50_100_9_3.wcsp	evalgm	DBN	wcsp	944	domain1	yes	237307
evalgm/MRF/Grid/grid20x20.f10.wcsp	evalgm	Grid	wcsp	400	boolean	yes	43866
evalgm/MRF/Grid/grid20x20.f10.wrap.wcsp	evalgm	Grid	wcsp	400	boolean	yes	45494
evalgm/MRF/Grid/grid20x20.f15.wcsp	evalgm	Grid	wcsp	400	boolean	yes	44166
evalgm/MRF/Grid/grid20x20.f15.wrap.wcsp	evalgm	Grid	wcsp	400	boolean	yes	45814
evalgm/MRF/Grid/grid20x20.f5.wrap.wcsp	evalgm	Grid	wcsp	400	boolean	yes	44668
evalgm/MRF/Grid/grid40x40.f10.wcsp	evalgm	Grid	wcsp	1600	boolean	yes	183329
evalgm/MRF/Grid/grid40x40.f10.wrap.wcsp	evalgm	Grid	wcsp	1600	boolean	yes	186944
evalgm/MRF/Grid/grid40x40.f15.wcsp	evalgm	Grid	wcsp	1600	boolean	yes	184523
evalgm/MRF/Grid/grid40x40.f15.wrap.wcsp	evalgm	Grid	wcsp	1600	boolean	yes	188078
evalgm/MRF/Grid/grid40x40.f2.wcsp	evalgm	Grid	wcsp	1600	boolean	yes	178905
evalgm/MRF/Grid/grid40x40.f2.wrap.wcsp	evalgm	Grid	wcsp	1600	boolean	yes	182241
evalgm/MRF/Grid/grid40x40.f5.wcsp	evalgm	Grid	wcsp	1600	boolean	yes	179951
evalgm/MRF/Grid/grid40x40.f5.wrap.wcsp	evalgm	Grid	wcsp	1600	boolean	yes	183271
evalgm/MRF/Grid/grid80x80.f10.wcsp	evalgm	Grid	wcsp	6400	boolean	yes	756791
evalgm/MRF/Grid/grid80x80.f10.wrap.wcsp	evalgm	Grid	wcsp	6400	boolean	yes	763976
evalgm/MRF/Grid/grid80x80.f15.wcsp	evalgm	Grid	wcsp	6400	boolean	yes	761573
evalgm/MRF/Grid/grid80x80.f15.wrap.wcsp	evalgm	Grid	wcsp	6400	boolean	yes	768756
evalgm/MRF/Grid/grid80x80.f2.wcsp	evalgm	Grid	wcsp	6400	boolean	yes	738826
evalgm/MRF/Grid/grid80x80.f2.wrap.wcsp	evalgm	Grid	wcsp	6400	boolean	yes	745597
evalgm/MRF/Grid/grid80x80.f5.wcsp	evalgm	Grid	wcsp	6400	boolean	yes	742801
evalgm/MRF/Grid/grid80x80.f5.wrap.wcsp	evalgm	Grid	wcsp	6400	boolean	yes	749754
evalgm/MRF/ImageAlignment/fileforGal_100markers.wcsp	evalgm	ImageAlignment	wcsp	100	multi	no	12714912
evalgm/MRF/ImageAlignment/fileforGal_150markers.wcsp	evalgm	ImageAlignment	wcsp	150	multi	no	16188384
evalgm/MRF/ImageAlignment/fileforGal_200markers.wcsp	evalgm	ImageAlignment	wcsp	200	multi	no	26000417
evalgm/MRF/ImageAlignment/fileforGal_250markers.wcsp	evalgm	ImageAlignment	wcsp	250	multi	no	30466423
evalgm/MRF/ImageAlignment/fileforGal_300markers.wcsp	evalgm	ImageAlignment	wcsp	300	multi	no	49367074
evalgm/MRF/ImageAlignment/fileforGal_30markers.wcsp	evalgm	ImageAlignment	wcsp	30	multi	no	3240761
evalgm/MRF/ImageAlignment/fileforGal_350markers.wcsp	evalgm	ImageAlignment	wcsp	350	multi	no	83121563
evalgm/MRF/ImageAlignment/fileforGal_400markers.wcsp	evalgm	ImageAlignment	wcsp	400	multi	no	111869009
evalgm/MRF/ImageAlignment/fileforGal_50markers.wcsp	evalgm	ImageAlignment	wcsp	50	multi	no	5157237
evalgm/MRF/ImageAlignment/fileforGal_80markers.wcsp	evalgm	ImageAlignment	wcsp	80	multi	no	8681579
evalgm/MRF/Linkage/pedigree13.wcsp	evalgm	Linkage	wcsp	1077	multi	no	127300
evalgm/MRF/Linkage/pedigree18.wcsp	evalgm	Linkage	wcsp	1184	multi	no	186427
evalgm/MRF/Linkage/pedigree19.wcsp	evalgm	Linkage	wcsp	793	multi	no	240373
evalgm/MRF/Linkage/pedigree1.wcsp	evalgm	Linkage	wcsp	334	multi	no	67375
evalgm/MRF/Linkage/pedigree20.wcsp	evalgm	Linkage	wcsp	437	multi	no	99810
evalgm/MRF/Linkage/pedigree23.wcsp	evalgm	Linkage	wcsp	402	multi	no	75425
evalgm/MRF/Linkage/pedigree25.wcsp	evalgm	Linkage	wcsp	1289	multi	no	164045
evalgm/MRF/Linkage/pedigree30.wcsp	evalgm	Linkage	wcsp	1289	multi	no	196362
evalgm/MRF/Linkage/pedigree31.wcsp	evalgm	Linkage	wcsp	1183	multi	no	256477
evalgm/MRF/Linkage/pedigree33.wcsp	evalgm	Linkage	wcsp	798	multi	no	102352
evalgm/MRF/Linkage/pedigree34.wcsp	evalgm	Linkage	wcsp	1160	multi	no	157285
evalgm/MRF/Linkage/pedigree37.wcsp	evalgm	Linkage	wcsp	1032	multi	no	125496
evalgm/MRF/Linkage/pedigree38.wcsp	evalgm	Linkage	wcsp	724	multi	no	183904
evalgm/MRF/Linkage/pedigree39.wcsp	evalgm	Linkage	wcsp	1272	multi	no	155134
evalgm/MRF/Linkage/pedigree40.wcsp	evalgm	Linkage	wcsp	1030	multi	no	298744
evalgm/MRF/Linkage/pedigree41.wcsp	evalgm	Linkage	wcsp	1062	multi	no	203291
evalgm/MRF/Linkage/pedigree42.wcsp	evalgm	Linkage	wcsp	448	multi	no	128185
evalgm/MRF/Linkage/pedigree44.wcsp	evalgm	Linkage	wcsp	811	multi	no	142188
evalgm/MRF/Linkage/pedigree50.wcsp	evalgm	Linkage	wcsp	514	multi	no	213579
evalgm/MRF/Linkage/pedigree51.wcsp	evalgm	Linkage	wcsp	1152	multi	no	162459
evalgm/MRF/Linkage/pedigree7.wcsp	evalgm	Linkage	wcsp	1068	multi	no	131467
evalgm/MRF/Linkage/pedigree9.wcsp	evalgm	Linkage	wcsp	1118	multi	no	236596
evalgm/MRF/ObjectDetection/deer_rescaled_0034.K10.F100.model.wcsp	evalgm	ObjectDetection	wcsp	60	multi	no	1635448
evalgm/MRF/ObjectDetection/deer_rescaled_0034.K15.F100.model.wcsp	evalgm	ObjectDetection	wcsp	60	multi	no	3937463
evalgm/MRF/ObjectDetection/deer_rescaled_0034.K20.F100.model.wcsp	evalgm	ObjectDetection	wcsp	60	multi	no	7242141
evalgm/MRF/ObjectDetection/deer_rescaled_0294.K10.F100.model.wcsp	evalgm	ObjectDetection	wcsp	60	multi	no	1664605
evalgm/MRF/ObjectDetection/deer_rescaled_0294.K15.F100.model.wcsp	evalgm	ObjectDetection	wcsp	60	multi	no	4007567
evalgm/MRF/ObjectDetection/deer_rescaled_0294.K20.F100.model.wcsp	evalgm	ObjectDetection	wcsp	60	multi	no	7368814
evalgm/MRF/ObjectDetection/deer_rescaled_1002.K10.F100.model.wcsp	evalgm	ObjectDetection	wcsp	60	multi	no	1633528
evalgm/MRF/ObjectDetection/deer_rescaled_1002.K15.F100.model.wcsp	evalgm	ObjectDetection	wcsp	60	multi	no	3945731
evalgm/MRF/ObjectDetection/deer_rescaled_1002.K20.F100.model.wcsp	evalgm	ObjectDetection	wcsp	60	multi	no	7258742
evalgm/MRF/ObjectDetection/deer_rescaled_1003.K10.F100.model.wcsp	evalgm	ObjectDetection	wcsp	60	multi	no	1683593
evalgm/MRF/ObjectDetection/deer_rescaled_1003.K15.F100.model.wcsp	evalgm	ObjectDetection	wcsp	60	multi	no	4047817
evalgm/MRF/ObjectDetection/deer_rescaled_1003.K20.F100.model.wcsp	evalgm	ObjectDetection	wcsp	60	multi	no	7458188
evalgm/MRF/ObjectDetection/deer_rescaled_3009.K10.F100.model.wcsp	evalgm	ObjectDetection	wcsp	60	multi	no	1618528
evalgm/MRF/ObjectDetection/deer_rescaled_3009.K15.F100.model.wcsp	evalgm	ObjectDetection	wcsp	60	multi	no	3911011
evalgm/MRF/ObjectDetection/deer_rescaled_3009.K20.F100.model.wcsp	evalgm	ObjectDetection	wcsp	60	multi	no	7202428
evalgm/MRF/ObjectDetection/deer_rescaled_3020.K20.F100.model.wcsp	evalgm	ObjectDetection	wcsp	60	multi	no	7212361
evalgm/MRF/ObjectDetection/giraffe_rescaled_0200.K10.F100.model.wcsp	evalgm	ObjectDetection	wcsp	60	multi	no	1624143
evalgm/MRF/ObjectDetection/giraffe_rescaled_0200.K15.F100.model.wcsp	evalgm	ObjectDetection	wcsp	60	multi	no	3910152
evalgm/MRF/ObjectDetection/giraffe_rescaled_0200.K20.F100.model.wcsp	evalgm	ObjectDetection	wcsp	60	multi	no	7197569
evalgm/MRF/ObjectDetection/giraffe_rescaled_3016.K10.F100.model.wcsp	evalgm	ObjectDetection	wcsp	60	multi	no	1650188
evalgm/MRF/ObjectDetection/giraffe_rescaled_3016.K15.F100.model.wcsp	evalgm	ObjectDetection	wcsp	60	multi	no	3985853
evalgm/MRF/ObjectDetection/giraffe_rescaled_3016.K20.F100.model.wcsp	evalgm	ObjectDetection	wcsp	60	multi	no	7369135
evalgm/MRF/ObjectDetection/giraffe_rescaled_4001.K15.F100.model.wcsp	evalgm	ObjectDetection	wcsp	60	multi	no	3878752
evalgm/MRF/ObjectDetection/giraffe_rescaled_4001.K20.F100.model.wcsp	evalgm	ObjectDetection	wcsp	60	multi	no	7157518
evalgm/MRF/ObjectDetection/giraffe_rescaled_5004.K10.F100.model.wcsp	evalgm	ObjectDetection	wcsp	60	multi	no	1607595
evalgm/MRF/ObjectDetection/giraffe_rescaled_5004.K15.F100.model.wcsp	evalgm	ObjectDetection	wcsp	60	multi	no	3904240
evalgm/MRF/ObjectDetection/giraffe_rescaled_5004.K20.F100.model.wcsp	evalgm	ObjectDetection	wcsp	60	multi	no	7208277
evalgm/MRF/ObjectDetection/giraffe_rescaled_5009.K10.F100.model.wcsp	evalgm	ObjectDetection	wcsp	60	multi	no	1637845
evalgm/MRF/ObjectDetection/giraffe_rescaled_5009.K15.F100.model.wcsp	evalgm	ObjectDetection	wcsp	60	multi	no	3932938
evalgm/MRF/ObjectDetection/giraffe_rescaled_5009.K20.F100.model.wcsp	evalgm	ObjectDetection	wcsp	60	multi	no	7234838
evalgm/MRF/ObjectDetection/giraffe_rescaled_5016.K15.F100.model.wcsp	evalgm	ObjectDetection	wcsp	60	multi	no	3853749
evalgm/MRF/ObjectDetection/giraffe_rescaled_5016.K20.F100.model.wcsp	evalgm	ObjectDetection	wcsp	60	multi	no	7117281
evalgm/MRF/ObjectDetection/giraffe_rescaled_5021.K10.F100.model.wcsp	evalgm	ObjectDetection	wcsp	60	multi	no	1586242
evalgm/MRF/ObjectDetection/giraffe_rescaled_5021.K15.F100.model.wcsp	evalgm	ObjectDetection	wcsp	60	multi	no	3845389
evalgm/MRF/ObjectDetection/giraffe_rescaled_5021.K20.F100.model.wcsp	evalgm	ObjectDetection	wcsp	60	multi	no	7094335
evalgm/MRF/ObjectDetection/giraffe_rescaled_5025.K15.F100.model.wcsp	evalgm	ObjectDetection	wcsp	60	multi	no	3843581
evalgm/MRF/ObjectDetection/giraffe_rescaled_5025.K20.F100.model.wcsp	evalgm	ObjectDetection	wcsp	60	multi	no	7111814
evalgm/MRF/ProteinFolding/1CKK.wcsp	evalgm	ProteinFolding	wcsp	38	multi	no	93205425
evalgm/MRF/ProteinFolding/1CM1.wcsp	evalgm	ProteinFolding	wcsp	37	multi	no	88160054
evalgm/MRF/ProteinFolding/1SY9.wcsp	evalgm	ProteinFolding	wcsp	33	multi	no	101681603
evalgm/MRF/ProteinFolding/2BBN.wcsp	evalgm	ProteinFolding	wcsp	37	multi	no	165643244
evalgm/MRF/ProteinFolding/2BCX.wcsp	evalgm	ProteinFolding	wcsp	39	multi	no	150460280
evalgm/MRF/ProteinFolding/2BE6.wcsp	evalgm	ProteinFolding	wcsp	40	multi	no	72877792
evalgm/MRF/ProteinFolding/2F3Y.wcsp	evalgm	ProteinFolding	wcsp	35	multi	no	98990033
evalgm/MRF/ProteinFolding/2FOT.wcsp	evalgm	ProteinFolding	wcsp	35	multi	no	102074930
evalgm/MRF/ProteinFolding/2HQW.wcsp	evalgm	ProteinFolding	wcsp	36	multi	no	89193934
evalgm/MRF/ProteinFolding/2O60.wcsp	evalgm	ProteinFolding	wcsp	38	multi	no	121505710
evalgm/MRF/ProteinFolding/3BXL.wcsp	evalgm	ProteinFolding	wcsp	36	multi	no	110180842
evalgm/MRF/ProteinFolding/pdb1b25.wcsp	evalgm	ProteinFolding	wcsp	1972	multi	no	40559312
evalgm/MRF/ProteinFolding/pdb1d2e.wcsp	evalgm	ProteinFolding	wcsp	1328	multi	no	20560443
evalgm/MRF/ProteinFolding/pdb1fmj.wcsp	evalgm	ProteinFolding	wcsp	614	multi	no	9969900
evalgm/MRF/ProteinFolding/pdb1i24.wcsp	evalgm	ProteinFolding	wcsp	337	multi	no	4741497
evalgm/MRF/ProteinFolding/pdb1iqc.wcsp	evalgm	ProteinFolding	wcsp	1040	multi	no	15009522
evalgm/MRF/ProteinFolding/pdb1jmx.wcsp	evalgm	ProteinFolding	wcsp	739	multi	no	12550769
evalgm/MRF/ProteinFolding/pdb1kgn.wcsp	evalgm	ProteinFolding	wcsp	1060	multi	no	14123000
evalgm/MRF/ProteinFolding/pdb1kwh.wcsp	evalgm	ProteinFolding	wcsp	424	multi	no	7760765
evalgm/MRF/ProteinFolding/pdb1m3y.wcsp	evalgm	ProteinFolding	wcsp	1364	multi	no	14292650
evalgm/MRF/ProteinFolding/pdb1qks.wcsp	evalgm	ProteinFolding	wcsp	926	multi	no	12304165
evalgm/MRF/Segmentation/10_14_s.21.wcsp	evalgm	Segmentation	wcsp	231	multi	no	2538546
evalgm/MRF/Segmentation/10_14_s.binary.wcsp	evalgm	Segmentation	wcsp	231	boolean	yes	32670
evalgm/MRF/Segmentation/10_16_s.21.wcsp	evalgm	Segmentation	wcsp	233	multi	no	2574447
evalgm/MRF/Segmentation/10_16_s.binary.wcsp	evalgm	Segmentation	wcsp	233	boolean	yes	33118
evalgm/MRF/Segmentation/11_17_s.21.wcsp	evalgm	Segmentation	wcsp	228	multi	no	2513431
evalgm/MRF/Segmentation/11_17_s.binary.wcsp	evalgm	Segmentation	wcsp	228	boolean	yes	32274
evalgm/MRF/Segmentation/11_3_s.21.wcsp	evalgm	Segmentation	wcsp	232	multi	no	2557885
evalgm/MRF/Segmentation/11_3_s.binary.wcsp	evalgm	Segmentation	wcsp	232	boolean	yes	32866
evalgm/MRF/Segmentation/11_4_s.21.wcsp	evalgm	Segmentation	wcsp	230	multi	no	2511533
evalgm/MRF/Segmentation/11_4_s.binary.wcsp	evalgm	Segmentation	wcsp	230	boolean	yes	32333
evalgm/MRF/Segmentation/12_15_s.21.wcsp	evalgm	Segmentation	wcsp	231	multi	no	2517395
evalgm/MRF/Segmentation/12_15_s.binary.wcsp	evalgm	Segmentation	wcsp	231	boolean	yes	32391
evalgm/MRF/Segmentation/12_20_s.21.wcsp	evalgm	Segmentation	wcsp	230	multi	no	2502871
evalgm/MRF/Segmentation/12_20_s.binary.wcsp	evalgm	Segmentation	wcsp	230	boolean	yes	32302
evalgm/MRF/Segmentation/12_4_s.21.wcsp	evalgm	Segmentation	wcsp	224	multi	no	2449176
evalgm/MRF/Segmentation/12_4_s.binary.wcsp	evalgm	Segmentation	wcsp	224	boolean	yes	31496
evalgm/MRF/Segmentation/1_28_s.21.wcsp	evalgm	Segmentation	wcsp	230	multi	no	2498542
evalgm/MRF/Segmentation/1_28_s.binary.wcsp	evalgm	Segmentation	wcsp	230	boolean	yes	32233
evalgm/MRF/Segmentation/13_14_s.21.wcsp	evalgm	Segmentation	wcsp	221	multi	no	2476575
evalgm/MRF/Segmentation/13_14_s.binary.wcsp	evalgm	Segmentation	wcsp	221	boolean	yes	31666
evalgm/MRF/Segmentation/13_30_s.21.wcsp	evalgm	Segmentation	wcsp	227	multi	no	2473896
evalgm/MRF/Segmentation/13_30_s.binary.wcsp	evalgm	Segmentation	wcsp	227	boolean	yes	31803
evalgm/MRF/Segmentation/13_9_s.21.wcsp	evalgm	Segmentation	wcsp	228	multi	no	2461325
evalgm/MRF/Segmentation/13_9_s.binary.wcsp	evalgm	Segmentation	wcsp	228	boolean	yes	31733
evalgm/MRF/Segmentation/14_26_s.21.wcsp	evalgm	Segmentation	wcsp	228	multi	no	2504855
evalgm/MRF/Segmentation/14_26_s.binary.wcsp	evalgm	Segmentation	wcsp	228	boolean	yes	32272
evalgm/MRF/Segmentation/14_30_s.21.wcsp	evalgm	Segmentation	wcsp	228	multi	no	2513960
evalgm/MRF/Segmentation/14_30_s.binary.wcsp	evalgm	Segmentation	wcsp	228	boolean	yes	32301
evalgm/MRF/Segmentation/15_3_s.21.wcsp	evalgm	Segmentation	wcsp	231	multi	no	2526410
evalgm/MRF/Segmentation/15_3_s.binary.wcsp	evalgm	Segmentation	wcsp	231	boolean	yes	32510
evalgm/MRF/Segmentation/16_16_s.21.wcsp	evalgm	Segmentation	wcsp	226	multi	no	2482127
evalgm/MRF/Segmentation/16_16_s.binary.wcsp	evalgm	Segmentation	wcsp	226	boolean	yes	31930
evalgm/MRF/Segmentation/16_18_s.21.wcsp	evalgm	Segmentation	wcsp	232	multi	no	2530065
evalgm/MRF/Segmentation/16_18_s.binary.wcsp	evalgm	Segmentation	wcsp	232	boolean	yes	32600
evalgm/MRF/Segmentation/17_4_s.21.wcsp	evalgm	Segmentation	wcsp	231	multi	no	2549759
evalgm/MRF/Segmentation/17_4_s.binary.wcsp	evalgm	Segmentation	wcsp	231	boolean	yes	32724
evalgm/MRF/Segmentation/18_10_s.21.wcsp	evalgm	Segmentation	wcsp	225	multi	no	2464914
evalgm/MRF/Segmentation/18_10_s.binary.wcsp	evalgm	Segmentation	wcsp	225	boolean	yes	31697
evalgm/MRF/Segmentation/18_11_s.21.wcsp	evalgm	Segmentation	wcsp	222	multi	no	2417024
evalgm/MRF/Segmentation/18_11_s.binary.wcsp	evalgm	Segmentation	wcsp	222	boolean	yes	31077
evalgm/MRF/Segmentation/18_1_s.21.wcsp	evalgm	Segmentation	wcsp	225	multi	no	2445364
evalgm/MRF/Segmentation/18_1_s.binary.wcsp	evalgm	Segmentation	wcsp	225	boolean	yes	31451
evalgm/MRF/Segmentation/18_21_s.21.wcsp	evalgm	Segmentation	wcsp	231	multi	no	2494319
evalgm/MRF/Segmentation/18_21_s.binary.wcsp	evalgm	Segmentation	wcsp	231	boolean	yes	32206
evalgm/MRF/Segmentation/18_30_s.21.wcsp	evalgm	Segmentation	wcsp	229	multi	no	2515510
evalgm/MRF/Segmentation/18_30_s.binary.wcsp	evalgm	Segmentation	wcsp	229	boolean	yes	32325
evalgm/MRF/Segmentation/19_12_s.21.wcsp	evalgm	Segmentation	wcsp	233	multi	no	2531002
evalgm/MRF/Segmentation/19_12_s.binary.wcsp	evalgm	Segmentation	wcsp	233	boolean	yes	32656
evalgm/MRF/Segmentation/19_20_s.21.wcsp	evalgm	Segmentation	wcsp	232	multi	no	2526193
evalgm/MRF/Segmentation/19_20_s.binary.wcsp	evalgm	Segmentation	wcsp	232	boolean	yes	32531
evalgm/MRF/Segmentation/19_25_s.21.wcsp	evalgm	Segmentation	wcsp	228	multi	no	2493845
evalgm/MRF/Segmentation/19_25_s.binary.wcsp	evalgm	Segmentation	wcsp	228	boolean	yes	32083
evalgm/MRF/Segmentation/19_4_s.21.wcsp	evalgm	Segmentation	wcsp	230	multi	no	2530131
evalgm/MRF/Segmentation/19_4_s.binary.wcsp	evalgm	Segmentation	wcsp	230	boolean	yes	32513
evalgm/MRF/Segmentation/20_12_s.21.wcsp	evalgm	Segmentation	wcsp	227	multi	no	2489565
evalgm/MRF/Segmentation/20_12_s.binary.wcsp	evalgm	Segmentation	wcsp	227	boolean	yes	32038
evalgm/MRF/Segmentation/20_5_s.21.wcsp	evalgm	Segmentation	wcsp	232	multi	no	2542497
evalgm/MRF/Segmentation/20_5_s.binary.wcsp	evalgm	Segmentation	wcsp	232	boolean	yes	32724
evalgm/MRF/Segmentation/20_9_s.21.wcsp	evalgm	Segmentation	wcsp	231	multi	no	2545351
evalgm/MRF/Segmentation/20_9_s.binary.wcsp	evalgm	Segmentation	wcsp	231	boolean	yes	32765
evalgm/MRF/Segmentation/2_17_s.21.wcsp	evalgm	Segmentation	wcsp	228	multi	no	2486543
evalgm/MRF/Segmentation/2_17_s.binary.wcsp	evalgm	Segmentation	wcsp	228	boolean	yes	31978
evalgm/MRF/Segmentation/2_28_s.21.wcsp	evalgm	Segmentation	wcsp	229	multi	no	2507378
evalgm/MRF/Segmentation/2_28_s.binary.wcsp	evalgm	Segmentation	wcsp	229	boolean	yes	32225
evalgm/MRF/Segmentation/2_2_s.21.wcsp	evalgm	Segmentation	wcsp	227	multi	no	2486905
evalgm/MRF/Segmentation/2_2_s.binary.wcsp	evalgm	Segmentation	wcsp	227	boolean	yes	31994
evalgm/MRF/Segmentation/3_16_s.21.wcsp	evalgm	Segmentation	wcsp	229	multi	no	2507129
evalgm/MRF/Segmentation/3_16_s.binary.wcsp	evalgm	Segmentation	wcsp	229	boolean	yes	32227
evalgm/MRF/Segmentation/3_20_s.21.wcsp	evalgm	Segmentation	wcsp	232	multi	no	2530947
evalgm/MRF/Segmentation/3_20_s.binary.wcsp	evalgm	Segmentation	wcsp	232	boolean	yes	32613
evalgm/MRF/Segmentation/4_24_s.21.wcsp	evalgm	Segmentation	wcsp	228	multi	no	2458071
evalgm/MRF/Segmentation/4_24_s.binary.wcsp	evalgm	Segmentation	wcsp	228	boolean	yes	31711
evalgm/MRF/Segmentation/4_30_s.21.wcsp	evalgm	Segmentation	wcsp	229	multi	no	2474357
evalgm/MRF/Segmentation/4_30_s.binary.wcsp	evalgm	Segmentation	wcsp	229	boolean	yes	31893
evalgm/MRF/Segmentation/5_3_s.21.wcsp	evalgm	Segmentation	wcsp	225	multi	no	2465940
evalgm/MRF/Segmentation/5_3_s.binary.wcsp	evalgm	Segmentation	wcsp	225	boolean	yes	31704
evalgm/MRF/Segmentation/6_23_s.21.wcsp	evalgm	Segmentation	wcsp	237	multi	no	2613471
evalgm/MRF/Segmentation/6_23_s.binary.wcsp	evalgm	Segmentation	wcsp	237	boolean	yes	33613
evalgm/MRF/Segmentation/6_3_s.21.wcsp	evalgm	Segmentation	wcsp	231	multi	no	2537009
evalgm/MRF/Segmentation/6_3_s.binary.wcsp	evalgm	Segmentation	wcsp	231	boolean	yes	32598
evalgm/MRF/Segmentation/7_11_s.21.wcsp	evalgm	Segmentation	wcsp	235	multi	no	2606346
evalgm/MRF/Segmentation/7_11_s.binary.wcsp	evalgm	Segmentation	wcsp	235	boolean	yes	33454
evalgm/MRF/Segmentation/7_12_s.21.wcsp	evalgm	Segmentation	wcsp	233	multi	no	2506849
evalgm/MRF/Segmentation/7_12_s.binary.wcsp	evalgm	Segmentation	wcsp	233	boolean	yes	32317
evalgm/MRF/Segmentation/7_15_s.21.wcsp	evalgm	Segmentation	wcsp	231	multi	no	2501509
evalgm/MRF/Segmentation/7_15_s.binary.wcsp	evalgm	Segmentation	wcsp	231	boolean	yes	32235
evalgm/MRF/Segmentation/7_29_s.21.wcsp	evalgm	Segmentation	wcsp	229	multi	no	2501408
evalgm/MRF/Segmentation/7_29_s.binary.wcsp	evalgm	Segmentation	wcsp	229	boolean	yes	32182
evalgm/MRF/Segmentation/7_9_s.21.wcsp	evalgm	Segmentation	wcsp	233	multi	no	2530188
evalgm/MRF/Segmentation/7_9_s.binary.wcsp	evalgm	Segmentation	wcsp	233	boolean	yes	32618
evalgm/MRF/Segmentation/8_18_s.21.wcsp	evalgm	Segmentation	wcsp	226	multi	no	2493249
evalgm/MRF/Segmentation/8_18_s.binary.wcsp	evalgm	Segmentation	wcsp	226	boolean	yes	32047
evalgm/MRF/Segmentation/8_25_s.21.wcsp	evalgm	Segmentation	wcsp	223	multi	no	2440971
evalgm/MRF/Segmentation/8_25_s.binary.wcsp	evalgm	Segmentation	wcsp	223	boolean	yes	31452
evalgm/MRF/Segmentation/8_8_s.21.wcsp	evalgm	Segmentation	wcsp	224	multi	no	2464393
evalgm/MRF/Segmentation/8_8_s.binary.wcsp	evalgm	Segmentation	wcsp	224	boolean	yes	31658
evalgm/MRF/Segmentation/9_10_s.21.wcsp	evalgm	Segmentation	wcsp	230	multi	no	2521526
evalgm/MRF/Segmentation/9_10_s.binary.wcsp	evalgm	Segmentation	wcsp	230	boolean	yes	32428
evalgm/MRF/Segmentation/9_24_s.21.wcsp	evalgm	Segmentation	wcsp	232	multi	no	2542797
evalgm/MRF/Segmentation/9_24_s.binary.wcsp	evalgm	Segmentation	wcsp	232	boolean	yes	32756
evalgm/WPMS/Haplotyping/ped2.B.recomb1-0.01-1.wcsp	evalgm	Haplotyping	wcsp	168151	domain1	yes	10180005
evalgm/WPMS/Haplotyping/ped2.B.recomb1-0.01-2.wcsp	evalgm	Haplotyping	wcsp	169735	domain1	yes	10618857
evalgm/WPMS/Haplotyping/ped2.B.recomb1-0.01-3.wcsp	evalgm	Haplotyping	wcsp	169018	domain1	yes	10696128
evalgm/WPMS/Haplotyping/ped2.B.recomb1-0.01-4.wcsp	evalgm	Haplotyping	wcsp	168236	domain1	yes	11612251
evalgm/WPMS/Haplotyping/ped2.B.recomb1-0.01-5.wcsp	evalgm	Haplotyping	wcsp	168514	domain1	yes	10264212
evalgm/WPMS/Haplotyping/ped2.B.recomb1-0.10-10.wcsp	evalgm	Haplotyping	wcsp	171862	domain1	yes	13434070
evalgm/WPMS/Haplotyping/ped2.B.recomb1-0.10-6.wcsp	evalgm	Haplotyping	wcsp	171591	domain1	yes	15172167
evalgm/WPMS/Haplotyping/ped2.B.recomb1-0.10-7.wcsp	evalgm	Haplotyping	wcsp	171378	domain1	yes	14239763
evalgm/WPMS/Haplotyping/ped2.B.recomb1-0.10-8.wcsp	evalgm	Haplotyping	wcsp	171525	domain1	yes	14411779
evalgm/WPMS/Haplotyping/ped2.B.recomb1-0.10-9.wcsp	evalgm	Haplotyping	wcsp	171883	domain1	yes	13387937
evalgm/WPMS/Haplotyping/ped2.B.recomb1-0.20-11.wcsp	evalgm	Haplotyping	wcsp	172729	domain1	yes	17521995
evalgm/WPMS/Haplotyping/ped2.B.recomb1-0.20-12.wcsp	evalgm	Haplotyping	wcsp	172671	domain1	yes	17451046
evalgm/WPMS/Haplotyping/ped2.B.recomb1-0.20-13.wcsp	evalgm	Haplotyping	wcsp	173198	domain1	yes	17570593
evalgm/WPMS/Haplotyping/ped2.B.recomb1-0.20-14.wcsp	evalgm	Haplotyping	wcsp	172723	domain1	yes	17585105
evalgm/WPMS/Haplotyping/ped2.B.recomb1-0.20-15.wcsp	evalgm	Haplotyping	wcsp	172830	domain1	yes	18036384
evalgm/WPMS/Haplotyping/ped2.G.recomb10-0.01-1.wcsp	evalgm	Haplotyping	wcsp	207876	domain1	yes	29269804
evalgm/WPMS/Haplotyping/ped2.G.recomb10-0.01-2.wcsp	evalgm	Haplotyping	wcsp	208409	domain1	yes	30047531
evalgm/WPMS/Haplotyping/ped2.G.recomb10-0.01-3.wcsp	evalgm	Haplotyping	wcsp	208782	domain1	yes	27261638
evalgm/WPMS/Haplotyping/ped2.G.recomb10-0.01-4.wcsp	evalgm	Haplotyping	wcsp	208016	domain1	yes	28657605
evalgm/WPMS/Haplotyping/ped2.G.recomb10-0.01-5.wcsp	evalgm	Haplotyping	wcsp	208271	domain1	yes	28624587
evalgm/WPMS/Haplotyping/ped2.G.recomb10-0.10-10.wcsp	evalgm	Haplotyping	wcsp	211356	domain1	yes	38264985
evalgm/WPMS/Haplotyping/ped2.G.recomb10-0.10-6.wcsp	evalgm	Haplotyping	wcsp	211596	domain1	yes	37890088
evalgm/WPMS/Haplotyping/ped2.G.recomb10-0.10-7.wcsp	evalgm	Haplotyping	wcsp	211110	domain1	yes	43086156
evalgm/WPMS/Haplotyping/ped2.G.recomb10-0.10-8.wcsp	evalgm	Haplotyping	wcsp	211991	domain1	yes	36392020
evalgm/WPMS/Haplotyping/ped2.G.recomb10-0.10-9.wcsp	evalgm	Haplotyping	wcsp	211564	domain1	yes	34745086
evalgm/WPMS/Haplotyping/ped2.G.recomb1-0.01-1.wcsp	evalgm	Haplotyping	wcsp	208173	domain1	yes	30812134
evalgm/WPMS/Haplotyping/ped2.G.recomb1-0.01-2.wcsp	evalgm	Haplotyping	wcsp	208001	domain1	yes	29253527
evalgm/WPMS/Haplotyping/ped2.G.recomb1-0.01-3.wcsp	evalgm	Haplotyping	wcsp	208528	domain1	yes	27870190
evalgm/WPMS/Haplotyping/ped2.G.recomb1-0.01-4.wcsp	evalgm	Haplotyping	wcsp	208193	domain1	yes	30489180
evalgm/WPMS/Haplotyping/ped2.G.recomb1-0.01-5.wcsp	evalgm	Haplotyping	wcsp	208642	domain1	yes	28257931
evalgm/WPMS/Haplotyping/ped2.G.recomb10-0.20-11.wcsp	evalgm	Haplotyping	wcsp	213655	domain1	yes	62188427
evalgm/WPMS/Haplotyping/ped2.G.recomb10-0.20-12.wcsp	evalgm	Haplotyping	wcsp	214302	domain1	yes	54287661
evalgm/WPMS/Haplotyping/ped2.G.recomb10-0.20-13.wcsp	evalgm	Haplotyping	wcsp	215039	domain1	yes	58619637
evalgm/WPMS/Haplotyping/ped2.G.recomb10-0.20-14.wcsp	evalgm	Haplotyping	wcsp	214997	domain1	yes	61994277
evalgm/WPMS/Haplotyping/ped2.G.recomb10-0.20-15.wcsp	evalgm	Haplotyping	wcsp	214821	domain1	yes	62729315
evalgm/WPMS/Haplotyping/ped2.G.recomb1-0.10-10.wcsp	evalgm	Haplotyping	wcsp	213118	domain1	yes	36182833
evalgm/WPMS/Haplotyping/ped2.G.recomb1-0.10-6.wcsp	evalgm	Haplotyping	wcsp	211746	domain1	yes	39039048
evalgm/WPMS/Haplotyping/ped2.G.recomb1-0.10-7.wcsp	evalgm	Haplotyping	wcsp	212823	domain1	yes	46184555
evalgm/WPMS/Haplotyping/ped2.G.recomb1-0.10-8.wcsp	evalgm	Haplotyping	wcsp	212006	domain1	yes	43098733
evalgm/WPMS/Haplotyping/ped2.G.recomb1-0.10-9.wcsp	evalgm	Haplotyping	wcsp	212398	domain1	yes	41381638
evalgm/WPMS/Haplotyping/ped2.G.recomb1-0.20-11.wcsp	evalgm	Haplotyping	wcsp	214066	domain1	yes	59546434
evalgm/WPMS/Haplotyping/ped2.G.recomb1-0.20-12.wcsp	evalgm	Haplotyping	wcsp	214813	domain1	yes	60827519
evalgm/WPMS/Haplotyping/ped2.G.recomb1-0.20-13.wcsp	evalgm	Haplotyping	wcsp	216117	domain1	yes	60526888
evalgm/WPMS/Haplotyping/ped2.G.recomb1-0.20-14.wcsp	evalgm	Haplotyping	wcsp	214550	domain1	yes	65020235
evalgm/WPMS/Haplotyping/ped2.G.recomb1-0.20-15.wcsp	evalgm	Haplotyping	wcsp	214438	domain1	yes	58022116
evalgm/WPMS/Haplotyping/ped2.G.recomb5-0.01-1.wcsp	evalgm	Haplotyping	wcsp	208381	domain1	yes	30946408
evalgm/WPMS/Haplotyping/ped2.G.recomb5-0.01-2.wcsp	evalgm	Haplotyping	wcsp	208141	domain1	yes	29517301
evalgm/WPMS/Haplotyping/ped2.G.recomb5-0.01-3.wcsp	evalgm	Haplotyping	wcsp	208501	domain1	yes	29987079
evalgm/WPMS/Haplotyping/ped2.G.recomb5-0.01-4.wcsp	evalgm	Haplotyping	wcsp	208233	domain1	yes	26842977
evalgm/WPMS/Haplotyping/ped2.G.recomb5-0.01-5.wcsp	evalgm	Haplotyping	wcsp	208489	domain1	yes	28010547
evalgm/WPMS/Haplotyping/ped2.G.recomb5-0.10-10.wcsp	evalgm	Haplotyping	wcsp	212787	domain1	yes	42567190
evalgm/WPMS/Haplotyping/ped2.G.recomb5-0.10-6.wcsp	evalgm	Haplotyping	wcsp	212211	domain1	yes	35558279
evalgm/WPMS/Haplotyping/ped2.G.recomb5-0.10-7.wcsp	evalgm	Haplotyping	wcsp	212648	domain1	yes	38713302
evalgm/WPMS/Haplotyping/ped2.G.recomb5-0.10-8.wcsp	evalgm	Haplotyping	wcsp	212735	domain1	yes	44896456
evalgm/WPMS/Haplotyping/ped2.G.recomb5-0.10-9.wcsp	evalgm	Haplotyping	wcsp	212153	domain1	yes	38957916
evalgm/WPMS/Haplotyping/ped2.G.recomb5-0.20-11.wcsp	evalgm	Haplotyping	wcsp	214355	domain1	yes	62283010
evalgm/WPMS/Haplotyping/ped2.G.recomb5-0.20-12.wcsp	evalgm	Haplotyping	wcsp	215887	domain1	yes	60887072
evalgm/WPMS/Haplotyping/ped2.G.recomb5-0.20-13.wcsp	evalgm	Haplotyping	wcsp	215064	domain1	yes	63570819
evalgm/WPMS/Haplotyping/ped2.G.recomb5-0.20-14.wcsp	evalgm	Haplotyping	wcsp	215135	domain1	yes	59672100
evalgm/WPMS/Haplotyping/ped2.G.recomb5-0.20-15.wcsp	evalgm	Haplotyping	wcsp	214926	domain1	yes	61598617
evalgm/WPMS/Haplotyping/ped3.D.recomb10-0.20-11.wcsp	evalgm	Haplotyping	wcsp	62688	domain1	yes	7911416
evalgm/WPMS/Haplotyping/ped3.D.recomb10-0.20-12.wcsp	evalgm	Haplotyping	wcsp	62161	domain1	yes	7839742
evalgm/WPMS/Haplotyping/ped3.D.recomb10-0.20-13.wcsp	evalgm	Haplotyping	wcsp	62963	domain1	yes	8459257
evalgm/WPMS/Haplotyping/ped3.D.recomb10-0.20-14.wcsp	evalgm	Haplotyping	wcsp	62815	domain1	yes	7861695
evalgm/WPMS/Haplotyping/ped3.D.recomb10-0.20-15.wcsp	evalgm	Haplotyping	wcsp	62483	domain1	yes	7784672
evalgm/WPMS/Haplotyping/ped3.E.recomb10-0.20-11.wcsp	evalgm	Haplotyping	wcsp	73150	domain1	yes	18312918
evalgm/WPMS/Haplotyping/ped3.E.recomb10-0.20-12.wcsp	evalgm	Haplotyping	wcsp	73055	domain1	yes	18784292
evalgm/WPMS/Haplotyping/ped3.E.recomb10-0.20-13.wcsp	evalgm	Haplotyping	wcsp	73373	domain1	yes	17393315
evalgm/WPMS/Haplotyping/ped3.E.recomb10-0.20-14.wcsp	evalgm	Haplotyping	wcsp	72595	domain1	yes	23837691
evalgm/WPMS/Haplotyping/ped3.E.recomb10-0.20-15.wcsp	evalgm	Haplotyping	wcsp	73405	domain1	yes	19277880
evalgm/WPMS/Haplotyping/ped3.F.recomb10-0.01-1.wcsp	evalgm	Haplotyping	wcsp	67977	domain1	yes	11033932
evalgm/WPMS/Haplotyping/ped3.F.recomb10-0.01-2.wcsp	evalgm	Haplotyping	wcsp	67907	domain1	yes	9778792
evalgm/WPMS/Haplotyping/ped3.F.recomb10-0.01-3.wcsp	evalgm	Haplotyping	wcsp	68211	domain1	yes	10885269
evalgm/WPMS/Haplotyping/ped3.F.recomb10-0.01-4.wcsp	evalgm	Haplotyping	wcsp	68088	domain1	yes	12807877
evalgm/WPMS/Haplotyping/ped3.F.recomb10-0.01-5.wcsp	evalgm	Haplotyping	wcsp	68280	domain1	yes	8988009
evalgm/WPMS/Haplotyping/ped3.F.recomb10-0.10-10.wcsp	evalgm	Haplotyping	wcsp	70149	domain1	yes	12534655
evalgm/WPMS/Haplotyping/ped3.F.recomb10-0.10-6.wcsp	evalgm	Haplotyping	wcsp	69941	domain1	yes	12546222
evalgm/WPMS/Haplotyping/ped3.F.recomb10-0.10-7.wcsp	evalgm	Haplotyping	wcsp	69681	domain1	yes	13744219
evalgm/WPMS/Haplotyping/ped3.F.recomb10-0.10-8.wcsp	evalgm	Haplotyping	wcsp	69731	domain1	yes	15788912
evalgm/WPMS/Haplotyping/ped3.F.recomb10-0.10-9.wcsp	evalgm	Haplotyping	wcsp	70131	domain1	yes	11834543
evalgm/WPMS/Haplotyping/ped3.F.recomb10-0.20-11.wcsp	evalgm	Haplotyping	wcsp	70483	domain1	yes	17061065
evalgm/WPMS/Haplotyping/ped3.F.recomb10-0.20-12.wcsp	evalgm	Haplotyping	wcsp	70317	domain1	yes	16590296
evalgm/WPMS/Haplotyping/ped3.F.recomb10-0.20-13.wcsp	evalgm	Haplotyping	wcsp	70672	domain1	yes	16892843
evalgm/WPMS/Haplotyping/ped3.F.recomb10-0.20-14.wcsp	evalgm	Haplotyping	wcsp	70162	domain1	yes	16524092
evalgm/WPMS/Haplotyping/ped3.F.recomb10-0.20-15.wcsp	evalgm	Haplotyping	wcsp	70364	domain1	yes	15461275
evalgm/WPMS/Haplotyping/ped3.G.recomb10-0.01-1.wcsp	evalgm	Haplotyping	wcsp	80098	domain1	yes	10671601
evalgm/WPMS/Haplotyping/ped3.G.recomb10-0.01-2.wcsp	evalgm	Haplotyping	wcsp	79938	domain1	yes	9759056
evalgm/WPMS/Haplotyping/ped3.G.recomb10-0.01-3.wcsp	evalgm	Haplotyping	wcsp	80211	domain1	yes	11569112
evalgm/WPMS/Haplotyping/ped3.G.recomb10-0.01-4.wcsp	evalgm	Haplotyping	wcsp	79993	domain1	yes	13141119
evalgm/WPMS/Haplotyping/ped3.G.recomb10-0.01-5.wcsp	evalgm	Haplotyping	wcsp	79975	domain1	yes	10983629
evalgm/WPMS/Haplotyping/ped3.G.recomb10-0.10-10.wcsp	evalgm	Haplotyping	wcsp	82301	domain1	yes	15411499
evalgm/WPMS/Haplotyping/ped3.G.recomb10-0.10-6.wcsp	evalgm	Haplotyping	wcsp	82089	domain1	yes	14562237
evalgm/WPMS/Haplotyping/ped3.G.recomb10-0.10-7.wcsp	evalgm	Haplotyping	wcsp	82096	domain1	yes	14962150
evalgm/WPMS/Haplotyping/ped3.G.recomb10-0.10-8.wcsp	evalgm	Haplotyping	wcsp	81524	domain1	yes	13974694
evalgm/WPMS/Haplotyping/ped3.G.recomb10-0.10-9.wcsp	evalgm	Haplotyping	wcsp	82070	domain1	yes	18062907
evalgm/WPMS/Haplotyping/ped3.G.recomb10-0.20-11.wcsp	evalgm	Haplotyping	wcsp	83113	domain1	yes	22787228
evalgm/WPMS/Haplotyping/ped3.G.recomb10-0.20-12.wcsp	evalgm	Haplotyping	wcsp	83617	domain1	yes	19117980
evalgm/WPMS/Haplotyping/ped3.G.recomb10-0.20-13.wcsp	evalgm	Haplotyping	wcsp	83000	domain1	yes	20941495
evalgm/WPMS/Haplotyping/ped3.G.recomb10-0.20-14.wcsp	evalgm	Haplotyping	wcsp	83297	domain1	yes	23012028
evalgm/WPMS/Haplotyping/ped3.G.recomb10-0.20-15.wcsp	evalgm	Haplotyping	wcsp	83622	domain1	yes	21347768
evalgm/WPMS/MaxClique/brock200_1.clq.wcsp	evalgm	MaxClique	wcsp	200	boolean	yes	201321
evalgm/WPMS/MaxClique/brock200_2.clq.wcsp	evalgm	MaxClique	wcsp	200	boolean	yes	394236
evalgm/WPMS/MaxClique/brock200_3.clq.wcsp	evalgm	MaxClique	wcsp	200	boolean	yes	309670
evalgm/WPMS/MaxClique/brock200_4.clq.wcsp	evalgm	MaxClique	wcsp	200	boolean	yes	269406
evalgm/WPMS/MaxClique/brock400_1.clq.wcsp	evalgm	MaxClique	wcsp	400	boolean	yes	800597
evalgm/WPMS/MaxClique/brock400_2.clq.wcsp	evalgm	MaxClique	wcsp	400	boolean	yes	798195
evalgm/WPMS/MaxClique/brock400_3.clq.wcsp	evalgm	MaxClique	wcsp	400	boolean	yes	802272
evalgm/WPMS/MaxClique/brock400_4.clq.wcsp	evalgm	MaxClique	wcsp	400	boolean	yes	799004
evalgm/WPMS/MaxClique/brock800_1.clq.wcsp	evalgm	MaxClique	wcsp	800	boolean	yes	4470375
evalgm/WPMS/MaxClique/brock800_2.clq.wcsp	evalgm	MaxClique	wcsp	800	boolean	yes	4444184
evalgm/WPMS/MaxClique/brock800_3.clq.wcsp	evalgm	MaxClique	wcsp	800	boolean	yes	4477453
evalgm/WPMS/MaxClique/brock800_4.clq.wcsp	evalgm	MaxClique	wcsp	800	boolean	yes	4464913
evalgm/WPMS/MaxClique/c-fat200-1.clq.wcsp	evalgm	MaxClique	wcsp	200	boolean	yes	718764
evalgm/WPMS/MaxClique/c-fat200-2.clq.wcsp	evalgm	MaxClique	wcsp	200	boolean	yes	652581
evalgm/WPMS/MaxClique/c-fat200-5.clq.wcsp	evalgm	MaxClique	wcsp	200	boolean	yes	448824
evalgm/WPMS/MaxClique/c-fat500-10.clq.wcsp	evalgm	MaxClique	wcsp	500	boolean	yes	3101462
evalgm/WPMS/MaxClique/c-fat500-1.clq.wcsp	evalgm	MaxClique	wcsp	500	boolean	yes	4769679
evalgm/WPMS/MaxClique/c-fat500-2.clq.wcsp	evalgm	MaxClique	wcsp	500	boolean	yes	4584519
evalgm/WPMS/MaxClique/c-fat500-5.clq.wcsp	evalgm	MaxClique	wcsp	500	boolean	yes	4028595
evalgm/WPMS/MaxClique/hamming10-2.clq.wcsp	evalgm	MaxClique	wcsp	1024	boolean	yes	232548
evalgm/WPMS/MaxClique/hamming10-4.clq.wcsp	evalgm	MaxClique	wcsp	1024	boolean	yes	3682039
evalgm/WPMS/MaxClique/hamming6-2.clq.wcsp	evalgm	MaxClique	wcsp	64	boolean	yes	8331
evalgm/WPMS/MaxClique/hamming6-4.clq.wcsp	evalgm	MaxClique	wcsp	64	boolean	yes	49422
evalgm/WPMS/MaxClique/hamming8-2.clq.wcsp	evalgm	MaxClique	wcsp	256	boolean	yes	45622
evalgm/WPMS/MaxClique/hamming8-4.clq.wcsp	evalgm	MaxClique	wcsp	256	boolean	yes	466463
evalgm/WPMS/MaxClique/johnson16-2-4.clq.wcsp	evalgm	MaxClique	wcsp	120	boolean	yes	66670
evalgm/WPMS/MaxClique/johnson32-2-4.clq.wcsp	evalgm	MaxClique	wcsp	496	boolean	yes	599423
evalgm/WPMS/MaxClique/johnson8-2-4.clq.wcsp	evalgm	MaxClique	wcsp	28	boolean	yes	6663
evalgm/WPMS/MaxClique/johnson8-4-4.clq.wcsp	evalgm	MaxClique	wcsp	70	boolean	yes	21967
evalgm/WPMS/MaxClique/keller4.clq.wcsp	evalgm	MaxClique	wcsp	171	boolean	yes	201410
evalgm/WPMS/MaxClique/keller5.clq.wcsp	evalgm	MaxClique	wcsp	776	boolean	yes	2986823
evalgm/WPMS/MaxClique/MANN_a27.clq.wcsp	evalgm	MaxClique	wcsp	378	boolean	yes	35606
evalgm/WPMS/MaxClique/MANN_a45.clq.wcsp	evalgm	MaxClique	wcsp	1035	boolean	yes	103662
evalgm/WPMS/MaxClique/MANN_a81.clq.wcsp	evalgm	MaxClique	wcsp	3321	boolean	yes	347562
evalgm/WPMS/MaxClique/MANN_a9.clq.wcsp	evalgm	MaxClique	wcsp	45	boolean	yes	3532
evalgm/WPMS/MaxClique/p_hat1000-1.clq.wcsp	evalgm	MaxClique	wcsp	1000	boolean	yes	15406549
evalgm/WPMS/MaxClique/p_hat1000-2.clq.wcsp	evalgm	MaxClique	wcsp	1000	boolean	yes	10408701
evalgm/WPMS/MaxClique/p_hat1000-3.clq.wcsp	evalgm	MaxClique	wcsp	1000	boolean	yes	5232106
evalgm/WPMS/MaxClique/p_hat300-1.clq.wcsp	evalgm	MaxClique	wcsp	300	boolean	yes	1337923
evalgm/WPMS/MaxClique/p_hat300-2.clq.wcsp	evalgm	MaxClique	wcsp	300	boolean	yes	905840
evalgm/WPMS/MaxClique/p_hat300-3.clq.wcsp	evalgm	MaxClique	wcsp	300	boolean	yes	456029
evalgm/WPMS/MaxClique/p_hat500-1.clq.wcsp	evalgm	MaxClique	wcsp	500	boolean	yes	3697029
evalgm/WPMS/MaxClique/p_hat500-2.clq.wcsp	evalgm	MaxClique	wcsp	500	boolean	yes	2455457
evalgm/WPMS/MaxClique/p_hat500-3.clq.wcsp	evalgm	MaxClique	wcsp	500	boolean	yes	1235157
evalgm/WPMS/MaxClique/p_hat700-1.clq.wcsp	evalgm	MaxClique	wcsp	700	boolean	yes	7303324
evalgm/WPMS/MaxClique/p_hat700-2.clq.wcsp	evalgm	MaxClique	wcsp	700	boolean	yes	4892887
evalgm/WPMS/MaxClique/p_hat700-3.clq.wcsp	evalgm	MaxClique	wcsp	700	boolean	yes	2461501
evalgm/WPMS/MaxClique/san1000.clq.wcsp	evalgm	MaxClique	wcsp	1000	boolean	yes	10176970
evalgm/WPMS/MaxClique/san200_0.7_1.clq.wcsp	evalgm	MaxClique	wcsp	200	boolean	yes	236522
evalgm/WPMS/MaxClique/san200_0.7_2.clq.wcsp	evalgm	MaxClique	wcsp	200	boolean	yes	236650
evalgm/WPMS/MaxClique/san200_0.9_1.clq.wcsp	evalgm	MaxClique	wcsp	200	boolean	yes	81832
evalgm/WPMS/MaxClique/san200_0.9_2.clq.wcsp	evalgm	MaxClique	wcsp	200	boolean	yes	81671
evalgm/WPMS/MaxClique/san200_0.9_3.clq.wcsp	evalgm	MaxClique	wcsp	200	boolean	yes	81722
evalgm/WPMS/MaxClique/san400_0.5_1.clq.wcsp	evalgm	MaxClique	wcsp	400	boolean	yes	1582660
evalgm/WPMS/MaxClique/san400_0.7_1.clq.wcsp	evalgm	MaxClique	wcsp	400	boolean	yes	953163
evalgm/WPMS/MaxClique/san400_0.7_2.clq.wcsp	evalgm	MaxClique	wcsp	400	boolean	yes	953134
evalgm/WPMS/MaxClique/san400_0.7_3.clq.wcsp	evalgm	MaxClique	wcsp	400	boolean	yes	953084
evalgm/WPMS/MaxClique/san400_0.9_1.clq.wcsp	evalgm	MaxClique	wcsp	400	boolean	yes	323515
evalgm/WPMS/MaxClique/sanr200_0.7.clq.wcsp	evalgm	MaxClique	wcsp	200	boolean	yes	238994
evalgm/WPMS/MaxClique/sanr200_0.9.clq.wcsp	evalgm	MaxClique	wcsp	200	boolean	yes	83515
evalgm/WPMS/MaxClique/sanr400_0.5.clq.wcsp	evalgm	MaxClique	wcsp	400	boolean	yes	1579382
evalgm/WPMS/MaxClique/sanr400_0.7.clq.wcsp	evalgm	MaxClique	wcsp	400	boolean	yes	952850
evalgm/WPMS/MIPLib/normalized-mps-v2-20-10-bm23.opb.msat.wcsp	evalgm	MIPLib	wcsp	8642	domain1	yes	1304225
evalgm/WPMS/MIPLib/normalized-mps-v2-20-10-cracpb1.opb.msat.wcsp	evalgm	MIPLib	wcsp	17336	domain1	yes	3659567
evalgm/WPMS/MIPLib/normalized-mps-v2-20-10-l152lav.opb.msat.wcsp	evalgm	MIPLib	wcsp	24570	domain1	yes	5918677
evalgm/WPMS/MIPLib/normalized-mps-v2-20-10-lp4l.opb.msat.wcsp	evalgm	MIPLib	wcsp	10516	domain1	yes	2274258
evalgm/WPMS/MIPLib/normalized-mps-v2-20-10-lseu.opb.msat.wcsp	evalgm	MIPLib	wcsp	5931	domain1	yes	1091091
evalgm/WPMS/MIPLib/normalized-mps-v2-20-10-mod008.opb.msat.wcsp	evalgm	MIPLib	wcsp	10309	domain1	yes	3069758
evalgm/WPMS/MIPLib/normalized-mps-v2-20-10-mod010.opb.msat.wcsp	evalgm	MIPLib	wcsp	24776	domain1	yes	5408719
evalgm/WPMS/MIPLib/normalized-mps-v2-20-10-p0033.opb.msat.wcsp	evalgm	MIPLib	wcsp	548	domain1	yes	93940
evalgm/WPMS/MIPLib/normalized-mps-v2-20-10-p0040.opb.msat.wcsp	evalgm	MIPLib	wcsp	123	domain1	yes	14485
evalgm/WPMS/MIPLib/normalized-mps-v2-20-10-p0201.opb.msat.wcsp	evalgm	MIPLib	wcsp	4746	domain1	yes	1101340
evalgm/WPMS/MIPLib/normalized-mps-v2-20-10-p0548.opb.msat.wcsp	evalgm	MIPLib	wcsp	5519	domain1	yes	1198950
evalgm/WPMS/MIPLib/normalized-mps-v2-20-10-sentoy.opb.msat.wcsp	evalgm	MIPLib	wcsp	13262	domain1	yes	3965503
evalgm/WPMS/PackupWeighted/103c9978-5408-11df-9bc1-00163e7a6f5e_l1.wcsp	evalgm	PackupWeighted	wcsp	7076	domain1	yes	847410
evalgm/WPMS/PackupWeighted/1aabfc32-d491-11df-9a24-00163e3d3b7c_l2.wcsp	evalgm	PackupWeighted	wcsp	22590	domain1	yes	2536935
evalgm/WPMS/PackupWeighted/26f3d4cc-d470-11df-9e6c-00163e3d3b7c_l2.wcsp	evalgm	PackupWeighted	wcsp	21574	domain1	yes	2020897
evalgm/WPMS/PackupWeighted/29180036-5408-11df-9f57-00163e7a6f5e_l1.wcsp	evalgm	PackupWeighted	wcsp	7076	domain1	yes	847410
evalgm/WPMS/PackupWeighted/29180036-5408-11df-9f57-00163e7a6f5e_l2.wcsp	evalgm	PackupWeighted	wcsp	8582	domain1	yes	888016
evalgm/WPMS/PackupWeighted/2c3aece6-c8b2-11df-a040-00163e3d3b7c_l1.wcsp	evalgm	PackupWeighted	wcsp	18497	domain1	yes	2178989
evalgm/WPMS/PackupWeighted/2c3aece6-c8b2-11df-a040-00163e3d3b7c_l2.wcsp	evalgm	PackupWeighted	wcsp	25554	domain1	yes	2514667
evalgm/WPMS/PackupWeighted/3e4f8550-0b33-11df-942d-00163e1d94dc_l1.wcsp	evalgm	PackupWeighted	wcsp	2251	domain1	yes	275024
evalgm/WPMS/PackupWeighted/3e4f8550-0b33-11df-942d-00163e1d94dc_l2.wcsp	evalgm	PackupWeighted	wcsp	2251	domain1	yes	275024
evalgm/WPMS/PackupWeighted/4a69cf16-c731-11df-9182-00163e3d3b7c_l1.wcsp	evalgm	PackupWeighted	wcsp	1458	domain1	yes	175117
evalgm/WPMS/PackupWeighted/4a69cf16-c731-11df-9182-00163e3d3b7c_l2.wcsp	evalgm	PackupWeighted	wcsp	24995	domain1	yes	3225326
evalgm/WPMS/PackupWeighted/4ede8d96-c17a-11df-a7c5-00163e3d3b7c_l1.wcsp	evalgm	PackupWeighted	wcsp	1063	boolean	yes	124782
evalgm/WPMS/PackupWeighted/5698a62c-c731-11df-9bb9-00163e3d3b7c_l1.wcsp	evalgm	PackupWeighted	wcsp	1458	domain1	yes	175117
evalgm/WPMS/PackupWeighted/56ae4afa-0b33-11df-8a2b-00163e1d94dc_l1.wcsp	evalgm	PackupWeighted	wcsp	2251	domain1	yes	216376
evalgm/WPMS/PackupWeighted/56e31304-c17a-11df-b070-00163e3d3b7c_l1.wcsp	evalgm	PackupWeighted	wcsp	1063	boolean	yes	124782
evalgm/WPMS/PackupWeighted/6b0d1da0-c730-11df-a7c5-00163e3d3b7c_l1.wcsp	evalgm	PackupWeighted	wcsp	1518	boolean	yes	186757
evalgm/WPMS/PackupWeighted/7bf50d1c-9b1b-11df-8b50-00163e46d37a_l1.wcsp	evalgm	PackupWeighted	wcsp	7343	domain1	yes	991436
evalgm/WPMS/PackupWeighted/7bf50d1c-9b1b-11df-8b50-00163e46d37a_l2.wcsp	evalgm	PackupWeighted	wcsp	8313	domain1	yes	1017626
evalgm/WPMS/PackupWeighted/7f80e4f0-4fe9-11e0-acd7-00163e1e087d_l1.wcsp	evalgm	PackupWeighted	wcsp	1093	domain1	yes	110777
evalgm/WPMS/PackupWeighted/7f80e4f0-4fe9-11e0-acd7-00163e1e087d_l2.wcsp	evalgm	PackupWeighted	wcsp	14035	domain1	yes	1310668
evalgm/WPMS/PackupWeighted/80cfe9a6-9b1b-11df-965e-00163e46d37a_l1.wcsp	evalgm	PackupWeighted	wcsp	7343	domain1	yes	991436
evalgm/WPMS/PackupWeighted/80e3fda2-9501-11e0-8001-00163e1e087d_l2.wcsp	evalgm	PackupWeighted	wcsp	7020	domain1	yes	636348
evalgm/WPMS/PackupWeighted/8222799a-9af8-11df-8b50-00163e46d37a_l1.wcsp	evalgm	PackupWeighted	wcsp	7341	domain1	yes	990118
evalgm/WPMS/PackupWeighted/8222799a-9af8-11df-8b50-00163e46d37a_l2.wcsp	evalgm	PackupWeighted	wcsp	8311	domain1	yes	1016308
evalgm/WPMS/PackupWeighted/8680dd8a-8600-11e0-b285-00163e1e087d_l2.wcsp	evalgm	PackupWeighted	wcsp	20150	domain1	yes	3178085
evalgm/WPMS/PackupWeighted/8afdd89e-51b8-11e0-acd7-00163e1e087d_l1.wcsp	evalgm	PackupWeighted	wcsp	1087	domain1	yes	118461
evalgm/WPMS/PackupWeighted/8b0e7c16-bab4-11e0-a883-00163e1e087d_l2.wcsp	evalgm	PackupWeighted	wcsp	22337	domain1	yes	3026118
evalgm/WPMS/PackupWeighted/978532fa-c730-11df-b070-00163e3d3b7c_l1.wcsp	evalgm	PackupWeighted	wcsp	1518	boolean	yes	186757
evalgm/WPMS/PackupWeighted/a754ac72-95cc-11e0-9181-00163e1e087d_l2.wcsp	evalgm	PackupWeighted	wcsp	7020	domain1	yes	636348
evalgm/WPMS/PackupWeighted/ab9005be-bacc-11e0-b0f6-00163e1e087d_l1.wcsp	evalgm	PackupWeighted	wcsp	491	domain1	yes	56387
evalgm/WPMS/PackupWeighted/ab9005be-bacc-11e0-b0f6-00163e1e087d_l2.wcsp	evalgm	PackupWeighted	wcsp	22337	domain1	yes	3026118
evalgm/WPMS/PackupWeighted/b2540c52-51b7-11e0-aa4f-00163e1e087d_l1.wcsp	evalgm	PackupWeighted	wcsp	1087	domain1	yes	118461
evalgm/WPMS/PackupWeighted/bccf69ae-db9e-11df-9a24-00163e3d3b7c_l1.wcsp	evalgm	PackupWeighted	wcsp	10165	domain1	yes	1263004
evalgm/WPMS/PackupWeighted/c2164c84-b015-11df-8b50-00163e46d37a_l1.wcsp	evalgm	PackupWeighted	wcsp	7272	domain1	yes	244406
evalgm/WPMS/PackupWeighted/c2164c84-b015-11df-8b50-00163e46d37a_l2.wcsp	evalgm	PackupWeighted	wcsp	9264	domain1	yes	297083
evalgm/WPMS/PackupWeighted/ca8f656c-db9e-11df-b9cf-00163e3d3b7c_l2.wcsp	evalgm	PackupWeighted	wcsp	12140	domain1	yes	1320279
evalgm/WPMS/PackupWeighted/caefdef6-3477-11e0-84ef-00163e3d3b7c_l1.wcsp	evalgm	PackupWeighted	wcsp	8896	domain1	yes	844133
evalgm/WPMS/PackupWeighted/caefdef6-3477-11e0-84ef-00163e3d3b7c_l2.wcsp	evalgm	PackupWeighted	wcsp	10821	domain1	yes	896646
evalgm/WPMS/PackupWeighted/cff22854-9512-11e0-8001-00163e1e087d_l2.wcsp	evalgm	PackupWeighted	wcsp	7020	domain1	yes	636348
evalgm/WPMS/PackupWeighted/d023d256-3477-11e0-bdb2-00163e3d3b7c_l1.wcsp	evalgm	PackupWeighted	wcsp	8896	domain1	yes	844133
evalgm/WPMS/PackupWeighted/d023d256-3477-11e0-bdb2-00163e3d3b7c_l2.wcsp	evalgm	PackupWeighted	wcsp	10821	domain1	yes	896646
evalgm/WPMS/PackupWeighted/d0cc7514-c730-11df-a040-00163e3d3b7c_l1.wcsp	evalgm	PackupWeighted	wcsp	1458	domain1	yes	175117
evalgm/WPMS/PackupWeighted/d5026b8e-3477-11e0-986e-00163e3d3b7c_l1.wcsp	evalgm	PackupWeighted	wcsp	8896	domain1	yes	844133
evalgm/WPMS/PackupWeighted/dba3a3fe-3477-11e0-9e6c-00163e3d3b7c_l1.wcsp	evalgm	PackupWeighted	wcsp	8896	domain1	yes	844133
evalgm/WPMS/PackupWeighted/dba3a3fe-3477-11e0-9e6c-00163e3d3b7c_l2.wcsp	evalgm	PackupWeighted	wcsp	10821	domain1	yes	896646
evalgm/WPMS/PackupWeighted/deb285a6-db9e-11df-8f4f-00163e3d3b7c_l2.wcsp	evalgm	PackupWeighted	wcsp	12140	domain1	yes	1320279
evalgm/WPMS/PackupWeighted/e0bd67a6-56d0-11df-b11f-00163e7a6f5e_l1.wcsp	evalgm	PackupWeighted	wcsp	6635	domain1	yes	506423
evalgm/WPMS/PackupWeighted/e0bd67a6-56d0-11df-b11f-00163e7a6f5e_l2.wcsp	evalgm	PackupWeighted	wcsp	8151	domain1	yes	547311
evalgm/WPMS/PackupWeighted/e2f6303a-4fe9-11e0-aa4f-00163e1e087d_l1.wcsp	evalgm	PackupWeighted	wcsp	1093	domain1	yes	110777
evalgm/WPMS/PackupWeighted/e381ba7e-a192-11e0-8647-00163e1e087d_l2.wcsp	evalgm	PackupWeighted	wcsp	7020	domain1	yes	636348
evalgm/WPMS/PackupWeighted/e599f3fc-360e-11e0-986e-00163e3d3b7c_l1.wcsp	evalgm	PackupWeighted	wcsp	8888	domain1	yes	680925
evalgm/WPMS/PackupWeighted/e69a0e36-9ef1-11df-9d4a-00163e46d37a_l1.wcsp	evalgm	PackupWeighted	wcsp	1260	boolean	yes	151280
evalgm/WPMS/PackupWeighted/ec32fc68-7254-11e0-8436-00163e1e087d_l1.wcsp	evalgm	PackupWeighted	wcsp	9075	domain1	yes	694112
evalgm/WPMS/PackupWeighted/eeee44ce-5407-11df-b11f-00163e7a6f5e_l1.wcsp	evalgm	PackupWeighted	wcsp	7076	domain1	yes	847410
evalgm/WPMS/PackupWeighted/eeee44ce-5407-11df-b11f-00163e7a6f5e_l2.wcsp	evalgm	PackupWeighted	wcsp	8582	domain1	yes	888016
evalgm/WPMS/PackupWeighted/f4ebf9e0-360e-11e0-9e6c-00163e3d3b7c_l1.wcsp	evalgm	PackupWeighted	wcsp	8888	domain1	yes	680925
evalgm/WPMS/PackupWeighted/fa3d0fb2-db9e-11df-a0ec-00163e3d3b7c_l1.wcsp	evalgm	PackupWeighted	wcsp	10165	domain1	yes	1263004
evalgm/WPMS/PackupWeighted/ff4a1d84-d490-11df-9e6c-00163e3d3b7c_l1.wcsp	evalgm	PackupWeighted	wcsp	1122	domain1	yes	159075
evalgm/WPMS/PackupWeighted/rand116_l2.wcsp	evalgm	PackupWeighted	wcsp	20091	domain1	yes	2337538
evalgm/WPMS/PackupWeighted/rand118_l2.wcsp	evalgm	PackupWeighted	wcsp	20411	domain1	yes	2185398
evalgm/WPMS/PackupWeighted/rand131_l2.wcsp	evalgm	PackupWeighted	wcsp	20955	domain1	yes	2507966
evalgm/WPMS/PackupWeighted/rand172_l1.wcsp	evalgm	PackupWeighted	wcsp	5111	domain1	yes	786348
evalgm/WPMS/PackupWeighted/rand179_l1.wcsp	evalgm	PackupWeighted	wcsp	5526	domain1	yes	748132
evalgm/WPMS/PackupWeighted/rand196_l1.wcsp	evalgm	PackupWeighted	wcsp	4953	domain1	yes	648250
evalgm/WPMS/PackupWeighted/rand196_l2.wcsp	evalgm	PackupWeighted	wcsp	19818	domain1	yes	3160506
evalgm/WPMS/PackupWeighted/rand208_l1.wcsp	evalgm	PackupWeighted	wcsp	6385	domain1	yes	777964
evalgm/WPMS/PackupWeighted/rand208_l2.wcsp	evalgm	PackupWeighted	wcsp	19895	domain1	yes	2334641
evalgm/WPMS/PackupWeighted/rand213_l2.wcsp	evalgm	PackupWeighted	wcsp	12894	domain1	yes	900414
evalgm/WPMS/PackupWeighted/rand220_l2.wcsp	evalgm	PackupWeighted	wcsp	19976	domain1	yes	2288565
evalgm/WPMS/PackupWeighted/rand242_l1.wcsp	evalgm	PackupWeighted	wcsp	3879	domain1	yes	532416
evalgm/WPMS/PackupWeighted/rand293_l1.wcsp	evalgm	PackupWeighted	wcsp	7246	domain1	yes	1105677
evalgm/WPMS/PackupWeighted/rand307_l2.wcsp	evalgm	PackupWeighted	wcsp	12825	domain1	yes	930669
evalgm/WPMS/PackupWeighted/rand308_l2.wcsp	evalgm	PackupWeighted	wcsp	13182	domain1	yes	1525299
evalgm/WPMS/PackupWeighted/rand30_l1.wcsp	evalgm	PackupWeighted	wcsp	5030	domain1	yes	567345
evalgm/WPMS/PackupWeighted/rand377_l2.wcsp	evalgm	PackupWeighted	wcsp	13601	domain1	yes	1766959
evalgm/WPMS/PackupWeighted/rand381_l1.wcsp	evalgm	PackupWeighted	wcsp	1711	domain1	yes	190241
evalgm/WPMS/PackupWeighted/rand393_l1.wcsp	evalgm	PackupWeighted	wcsp	1879	domain1	yes	245239
evalgm/WPMS/PackupWeighted/rand425_l1.wcsp	evalgm	PackupWeighted	wcsp	6891	domain1	yes	908153
evalgm/WPMS/PackupWeighted/rand446_l1.wcsp	evalgm	PackupWeighted	wcsp	3142	domain1	yes	390318
evalgm/WPMS/PackupWeighted/rand491_l2.wcsp	evalgm	PackupWeighted	wcsp	19835	domain1	yes	2412372
evalgm/WPMS/PackupWeighted/rand507_l1.wcsp	evalgm	PackupWeighted	wcsp	3087	domain1	yes	425364
evalgm/WPMS/PackupWeighted/rand507_l2.wcsp	evalgm	PackupWeighted	wcsp	13240	domain1	yes	2068739
evalgm/WPMS/PackupWeighted/rand547_l2.wcsp	evalgm	PackupWeighted	wcsp	20220	domain1	yes	2228065
evalgm/WPMS/PackupWeighted/rand583_l2.wcsp	evalgm	PackupWeighted	wcsp	12880	domain1	yes	1039983
evalgm/WPMS/PackupWeighted/rand653_l2.wcsp	evalgm	PackupWeighted	wcsp	13264	domain1	yes	1585938
evalgm/WPMS/PackupWeighted/rand695_l1.wcsp	evalgm	PackupWeighted	wcsp	2030	domain1	yes	270536
evalgm/WPMS/PackupWeighted/rand717_l2.wcsp	evalgm	PackupWeighted	wcsp	20877	domain1	yes	2549254
evalgm/WPMS/PackupWeighted/rand752_l1.wcsp	evalgm	PackupWeighted	wcsp	5024	domain1	yes	778795
evalgm/WPMS/PackupWeighted/rand83_l1.wcsp	evalgm	PackupWeighted	wcsp	4264	domain1	yes	492838
evalgm/WPMS/PackupWeighted/rand83_l2.wcsp	evalgm	PackupWeighted	wcsp	19670	domain1	yes	2279281
evalgm/WPMS/PackupWeighted/rand869_l1.wcsp	evalgm	PackupWeighted	wcsp	5018	domain1	yes	670832
evalgm/WPMS/PackupWeighted/rand874_l1.wcsp	evalgm	PackupWeighted	wcsp	6155	domain1	yes	951944
evalgm/WPMS/PackupWeighted/rand892_l1.wcsp	evalgm	PackupWeighted	wcsp	2332	domain1	yes	357293
evalgm/WPMS/PackupWeighted/rand892_l2.wcsp	evalgm	PackupWeighted	wcsp	13295	domain1	yes	2327831
evalgm/WPMS/PackupWeighted/rand929_l2.wcsp	evalgm	PackupWeighted	wcsp	12932	domain1	yes	1427367
evalgm/WPMS/PackupWeighted/rand954_l1.wcsp	evalgm	PackupWeighted	wcsp	2847	domain1	yes	301360
evalgm/WPMS/PackupWeighted/rand981_l2.wcsp	evalgm	PackupWeighted	wcsp	19660	domain1	yes	2438840
evalgm/WPMS/PackupWeighted/rand984_l1.wcsp	evalgm	PackupWeighted	wcsp	4695	domain1	yes	536312
evalgm/WPMS/PackupWeighted/rand984_l2.wcsp	evalgm	PackupWeighted	wcsp	21389	domain1	yes	2575584
evalgm/WPMS/PlanningWithPref/WCNF_pathways_p01.wcsp	evalgm	PlanningWithPref	wcsp	1006	domain1	yes	221496
evalgm/WPMS/PlanningWithPref/WCNF_pathways_p02.wcsp	evalgm	PlanningWithPref	wcsp	1549	domain1	yes	326947
evalgm/WPMS/PlanningWithPref/WCNF_pathways_p03.wcsp	evalgm	PlanningWithPref	wcsp	2497	domain1	yes	607734
evalgm/WPMS/PlanningWithPref/WCNF_pathways_p04.wcsp	evalgm	PlanningWithPref	wcsp	2999	domain1	yes	723043
evalgm/WPMS/PlanningWithPref/WCNF_pathways_p05.wcsp	evalgm	PlanningWithPref	wcsp	5233	domain1	yes	1345059
evalgm/WPMS/PlanningWithPref/WCNF_pathways_p06.wcsp	evalgm	PlanningWithPref	wcsp	14267	domain1	yes	4748019
evalgm/WPMS/PlanningWithPref/WCNF_pathways_p07.wcsp	evalgm	PlanningWithPref	wcsp	10696	domain1	yes	3235251
evalgm/WPMS/PlanningWithPref/WCNF_pathways_p08.wcsp	evalgm	PlanningWithPref	wcsp	12307	domain1	yes	3753811
evalgm/WPMS/PlanningWithPref/WCNF_pathways_p09.wcsp	evalgm	PlanningWithPref	wcsp	9029	domain1	yes	2614867
evalgm/WPMS/PlanningWithPref/WCNF_pathways_p10.wcsp	evalgm	PlanningWithPref	wcsp	16015	domain1	yes	5375280
evalgm/WPMS/PlanningWithPref/WCNF_pathways_p11.wcsp	evalgm	PlanningWithPref	wcsp	6698	domain1	yes	1885720
evalgm/WPMS/PlanningWithPref/WCNF_pathways_p12.wcsp	evalgm	PlanningWithPref	wcsp	10731	domain1	yes	2996575
evalgm/WPMS/PlanningWithPref/WCNF_pathways_p14.wcsp	evalgm	PlanningWithPref	wcsp	9172	domain1	yes	2562623
evalgm/WPMS/PlanningWithPref/WCNF_pathways_p16.wcsp	evalgm	PlanningWithPref	wcsp	23858	domain1	yes	7597050
evalgm/WPMS/PlanningWithPref/WCNF_pathways_p17.wcsp	evalgm	PlanningWithPref	wcsp	28062	domain1	yes	9210581
evalgm/WPMS/PlanningWithPref/WCNF_pathways_p18.wcsp	evalgm	PlanningWithPref	wcsp	10946	domain1	yes	2974103
evalgm/WPMS/PlanningWithPref/WCNF_pathways_p20.wcsp	evalgm	PlanningWithPref	wcsp	14507	domain1	yes	4199384
evalgm/WPMS/PlanningWithPref/WCNF_storage_p01.wcsp	evalgm	PlanningWithPref	wcsp	507	domain1	yes	88971
evalgm/WPMS/PlanningWithPref/WCNF_storage_p02.wcsp	evalgm	PlanningWithPref	wcsp	4217	domain1	yes	1198520
evalgm/WPMS/PlanningWithPref/WCNF_storage_p03.wcsp	evalgm	PlanningWithPref	wcsp	6892	domain1	yes	2150254
evalgm/WPMS/PlanningWithPref/WCNF_storage_p04.wcsp	evalgm	PlanningWithPref	wcsp	5100	domain1	yes	1668885
evalgm/WPMS/PlanningWithPref/WCNF_storage_p05.wcsp	evalgm	PlanningWithPref	wcsp	16814	domain1	yes	2838248
evalgm/WPMS/PlanningWithPref/WCNF_storage_p06.wcsp	evalgm	PlanningWithPref	wcsp	19877	domain1	yes	3401694
evalgm/WPMS/PlanningWithPref/WCNF_storage_p07.wcsp	evalgm	PlanningWithPref	wcsp	36639	domain1	yes	7283352
evalgm/WPMS/PlanningWithPref/WCNF_trucks_p01.wcsp	evalgm	PlanningWithPref	wcsp	6681	domain1	yes	1799140
evalgm/WPMS/PlanningWithPref/WCNF_trucks_p02.wcsp	evalgm	PlanningWithPref	wcsp	16880	domain1	yes	5239531
evalgm/WPMS/PlanningWithPref/WCNF_trucks_p03.wcsp	evalgm	PlanningWithPref	wcsp	25736	domain1	yes	8729651
evalgm/WPMS/PlanningWithPref/WCNF_trucks_p04.wcsp	evalgm	PlanningWithPref	wcsp	46429	domain1	yes	21689969
evalgm/WPMS/PlanningWithPref/WCNF_trucks_p05.wcsp	evalgm	PlanningWithPref	wcsp	69409	domain1	yes	34814914
evalgm/WPMS/TimeTabling/comp01.wcsp	evalgm	TimeTabling	wcsp	13864	domain1	yes	2968549
evalgm/WPMS/TimeTabling/comp02.wcsp	evalgm	TimeTabling	wcsp	111869	domain1	yes	26728391
evalgm/WPMS/TimeTabling/comp03.wcsp	evalgm	TimeTabling	wcsp	74178	domain1	yes	20218749
evalgm/WPMS/TimeTabling/comp04.wcsp	evalgm	TimeTabling	wcsp	93497	domain1	yes	24284435
evalgm/WPMS/TimeTabling/comp05.wcsp	evalgm	TimeTabling	wcsp	34902	domain1	yes	6545819
evalgm/WPMS/TimeTabling/comp06.wcsp	evalgm	TimeTabling	wcsp	107670	domain1	yes	39811161
evalgm/WPMS/TimeTabling/comp07.wcsp	evalgm	TimeTabling	wcsp	216804	domain1	yes	79921131
evalgm/WPMS/TimeTabling/comp08.wcsp	evalgm	TimeTabling	wcsp	116948	domain1	yes	31473918
evalgm/WPMS/TimeTabling/comp09.wcsp	evalgm	TimeTabling	wcsp	107448	domain1	yes	27514349
evalgm/WPMS/TimeTabling/comp10.wcsp	evalgm	TimeTabling	wcsp	149513	domain1	yes	53141915
evalgm/WPMS/TimeTabling/comp12.wcsp	evalgm	TimeTabling	wcsp	83492	domain1	yes	20170639
evalgm/WPMS/TimeTabling/comp13.wcsp	evalgm	TimeTabling	wcsp	113012	domain1	yes	28577143
evalgm/WPMS/TimeTabling/comp14.wcsp	evalgm	TimeTabling	wcsp	114680	domain1	yes	30671049
evalgm/WPMS/TimeTabling/comp15.wcsp	evalgm	TimeTabling	wcsp	74178	domain1	yes	20218749
evalgm/WPMS/TimeTabling/comp16.wcsp	evalgm	TimeTabling	wcsp	150222	domain1	yes	54775143
evalgm/WPMS/TimeTabling/comp17.wcsp	evalgm	TimeTabling	wcsp	146057	domain1	yes	42079377
evalgm/WPMS/TimeTabling/comp18.wcsp	evalgm	TimeTabling	wcsp	41185	domain1	yes	7540757
evalgm/WPMS/TimeTabling/comp19.wcsp	evalgm	TimeTabling	wcsp	110890	domain1	yes	24845823
evalgm/WPMS/TimeTabling/comp20.wcsp	evalgm	TimeTabling	wcsp	118188	domain1	yes	50392759
evalgm/WPMS/TimeTabling/comp21.wcsp	evalgm	TimeTabling	wcsp	131373	domain1	yes	40666261
evalgm/WPMS/TimeTabling/dds1.wcsp	evalgm	TimeTabling	wcsp	903884	domain1	yes	134154273
evalgm/WPMS/TimeTabling/test1.wcsp	evalgm	TimeTabling	wcsp	21022	domain1	yes	7726088
evalgm/WPMS/TimeTabling/test2.wcsp	evalgm	TimeTabling	wcsp	36375	domain1	yes	9292609
evalgm/WPMS/TimeTabling/test3.wcsp	evalgm	TimeTabling	wcsp	65415	domain1	yes	13078396
evalgm/WPMS/TimeTabling/test4.wcsp	evalgm	TimeTabling	wcsp	69420	domain1	yes	13908403
evalgm/WPMS/Upgradeability/mancoosi-test-i1000d0u98-0.wcsp	evalgm	Upgradeability	wcsp	18169	boolean	yes	5567550
evalgm/WPMS/Upgradeability/mancoosi-test-i1000d0u98-10.wcsp	evalgm	Upgradeability	wcsp	18169	boolean	yes	5567550
evalgm/WPMS/Upgradeability/mancoosi-test-i1000d0u98-11.wcsp	evalgm	Upgradeability	wcsp	18169	boolean	yes	5567550
evalgm/WPMS/Upgradeability/mancoosi-test-i1000d0u98-12.wcsp	evalgm	Upgradeability	wcsp	18169	boolean	yes	5567550
evalgm/WPMS/Upgradeability/mancoosi-test-i1000d0u98-13.wcsp	evalgm	Upgradeability	wcsp	18169	boolean	yes	5567550
evalgm/WPMS/Upgradeability/mancoosi-test-i1000d0u98-14.wcsp	evalgm	Upgradeability	wcsp	18169	boolean	yes	5567550
evalgm/WPMS/Upgradeability/mancoosi-test-i1000d0u98-15.wcsp	evalgm	Upgradeability	wcsp	18169	boolean	yes	5567550
evalgm/WPMS/Upgradeability/mancoosi-test-i1000d0u98-16.wcsp	evalgm	Upgradeability	wcsp	18169	boolean	yes	5567550
evalgm/WPMS/Upgradeability/mancoosi-test-i1000d0u98-17.wcsp	evalgm	Upgradeability	wcsp	18169	boolean	yes	5567550
evalgm/WPMS/Upgradeability/mancoosi-test-i1000d0u98-18.wcsp	evalgm	Upgradeability	wcsp	18169	boolean	yes	5567550
evalgm/WPMS/Upgradeability/mancoosi-test-i1000d0u98-19.wcsp	evalgm	Upgradeability	wcsp	18169	boolean	yes	5567550
evalgm/WPMS/Upgradeability/mancoosi-test-i1000d0u98-1.wcsp	evalgm	Upgradeability	wcsp	18169	boolean	yes	5567550
evalgm/WPMS/Upgradeability/mancoosi-test-i1000d0u98-20.wcsp	evalgm	Upgradeability	wcsp	18169	boolean	yes	5567550
evalgm/WPMS/Upgradeability/mancoosi-test-i1000d0u98-21.wcsp	evalgm	Upgradeability	wcsp	18169	boolean	yes	5567550
evalgm/WPMS/Upgradeability/mancoosi-test-i1000d0u98-22.wcsp	evalgm	Upgradeability	wcsp	18169	boolean	yes	5567550
evalgm/WPMS/Upgradeability/mancoosi-test-i1000d0u98-23.wcsp	evalgm	Upgradeability	wcsp	18169	boolean	yes	5567550
evalgm/WPMS/Upgradeability/mancoosi-test-i1000d0u98-24.wcsp	evalgm	Upgradeability	wcsp	18169	boolean	yes	5567550
evalgm/WPMS/Upgradeability/mancoosi-test-i1000d0u98-2.wcsp	evalgm	Upgradeability	wcsp	18169	boolean	yes	5567550
evalgm/WPMS/Upgradeability/mancoosi-test-i1000d0u98-3.wcsp	evalgm	Upgradeability	wcsp	18169	boolean	yes	5567550
evalgm/WPMS/Upgradeability/mancoosi-test-i1000d0u98-4.wcsp	evalgm	Upgradeability	wcsp	18169	boolean	yes	5567550
evalgm/WPMS/Upgradeability/mancoosi-test-i1000d0u98-5.wcsp	evalgm	Upgradeability	wcsp	18169	boolean	yes	5567550
evalgm/WPMS/Upgradeability/mancoosi-test-i1000d0u98-6.wcsp	evalgm	Upgradeability	wcsp	18169	boolean	yes	5567550
evalgm/WPMS/Upgradeability/mancoosi-test-i1000d0u98-7.wcsp	evalgm	Upgradeability	wcsp	18169	boolean	yes	5567550
evalgm/WPMS/Upgradeability/mancoosi-test-i1000d0u98-8.wcsp	evalgm	Upgradeability	wcsp	18169	boolean	yes	5567550
evalgm/WPMS/Upgradeability/mancoosi-test-i1000d0u98-9.wcsp	evalgm	Upgradeability	wcsp	18169	boolean	yes	5567550
evalgm/WPMS/Upgradeability/mancoosi-test-i2000d0u98-25.wcsp	evalgm	Upgradeability	wcsp	18169	boolean	yes	5574550
evalgm/WPMS/Upgradeability/mancoosi-test-i2000d0u98-26.wcsp	evalgm	Upgradeability	wcsp	18169	boolean	yes	5574550
evalgm/WPMS/Upgradeability/mancoosi-test-i2000d0u98-27.wcsp	evalgm	Upgradeability	wcsp	18169	boolean	yes	5574550
evalgm/WPMS/Upgradeability/mancoosi-test-i2000d0u98-28.wcsp	evalgm	Upgradeability	wcsp	18169	boolean	yes	5574550
evalgm/WPMS/Upgradeability/mancoosi-test-i2000d0u98-29.wcsp	evalgm	Upgradeability	wcsp	18169	boolean	yes	5574550
evalgm/WPMS/Upgradeability/mancoosi-test-i2000d0u98-30.wcsp	evalgm	Upgradeability	wcsp	18169	boolean	yes	5574550
evalgm/WPMS/Upgradeability/mancoosi-test-i2000d0u98-31.wcsp	evalgm	Upgradeability	wcsp	18169	boolean	yes	5574550
evalgm/WPMS/Upgradeability/mancoosi-test-i2000d0u98-32.wcsp	evalgm	Upgradeability	wcsp	18169	boolean	yes	5574550
evalgm/WPMS/Upgradeability/mancoosi-test-i2000d0u98-33.wcsp	evalgm	Upgradeability	wcsp	18169	boolean	yes	5574550
evalgm/WPMS/Upgradeability/mancoosi-test-i2000d0u98-34.wcsp	evalgm	Upgradeability	wcsp	18169	boolean	yes	5574550
evalgm/WPMS/Upgradeability/mancoosi-test-i2000d0u98-35.wcsp	evalgm	Upgradeability	wcsp	18169	boolean	yes	5574550
evalgm/WPMS/Upgradeability/mancoosi-test-i2000d0u98-36.wcsp	evalgm	Upgradeability	wcsp	18169	boolean	yes	5574550
evalgm/WPMS/Upgradeability/mancoosi-test-i2000d0u98-37.wcsp	evalgm	Upgradeability	wcsp	18169	boolean	yes	5574550
evalgm/WPMS/Upgradeability/mancoosi-test-i2000d0u98-38.wcsp	evalgm	Upgradeability	wcsp	18169	boolean	yes	5574550
evalgm/WPMS/Upgradeability/mancoosi-test-i2000d0u98-39.wcsp	evalgm	Upgradeability	wcsp	18169	boolean	yes	5574550
evalgm/WPMS/Upgradeability/mancoosi-test-i2000d0u98-40.wcsp	evalgm	Upgradeability	wcsp	18169	boolean	yes	5574550
evalgm/WPMS/Upgradeability/mancoosi-test-i2000d0u98-41.wcsp	evalgm	Upgradeability	wcsp	18169	boolean	yes	5574550
evalgm/WPMS/Upgradeability/mancoosi-test-i2000d0u98-42.wcsp	evalgm	Upgradeability	wcsp	18169	boolean	yes	5574550
evalgm/WPMS/Upgradeability/mancoosi-test-i2000d0u98-43.wcsp	evalgm	Upgradeability	wcsp	18169	boolean	yes	5574550
evalgm/WPMS/Upgradeability/mancoosi-test-i2000d0u98-44.wcsp	evalgm	Upgradeability	wcsp	18169	boolean	yes	5574550
evalgm/WPMS/Upgradeability/mancoosi-test-i2000d0u98-45.wcsp	evalgm	Upgradeability	wcsp	18169	boolean	yes	5574550
evalgm/WPMS/Upgradeability/mancoosi-test-i2000d0u98-46.wcsp	evalgm	Upgradeability	wcsp	18169	boolean	yes	5574550
evalgm/WPMS/Upgradeability/mancoosi-test-i2000d0u98-47.wcsp	evalgm	Upgradeability	wcsp	18169	boolean	yes	5574550
evalgm/WPMS/Upgradeability/mancoosi-test-i2000d0u98-48.wcsp	evalgm	Upgradeability	wcsp	18169	boolean	yes	5574550
evalgm/WPMS/Upgradeability/mancoosi-test-i2000d0u98-49.wcsp	evalgm	Upgradeability	wcsp	18169	boolean	yes	5574550
evalgm/WPMS/Upgradeability/mancoosi-test-i3000d0u98-50.wcsp	evalgm	Upgradeability	wcsp	18169	boolean	yes	5581583
evalgm/WPMS/Upgradeability/mancoosi-test-i3000d0u98-51.wcsp	evalgm	Upgradeability	wcsp	18169	boolean	yes	5581583
evalgm/WPMS/Upgradeability/mancoosi-test-i3000d0u98-52.wcsp	evalgm	Upgradeability	wcsp	18169	boolean	yes	5581583
evalgm/WPMS/Upgradeability/mancoosi-test-i3000d0u98-53.wcsp	evalgm	Upgradeability	wcsp	18169	boolean	yes	5581583
evalgm/WPMS/Upgradeability/mancoosi-test-i3000d0u98-54.wcsp	evalgm	Upgradeability	wcsp	18169	boolean	yes	5581583
evalgm/WPMS/Upgradeability/mancoosi-test-i3000d0u98-55.wcsp	evalgm	Upgradeability	wcsp	18169	boolean	yes	5581583
evalgm/WPMS/Upgradeability/mancoosi-test-i3000d0u98-56.wcsp	evalgm	Upgradeability	wcsp	18169	boolean	yes	5581583
evalgm/WPMS/Upgradeability/mancoosi-test-i3000d0u98-57.wcsp	evalgm	Upgradeability	wcsp	18169	boolean	yes	5581583
evalgm/WPMS/Upgradeability/mancoosi-test-i3000d0u98-58.wcsp	evalgm	Upgradeability	wcsp	18169	boolean	yes	5581583
evalgm/WPMS/Upgradeability/mancoosi-test-i3000d0u98-59.wcsp	evalgm	Upgradeability	wcsp	18169	boolean	yes	5581583
evalgm/WPMS/Upgradeability/mancoosi-test-i3000d0u98-60.wcsp	evalgm	Upgradeability	wcsp	18169	boolean	yes	5581583
evalgm/WPMS/Upgradeability/mancoosi-test-i3000d0u98-61.wcsp	evalgm	Upgradeability	wcsp	18169	boolean	yes	5581583
evalgm/WPMS/Upgradeability/mancoosi-test-i3000d0u98-62.wcsp	evalgm	Upgradeability	wcsp	18169	boolean	yes	5581583
evalgm/WPMS/Upgradeability/mancoosi-test-i3000d0u98-63.wcsp	evalgm	Upgradeability	wcsp	18169	boolean	yes	5581583
evalgm/WPMS/Upgradeability/mancoosi-test-i3000d0u98-64.wcsp	evalgm	Upgradeability	wcsp	18169	boolean	yes	5581583
evalgm/WPMS/Upgradeability/mancoosi-test-i3000d0u98-65.wcsp	evalgm	Upgradeability	wcsp	18169	boolean	yes	5581583
evalgm/WPMS/Upgradeability/mancoosi-test-i3000d0u98-66.wcsp	evalgm	Upgradeability	wcsp	18169	boolean	yes	5581583
evalgm/WPMS/Upgradeability/mancoosi-test-i3000d0u98-67.wcsp	evalgm	Upgradeability	wcsp	18169	boolean	yes	5581583
evalgm/WPMS/Upgradeability/mancoosi-test-i3000d0u98-68.wcsp	evalgm	Upgradeability	wcsp	18169	boolean	yes	5581583
evalgm/WPMS/Upgradeability/mancoosi-test-i3000d0u98-69.wcsp	evalgm	Upgradeability	wcsp	18169	boolean	yes	5581583
evalgm/WPMS/Upgradeability/mancoosi-test-i3000d0u98-70.wcsp	evalgm	Upgradeability	wcsp	18169	boolean	yes	5581583
evalgm/WPMS/Upgradeability/mancoosi-test-i3000d0u98-71.wcsp	evalgm	Upgradeability	wcsp	18169	boolean	yes	5581583
evalgm/WPMS/Upgradeability/mancoosi-test-i3000d0u98-72.wcsp	evalgm	Upgradeability	wcsp	18169	boolean	yes	5581583
evalgm/WPMS/Upgradeability/mancoosi-test-i3000d0u98-73.wcsp	evalgm	Upgradeability	wcsp	18169	boolean	yes	5581583
evalgm/WPMS/Upgradeability/mancoosi-test-i3000d0u98-74.wcsp	evalgm	Upgradeability	wcsp	18169	boolean	yes	5581583
evalgm/WPMS/Upgradeability/mancoosi-test-i4000d0u98-75.wcsp	evalgm	Upgradeability	wcsp	18169	boolean	yes	5594131
evalgm/WPMS/Upgradeability/mancoosi-test-i4000d0u98-76.wcsp	evalgm	Upgradeability	wcsp	18169	boolean	yes	5594131
evalgm/WPMS/Upgradeability/mancoosi-test-i4000d0u98-77.wcsp	evalgm	Upgradeability	wcsp	18169	boolean	yes	5594131
evalgm/WPMS/Upgradeability/mancoosi-test-i4000d0u98-78.wcsp	evalgm	Upgradeability	wcsp	18169	boolean	yes	5594131
evalgm/WPMS/Upgradeability/mancoosi-test-i4000d0u98-79.wcsp	evalgm	Upgradeability	wcsp	18169	boolean	yes	5594131
evalgm/WPMS/Upgradeability/mancoosi-test-i4000d0u98-80.wcsp	evalgm	Upgradeability	wcsp	18169	boolean	yes	5594131
evalgm/WPMS/Upgradeability/mancoosi-test-i4000d0u98-81.wcsp	evalgm	Upgradeability	wcsp	18169	boolean	yes	5594131
evalgm/WPMS/Upgradeability/mancoosi-test-i4000d0u98-82.wcsp	evalgm	Upgradeability	wcsp	18169	boolean	yes	5594131
evalgm/WPMS/Upgradeability/mancoosi-test-i4000d0u98-83.wcsp	evalgm	Upgradeability	wcsp	18169	boolean	yes	5594131
evalgm/WPMS/Upgradeability/mancoosi-test-i4000d0u98-84.wcsp	evalgm	Upgradeability	wcsp	18169	boolean	yes	5594131
evalgm/WPMS/Upgradeability/mancoosi-test-i4000d0u98-85.wcsp	evalgm	Upgradeability	wcsp	18169	boolean	yes	5594131
evalgm/WPMS/Upgradeability/mancoosi-test-i4000d0u98-86.wcsp	evalgm	Upgradeability	wcsp	18169	boolean	yes	5594131
evalgm/WPMS/Upgradeability/mancoosi-test-i4000d0u98-87.wcsp	evalgm	Upgradeability	wcsp	18169	boolean	yes	5594131
evalgm/WPMS/Upgradeability/mancoosi-test-i4000d0u98-88.wcsp	evalgm	Upgradeability	wcsp	18169	boolean	yes	5594131
evalgm/WPMS/Upgradeability/mancoosi-test-i4000d0u98-89.wcsp	evalgm	Upgradeability	wcsp	18169	boolean	yes	5594131
evalgm/WPMS/Upgradeability/mancoosi-test-i4000d0u98-90.wcsp	evalgm	Upgradeability	wcsp	18169	boolean	yes	5594131
evalgm/WPMS/Upgradeability/mancoosi-test-i4000d0u98-91.wcsp	evalgm	Upgradeability	wcsp	18169	boolean	yes	5594131
evalgm/WPMS/Upgradeability/mancoosi-test-i4000d0u98-92.wcsp	evalgm	Upgradeability	wcsp	18169	boolean	yes	5594131
evalgm/WPMS/Upgradeability/mancoosi-test-i4000d0u98-93.wcsp	evalgm	Upgradeability	wcsp	18169	boolean	yes	5594131
evalgm/WPMS/Upgradeability/mancoosi-test-i4000d0u98-94.wcsp	evalgm	Upgradeability	wcsp	18169	boolean	yes	5594131
evalgm/WPMS/Upgradeability/mancoosi-test-i4000d0u98-95.wcsp	evalgm	Upgradeability	wcsp	18169	boolean	yes	5594131
evalgm/WPMS/Upgradeability/mancoosi-test-i4000d0u98-96.wcsp	evalgm	Upgradeability	wcsp	18169	boolean	yes	5594131
evalgm/WPMS/Upgradeability/mancoosi-test-i4000d0u98-97.wcsp	evalgm	Upgradeability	wcsp	18169	boolean	yes	5594131
evalgm/WPMS/Upgradeability/mancoosi-test-i4000d0u98-98.wcsp	evalgm	Upgradeability	wcsp	18169	boolean	yes	5594131
evalgm/WPMS/Upgradeability/mancoosi-test-i4000d0u98-99.wcsp	evalgm	Upgradeability	wcsp	18169	boolean	yes	5594131
uai/MMAP/Grids_18.uai	uai	MMAP	uai	1600	boolean	yes	189916
uai/MMAP/Grids_19.uai	uai	MMAP	uai	1600	boolean	yes	180020
uai/MMAP/Grids_20.uai	uai	MMAP	uai	6400	boolean	yes	729179
uai/MMAP/Grids_21.uai	uai	MMAP	uai	1600	boolean	yes	198564
uai/MMAP/Grids_22.uai	uai	MMAP	uai	1600	boolean	yes	183872
uai/MMAP/Grids_23.uai	uai	MMAP	uai	1600	boolean	yes	180352
uai/MMAP/Grids_24.uai	uai	MMAP	uai	1600	boolean	yes	194390
uai/MMAP/Grids_25.uai	uai	MMAP	uai	1600	boolean	yes	176408
uai/MMAP/Grids_26.uai	uai	MMAP	uai	400	boolean	yes	46128
uai/MMAP/Grids_27.uai	uai	MMAP	uai	1600	boolean	yes	185960
uai/MMAP/Grids_28.uai	uai	MMAP	uai	400	boolean	yes	48244
uai/MMAP/Grids_29.uai	uai	MMAP	uai	400	boolean	yes	44754
uai/MMAP/Grids_30.uai	uai	MMAP	uai	400	boolean	yes	44368
uai/MMAP/ImageAlignment_11.uai	uai	MMAP	uai	350	multi	no	48133327
uai/MMAP/ImageAlignment_12.uai	uai	MMAP	uai	30	multi	no	1953712
uai/MMAP/ImageAlignment_13.uai	uai	MMAP	uai	400	multi	no	64262877
uai/MMAP/ImageAlignment_14.uai	uai	MMAP	uai	200	multi	no	15356507
uai/MMAP/ImageAlignment_15.uai	uai	MMAP	uai	300	multi	no	28775581
uai/MMAP/ObjectDetection_11.uai	uai	MMAP	uai	60	multi	no	1639861
uai/MMAP/ObjectDetection_12.uai	uai	MMAP	uai	60	multi	no	3613270
uai/MMAP/ObjectDetection_13.uai	uai	MMAP	uai	60	multi	no	6398505
uai/MMAP/ObjectDetection_14.uai	uai	MMAP	uai	60	multi	no	1695491
uai/MMAP/ObjectDetection_15.uai	uai	MMAP	uai	60	multi	no	3750723
uai/MMAP/ObjectDetection_16.uai	uai	MMAP	uai	60	multi	no	6617847
uai/MMAP/ObjectDetection_17.uai	uai	MMAP	uai	60	multi	no	1623291
uai/MMAP/ObjectDetection_18.uai	uai	MMAP	uai	60	multi	no	3589961
uai/MMAP/Promedas_11.uai	uai	MMAP	uai	2133	boolean	yes	261178
uai/MMAP/Promedas_12.uai	uai	MMAP	uai	1766	boolean	yes	211523
uai/MMAP/Promedas_13.uai	uai	MMAP	uai	2023	boolean	yes	242739
uai/MMAP/Promedas_14.uai	uai	MMAP	uai	1863	boolean	yes	225336
uai/MMAP/Promedas_15.uai	uai	MMAP	uai	2052	boolean	yes	251664
uai/MMAP/Promedas_16.uai	uai	MMAP	uai	1713	boolean	yes	200782
uai/MMAP/Promedas_17.uai	uai	MMAP	uai	1583	boolean	yes	180984
uai/MMAP/Promedas_18.uai	uai	MMAP	uai	1715	boolean	yes	203749
uai/MMAP/Promedas_19.uai	uai	MMAP	uai	1876	boolean	yes	219910
uai/MMAP/Promedas_20.uai	uai	MMAP	uai	1927	boolean	yes	232150
uai/MMAP/Promedas_21.uai	uai	MMAP	uai	1702	boolean	yes	197812
uai/MMAP/Promedas_22.uai	uai	MMAP	uai	1664	boolean	yes	199155
uai/MMAP/Promedas_23.uai	uai	MMAP	uai	1700	boolean	yes	205972
uai/MMAP/Promedas_24.uai	uai	MMAP	uai	1426	boolean	yes	162485
uai/MMAP/Promedas_25.uai	uai	MMAP	uai	1478	boolean	yes	169784
uai/MMAP/Promedas_26.uai	uai	MMAP	uai	1564	boolean	yes	180569
uai/MMAP/Promedas_27.uai	uai	MMAP	uai	1374	boolean	yes	154611
uai/MMAP/Promedas_28.uai	uai	MMAP	uai	1268	boolean	yes	143083
uai/MMAP/Promedas_29.uai	uai	MMAP	uai	1227	boolean	yes	144811
uai/MMAP/Promedas_30.uai	uai	MMAP	uai	1171	boolean	yes	138563
uai/MMAP/Promedas_31.uai	uai	MMAP	uai	1277	boolean	yes	154018
uai/MMAP/Promedas_32.uai	uai	MMAP	uai	1274	boolean	yes	150621
uai/MMAP/Promedas_33.uai	uai	MMAP	uai	1174	boolean	yes	133495
uai/MMAP/Promedas_34.uai	uai	MMAP	uai	1083	boolean	yes	127416
uai/MMAP/Promedas_35.uai	uai	MMAP	uai	1021	boolean	yes	118138
uai/MMAP/Promedas_36.uai	uai	MMAP	uai	1054	boolean	yes	123058
uai/MMAP/Promedas_37.uai	uai	MMAP	uai	1154	boolean	yes	135116
uai/MMAP/Promedas_38.uai	uai	MMAP	uai	1086	boolean	yes	123551
uai/MMAP/Promedas_39.uai	uai	MMAP	uai	1356	boolean	yes	155479
uai/MMAP/Promedas_40.uai	uai	MMAP	uai	1203	boolean	yes	134231
uai/MMAP/Promedas_41.uai	uai	MMAP	uai	943	boolean	yes	108380
uai/MMAP/Promedas_42.uai	uai	MMAP	uai	915	boolean	yes	108271
uai/MMAP/Promedas_43.uai	uai	MMAP	uai	928	boolean	yes	101849
uai/MMAP/Promedas_44.uai	uai	MMAP	uai	999	boolean	yes	113679
uai/MMAP/Promedas_45.uai	uai	MMAP	uai	750	boolean	yes	87875
uai/MMAP/Promedas_46.uai	uai	MMAP	uai	926	boolean	yes	102971
uai/MMAP/Promedas_47.uai	uai	MMAP	uai	811	boolean	yes	93778
uai/MMAP/Promedas_48.uai	uai	MMAP	uai	855	boolean	yes	102532
uai/MMAP/Promedas_49.uai	uai	MMAP	uai	770	boolean	yes	89464
uai/MMAP/Promedas_50.uai	uai	MMAP	uai	938	boolean	yes	108355
uai/MMAP/Promedas_51.uai	uai	MMAP	uai	859	boolean	yes	94764
uai/MMAP/Promedas_52.uai	uai	MMAP	uai	731	boolean	yes	85127
uai/MMAP/Promedas_53.uai	uai	MMAP	uai	748	boolean	yes	88940
uai/MMAP/Promedas_54.uai	uai	MMAP	uai	1163	boolean	yes	129143
uai/MMAP/Promedas_55.uai	uai	MMAP	uai	782	boolean	yes	88098
uai/MMAP/Promedas_56.uai	uai	MMAP	uai	752	boolean	yes	86748
uai/MMAP/Promedas_57.uai	uai	MMAP	uai	744	boolean	yes	85922
uai/MMAP/Promedas_58.uai	uai	MMAP	uai	1050	boolean	yes	115057
uai/MMAP/Promedas_59.uai	uai	MMAP	uai	794	boolean	yes	89927
uai/MMAP/Promedas_60.uai	uai	MMAP	uai	1076	boolean	yes	115144
uai/MMAP/Promedas_61.uai	uai	MMAP	uai	668	boolean	yes	77777
uai/MMAP/Promedas_62.uai	uai	MMAP	uai	639	boolean	yes	74320
uai/MMAP/Promedas_63.uai	uai	MMAP	uai	685	boolean	yes	81057
uai/MMAP/Promedas_64.uai	uai	MMAP	uai	624	boolean	yes	72311
uai/MMAP/Promedas_65.uai	uai	MMAP	uai	841	boolean	yes	91339
uai/MMAP/Promedas_66.uai	uai	MMAP	uai	725	boolean	yes	82453
uai/MMAP/Promedas_67.uai	uai	MMAP	uai	830	boolean	yes	94224
uai/MMAP/Promedas_68.uai	uai	MMAP	uai	1022	boolean	yes	109977
uai/MMAP/Promedas_69.uai	uai	MMAP	uai	612	boolean	yes	69515
uai/MMAP/Promedas_70.uai	uai	MMAP	uai	534	boolean	yes	58751
uai/MMAP/Promedas_71.uai	uai	MMAP	uai	613	boolean	yes	72828
uai/MMAP/ProteinFolding_11.uai	uai	MMAP	uai	400	boolean	yes	46384
uai/MMAP/ProteinFolding_12.uai	uai	MMAP	uai	250	multi	no	17876163
uai/MMAP/ProteinFolding_13.uai	uai	MMAP	uai	100	multi	no	7509759
uai/MMAP/ProteinFolding_14.uai	uai	MMAP	uai	80	multi	no	5154151
uai/MMAP/ProteinFolding_15.uai	uai	MMAP	uai	50	multi	no	3068912
uai/MMAP/ProteinFolding_16.uai	uai	MMAP	uai	150	multi	no	9585415
uai/MMAP/ProteinFolding_17.uai	uai	MMAP	uai	60	multi	no	4007632
uai/MMAP/ProteinFolding_18.uai	uai	MMAP	uai	60	multi	no	7046585
uai/MMAP/ProteinFolding_19.uai	uai	MMAP	uai	60	multi	no	1547517
uai/MMAP/ProteinFolding_20.uai	uai	MMAP	uai	60	multi	no	3435878
uai/MMAP/ProteinFolding_21.uai	uai	MMAP	uai	60	multi	no	6104911
uai/MMAP/ProteinFolding_22.uai	uai	MMAP	uai	60	multi	no	6315586
uai/MMAP/ProteinFolding_23.uai	uai	MMAP	uai	60	multi	no	1634956
uai/MMAP/ProteinFolding_24.uai	uai	MMAP	uai	60	multi	no	3589026
uai/MMAP/ProteinFolding_25.uai	uai	MMAP	uai	60	multi	no	6335479
uai/MMAP/Segmentation_11.uai	uai	MMAP	uai	228	multi	no	2500797
uai/MMAP/Segmentation_12.uai	uai	MMAP	uai	231	boolean	yes	30464
uai/MMAP/Segmentation_13.uai	uai	MMAP	uai	225	boolean	yes	29545
uai/MMAP/Segmentation_14.uai	uai	MMAP	uai	231	boolean	yes	30792
uai/MMAP/Segmentation_15.uai	uai	MMAP	uai	229	multi	no	2495230
uai/MMAP/Segmentation_16.uai	uai	MMAP	uai	228	boolean	yes	29830
uai/MMAP/Segmentation_17.uai	uai	MMAP	uai	225	multi	no	2455164
uai/MMAP/Segmentation_18.uai	uai	MMAP	uai	235	boolean	yes	31491
uai/MMAP/Segmentation_19.uai	uai	MMAP	uai	228	boolean	yes	30370
uai/MMAP/Segmentation_20.uai	uai	MMAP	uai	232	multi	no	2545314
uai/MMAP/wcsp_11.uai	uai	MMAP	uai	230	multi	no	269150
uai/MMAP/wcsp_12.uai	uai	MMAP	uai	311	multi	no	571195
uai/MMAP/wcsp_13.uai	uai	MMAP	uai	179	multi	no	731539
uai/MMAP/wcsp_14.uai	uai	MMAP	uai	301	multi	no	2091103
uai/MMAP/wcsp_15.uai	uai	MMAP	uai	125	multi	no	65218
uai/MMAP/wcsp_16.uai	uai	MMAP	uai	200	multi	no	21113606
uai/MMAP/wcsp_17.uai	uai	MMAP	uai	340	multi	no	37045829
uai/MMAP/wcsp_18.uai	uai	MMAP	uai	239	multi	no	6453375
uai/PR/2bitadd_11.cnf.uai	uai	PR	uai	649	boolean	yes	140462
uai/PR/2bitcomp_5.cnf.uai	uai	PR	uai	125	boolean	yes	8455
uai/PR/2bitmax_6.cnf.uai	uai	PR	uai	252	boolean	yes	21719
uai/PR/Alchemy_11.uai	uai	PR	uai	440	boolean	yes	49197
uai/PR/BN_69.uai	uai	PR	uai	777	multi	no	2882174
uai/PR/BN_70.uai	uai	PR	uai	2315	multi	no	4339071
uai/PR/BN_71.uai	uai	PR	uai	1740	multi	no	3727898
uai/PR/BN_72.uai	uai	PR	uai	2155	multi	no	4628153
uai/PR/BN_73.uai	uai	PR	uai	2140	multi	no	4610051
uai/PR/BN_74.uai	uai	PR	uai	749	multi	no	1792416
uai/PR/BN_75.uai	uai	PR	uai	1820	multi	no	3751865
uai/PR/BN_76.uai	uai	PR	uai	2155	multi	no	5747083
uai/PR/c1908.isc.cnf.uai	uai	PR	uai	751	boolean	yes	58663
uai/PR/c432.isc.cnf.uai	uai	PR	uai	196	boolean	yes	20173
uai/PR/c880.isc.cnf.uai	uai	PR	uai	417	boolean	yes	26089
uai/PR/CSP_11.uai	uai	PR	uai	82	multi	no	20949
uai/PR/CSP_12.uai	uai	PR	uai	67	multi	no	15311
uai/PR/CSP_13.uai	uai	PR	uai	100	multi	no	29824
uai/PR/DBN_11.uai	uai	PR	uai	40	boolean	yes	20616
uai/PR/DBN_12.uai	uai	PR	uai	42	boolean	yes	22685
uai/PR/DBN_13.uai	uai	PR	uai	44	boolean	yes	24838
uai/PR/DBN_14.uai	uai	PR	uai	40	boolean	yes	20622
uai/PR/DBN_15.uai	uai	PR	uai	42	boolean	yes	22691
uai/PR/DBN_16.uai	uai	PR	uai	44	boolean	yes	24854
uai/PR/grid10x10.f10.uai	uai	PR	uai	100	boolean	yes	10323
uai/PR/Grids_11.uai	uai	PR	uai	100	boolean	yes	10798
uai/PR/Grids_12.uai	uai	PR	uai	100	boolean	yes	10323
uai/PR/Grids_13.uai	uai	PR	uai	100	boolean	yes	11166
uai/PR/Grids_14.uai	uai	PR	uai	100	boolean	yes	11672
uai/PR/Grids_15.uai	uai	PR	uai	400	boolean	yes	42162
uai/PR/Grids_16.uai	uai	PR	uai	400	boolean	yes	43086
uai/PR/Grids_17.uai	uai	PR	uai	400	boolean	yes	44368
uai/PR/Grids_18.uai	uai	PR	uai	400	boolean	yes	46384
uai/PR/linkage_11.uai	uai	PR	uai	1077	multi	no	95977
uai/PR/linkage_12.uai	uai	PR	uai	1183	multi	no	181407
uai/PR/linkage_13.uai	uai	PR	uai	1062	multi	no	146094
uai/PR/linkage_14.uai	uai	PR	uai	448	multi	no	89166
uai/PR/linkage_15.uai	uai	PR	uai	1152	multi	no	121373
uai/PR/linkage_16.uai	uai	PR	uai	402	multi	no	54349
uai/PR/linkage_17.uai	uai	PR	uai	1068	multi	no	99362
uai/PR/linkage_18.uai	uai	PR	uai	1118	multi	no	167047
uai/PR/linkage_19.uai	uai	PR	uai	793	multi	no	165850
uai/PR/linkage_20.uai	uai	PR	uai	1160	multi	no	117432
uai/PR/linkage_21.uai	uai	PR	uai	437	multi	no	70623
uai/PR/linkage_22.uai	uai	PR	uai	798	multi	no	77228
uai/PR/linkage_23.uai	uai	PR	uai	1032	multi	no	95679
uai/PR/linkage_24.uai	uai	PR	uai	1289	multi	no	144710
uai/PR/linkage_25.uai	uai	PR	uai	1030	multi	no	206068
uai/PR/linkage_26.uai	uai	PR	uai	1289	multi	no	123474
uai/PR/linkage_27.uai	uai	PR	uai	811	multi	no	102507
uai/PR/log-1.cnf.uai	uai	PR	uai	939	boolean	yes	79858
uai/PR/log-2.cnf.uai	uai	PR	uai	1337	boolean	yes	511196
uai/PR/log-3.cnf.uai	uai	PR	uai	1413	boolean	yes	607495
uai/PR/log-4.cnf.uai	uai	PR	uai	2303	boolean	yes	454030
uai/PR/log-5.cnf.uai	uai	PR	uai	2701	boolean	yes	648043
uai/PR/logistics.a.cnf.uai	uai	PR	uai	828	boolean	yes	360270
uai/PR/logistics.b.cnf.uai	uai	PR	uai	843	boolean	yes	1214984
uai/PR/logistics.c.cnf.uai	uai	PR	uai	1141	boolean	yes	1849632
uai/PR/ObjectDetection_11.uai	uai	PR	uai	60	multi	no	137302
uai/PR/ObjectDetection_12.uai	uai	PR	uai	60	multi	no	269586
uai/PR/ObjectDetection_13.uai	uai	PR	uai	60	multi	no	295605
uai/PR/ObjectDetection_14.uai	uai	PR	uai	60	multi	no	468627
uai/PR/ObjectDetection_15.uai	uai	PR	uai	60	multi	no	422488
uai/PR/ObjectDetection_16.uai	uai	PR	uai	60	multi	no	294815
uai/PR/ObjectDetection_17.uai	uai	PR	uai	60	multi	no	468816
uai/PR/ObjectDetection_18.uai	uai	PR	uai	60	multi	no	270436
uai/PR/ObjectDetection_19.uai	uai	PR	uai	60	multi	no	296738
uai/PR/ObjectDetection_20.uai	uai	PR	uai	60	multi	no	470380
uai/PR/ObjectDetection_21.uai	uai	PR	uai	60	multi	no	423183
uai/PR/ObjectDetection_22.uai	uai	PR	uai	60	multi	no	136987
uai/PR/ObjectDetection_23.uai	uai	PR	uai	60	multi	no	295738
uai/PR/ObjectDetection_24.uai	uai	PR	uai	60	multi	no	469930
uai/PR/ObjectDetection_25.uai	uai	PR	uai	60	multi	no	423790
uai/PR/ObjectDetection_26.uai	uai	PR	uai	60	multi	no	288187
uai/PR/ObjectDetection_27.uai	uai	PR	uai	60	multi	no	459398
uai/PR/ObjectDetection_28.uai	uai	PR	uai	60	multi	no	119943
uai/PR/ObjectDetection_29.uai	uai	PR	uai	60	multi	no	234225
uai/PR/ObjectDetection_30.uai	uai	PR	uai	60	multi	no	136049
uai/PR/ObjectDetection_31.uai	uai	PR	uai	60	multi	no	266733
uai/PR/ObjectDetection_32.uai	uai	PR	uai	60	multi	no	241316
uai/PR/ObjectDetection_33.uai	uai	PR	uai	60	multi	no	419513
uai/PR/ObjectDetection_34.uai	uai	PR	uai	60	multi	no	121585
uai/PR/ObjectDetection_35.uai	uai	PR	uai	60	multi	no	133032
uai/PR/ObjectDetection_36.uai	uai	PR	uai	60	multi	no	262084
uai/PR/ObjectDetection_37.uai	uai	PR	uai	60	multi	no	412808
uai/PR/ObjectDetection_38.uai	uai	PR	uai	60	multi	no	136961
uai/PR/ObjectDetection_39.uai	uai	PR	uai	60	multi	no	269382
uai/PR/ObjectDetection_40.uai	uai	PR	uai	60	multi	no	243808
uai/PR/ObjectDetection_41.uai	uai	PR	uai	60	multi	no	424190
uai/PR/ObjectDetection_42.uai	uai	PR	uai	60	multi	no	133446
uai/PR/ObjectDetection_43.uai	uai	PR	uai	60	multi	no	264157
uai/PR/ObjectDetection_44.uai	uai	PR	uai	60	multi	no	238821
uai/PR/ObjectDetection_45.uai	uai	PR	uai	60	multi	no	417164
uai/PR/ObjectDetection_46.uai	uai	PR	uai	60	multi	no	121240
uai/PR/ObjectDetection_47.uai	uai	PR	uai	60	multi	no	132917
uai/PR/ObjectDetection_48.uai	uai	PR	uai	60	multi	no	262034
uai/PR/ObjectDetection_49.uai	uai	PR	uai	60	multi	no	237043
uai/PR/ObjectDetection_50.uai	uai	PR	uai	60	multi	no	413227
uai/PR/ObjectDetection_51.uai	uai	PR	uai	60	multi	no	120843
uai/PR/ObjectDetection_52.uai	uai	PR	uai	60	multi	no	132449
uai/PR/ObjectDetection_53.uai	uai	PR	uai	60	multi	no	260831
uai/PR/ObjectDetection_54.uai	uai	PR	uai	60	multi	no	130669
uai/PR/ObjectDetection_55.uai	uai	PR	uai	60	multi	no	256694
uai/PR/ObjectDetection_56.uai	uai	PR	uai	60	multi	no	232393
uai/PR/ObjectDetection_57.uai	uai	PR	uai	60	multi	no	404507
uai/PR/ObjectDetection_58.uai	uai	PR	uai	60	multi	no	132147
uai/PR/ObjectDetection_59.uai	uai	PR	uai	60	multi	no	260343
uai/PR/ObjectDetection_60.uai	uai	PR	uai	60	multi	no	410894
uai/PR/ObjectDetection_61.uai	uai	PR	uai	60	multi	no	120553
uai/PR/ObjectDetection_62.uai	uai	PR	uai	60	multi	no	131982
uai/PR/ObjectDetection_63.uai	uai	PR	uai	60	multi	no	260215
uai/PR/ObjectDetection_64.uai	uai	PR	uai	60	multi	no	235206
uai/PR/ObjectDetection_65.uai	uai	PR	uai	60	multi	no	410116
uai/PR/ObjectDetection_66.uai	uai	PR	uai	60	multi	no	131176
uai/PR/ObjectDetection_67.uai	uai	PR	uai	60	multi	no	257280
uai/PR/ObjectDetection_68.uai	uai	PR	uai	60	multi	no	232799
uai/PR/ObjectDetection_69.uai	uai	PR	uai	60	multi	no	405820
uai/PR/ObjectDetection_70.uai	uai	PR	uai	60	multi	no	122152
uai/PR/ObjectDetection_71.uai	uai	PR	uai	60	multi	no	133668
uai/PR/ObjectDetection_72.uai	uai	PR	uai	60	multi	no	264140
uai/PR/ObjectDetection_73.uai	uai	PR	uai	60	multi	no	416369
uai/PR/ObjectDetection_74.uai	uai	PR	uai	60	multi	no	119289
uai/PR/ObjectDetection_75.uai	uai	PR	uai	60	multi	no	130651
uai/PR/Pedigree_11.uai	uai	PR	uai	385	multi	no	16479
uai/PR/Pedigree_12.uai	uai	PR	uai	385	multi	no	19631
uai/PR/Pedigree_13.uai	uai	PR	uai	385	multi	no	19403
uai/PR/prob001.pddl.cnf.uai	uai	PR	uai	939	boolean	yes	79834
uai/PR/prob002.pddl.cnf.uai	uai	PR	uai	1337	boolean	yes	511196
uai/PR/prob003.pddl.cnf.uai	uai	PR	uai	1413	boolean	yes	607495
uai/PR/prob004.pddl.cnf.uai	uai	PR	uai	2303	boolean	yes	454030
uai/PR/prob005.pddl.cnf.uai	uai	PR	uai	2701	boolean	yes	648043
uai/PR/prob012.pddl.cnf.uai	uai	PR	uai	2324	boolean	yes	690475
uai/PR/Promedus_11.uai	uai	PR	uai	461	boolean	yes	51617
uai/PR/Promedus_12.uai	uai	PR	uai	534	boolean	yes	58751
uai/PR/Promedus_13.uai	uai	PR	uai	894	boolean	yes	94950
uai/PR/Promedus_14.uai	uai	PR	uai	414	boolean	yes	48170
uai/PR/Promedus_15.uai	uai	PR	uai	385	boolean	yes	41972
uai/PR/Promedus_16.uai	uai	PR	uai	715	boolean	yes	73788
uai/PR/Promedus_17.uai	uai	PR	uai	916	boolean	yes	96706
uai/PR/Promedus_18.uai	uai	PR	uai	374	boolean	yes	44038
uai/PR/Promedus_19.uai	uai	PR	uai	624	boolean	yes	68981
uai/PR/Promedus_20.uai	uai	PR	uai	546	boolean	yes	59856
uai/PR/Promedus_21.uai	uai	PR	uai	473	boolean	yes	51552
uai/PR/Promedus_22.uai	uai	PR	uai	400	boolean	yes	42043
uai/PR/Promedus_23.uai	uai	PR	uai	674	boolean	yes	71271
uai/PR/Promedus_24.uai	uai	PR	uai	200	boolean	yes	20145
uai/PR/Promedus_25.uai	uai	PR	uai	1005	boolean	yes	107442
uai/PR/Promedus_26.uai	uai	PR	uai	614	boolean	yes	61973
uai/PR/Promedus_27.uai	uai	PR	uai	410	boolean	yes	44547
uai/PR/Promedus_28.uai	uai	PR	uai	463	boolean	yes	49820
uai/PR/Promedus_29.uai	uai	PR	uai	434	boolean	yes	44082
uai/PR/Promedus_30.uai	uai	PR	uai	306	boolean	yes	31882
uai/PR/Promedus_31.uai	uai	PR	uai	466	boolean	yes	50863
uai/PR/Promedus_32.uai	uai	PR	uai	511	boolean	yes	52848
uai/PR/Promedus_33.uai	uai	PR	uai	378	boolean	yes	38267
uai/PR/Promedus_34.uai	uai	PR	uai	415	boolean	yes	45357
uai/PR/Promedus_35.uai	uai	PR	uai	467	boolean	yes	51017
uai/PR/Promedus_36.uai	uai	PR	uai	467	boolean	yes	51017
uai/PR/Promedus_37.uai	uai	PR	uai	1039	boolean	yes	109853
uai/PR/Promedus_38.uai	uai	PR	uai	668	boolean	yes	75768
uai/PR/ra.cnf.uai	uai	PR	uai	1236	boolean	yes	218596
uai/PR/rb.cnf.uai	uai	PR	uai	1854	boolean	yes	910866
uai/PR/rc.cnf.uai	uai	PR	uai	2472	boolean	yes	909946
uai/PR/relational_1.uai	uai	PR	uai	500	boolean	yes	3598518
uai/PR/relational_2.uai	uai	PR	uai	13000	boolean	yes	1902800
uai/PR/relational_3.uai	uai	PR	uai	1000	boolean	yes	270948
uai/PR/relational_4.uai	uai	PR	uai	10200	boolean	yes	1493110
uai/PR/relational_5.uai	uai	PR	uai	10000	boolean	yes	3277810
uai/PR/sat-grid-pbl-0010.cnf.uai	uai	PR	uai	110	boolean	yes	4460
uai/PR/Segmentation_11.uai	uai	PR	uai	228	boolean	yes	30117
uai/PR/Segmentation_12.uai	uai	PR	uai	229	boolean	yes	30281
uai/PR/Segmentation_13.uai	uai	PR	uai	235	boolean	yes	31491
uai/PR/Segmentation_14.uai	uai	PR	uai	226	boolean	yes	30123
uai/PR/Segmentation_15.uai	uai	PR	uai	232	boolean	yes	30749
uai/PR/Segmentation_16.uai	uai	PR	uai	231	boolean	yes	30793
